bitrix24_partner_number,title,site,phone,email,logo_url,detail_page_url,zone,scraped_at
27270,"Первый Бит",https://bit-24.ru/,"+7 (800) 551-85-10",orderweb@1cbit.ru,"https://www.1c-bitrix.ru/upload/iblock/c7b/tannidbp5w11x8554pb1hjc1mbnewkmx/Логотип пб.png",/partners/partner/27270/,ru,2026-06-23T15:04:18+00:00
1550629,АйТи-Солюшн,https://it-solution.ru,+78123328432,b24@it-solution.ru,https://www.1c-bitrix.ru/upload/iblock/3ee/vat5l9td6hjeq12vofjy3phflb0s5mrp/Логотип.png,/partners/partner/1550629/,ru,2026-06-23T15:04:21+00:00
524714,"Информатика и Сервис",https://infoservice.ru/,"+7 (812) 309-36-41",bitrix24@infoservice.ru,https://www.1c-bitrix.ru/upload/iblock/52c/infoservice_logo_sq135.png,/partners/partner/524714/,ru,2026-06-23T15:04:23+00:00
6914235,"АС Проект",https://acp-24.ru/,"+ 7 495 414-48-49",sales@acp-24.ru,"https://www.1c-bitrix.ru/upload/iblock/e55/vmgaapcygeixpbdh7touxh18kntr5ldt/лого цветоное ас проект для тильды.png",/partners/partner/6914235/,ru,2026-06-23T15:04:26+00:00
5681719,"Business Upgrade",https://www.bizupgrade.ru,"8-800-775-15-31, 8-383-362-26-26",info@bizupgrade.ru,"https://www.1c-bitrix.ru/upload/iblock/89d/g1nkqxtus8kygyejhou0oxfkovzje5xl/Лого в партнерку.jpg",/partners/partner/5681719/,ru,2026-06-23T15:04:28+00:00
7504633,WebMens,https://webmens.ru,"8 (861) 213-94-34, 8 (989) 261-70-61",start@webmens.ru,"https://www.1c-bitrix.ru/upload/iblock/78a/webmens logotype copy_non_back.PNG",/partners/partner/7504633/,ru,2026-06-23T15:04:30+00:00
6721359,Соль,https://saltpro.ru/~prt,"+ 7 (800) 350-85-56",partners24@saltpro.ru,"https://www.1c-bitrix.ru/upload/iblock/395/logos all web-11.jpg",/partners/partner/6721359/,ru,2026-06-23T15:04:33+00:00
6486671,"CRM Academy",https://crmacademy.ru/?utm_source=bitrix24&utm_medium=rating,88005518055,1@crmacademy.ru,https://www.1c-bitrix.ru/upload/iblock/4b9/dyrwlqk2fjhh6twsgv4eiaflrc6zzbrr/175х135.png,/partners/partner/6486671/,ru,2026-06-23T15:04:35+00:00
6142615,ИТ-НИКА,http://www.it-nika.ru/,+79277439491,info@it-nika.ru,"https://www.1c-bitrix.ru/upload/iblock/ce5/j9w3lt73c7fla3zw4pm62ypzmmjsfqez/Логотип (новый).png",/partners/partner/6142615/,ru,2026-06-23T15:04:38+00:00
5857517,"INVO Group",https://invo.group,"+7981 300-92-61",corp@invo.group,"https://www.1c-bitrix.ru/upload/iblock/d1d/Ресурс 3.png",/partners/partner/5857517/,ru,2026-06-23T15:04:40+00:00
321190,Автоматизаторы,https://avtomatizatory.ru/vnedrenie-bitriks24-za-10-shagov/?utm_source=partners,"+7 (863) 309-0825, +7 (499) 350-3135",info@avtomatizatory.ru,https://www.1c-bitrix.ru/upload/iblock/3b9/oooo.plus_341.png,/partners/partner/321190/,ru,2026-06-23T15:04:42+00:00
9217859,"KISELEV GROUP",https://kiselevgroup.com,"8 343 247-33-41",info@kiselevgroup.com,https://www.1c-bitrix.ru/upload/iblock/63b/p3d99auk1bmdqu5v37jdt3nns24b93jn/KG_logo_175.png,/partners/partner/9217859/,ru,2026-06-23T15:04:45+00:00
1235692,ПУСК,https://i-pusk.ru/,"+7 495 677-94-18",zakaz+b24@i-pusk.ru,https://www.1c-bitrix.ru/upload/iblock/caf/3iubrn2u9meqklng2j40horgmr3egaa0/7amcfle32c09yno5yuwjzfk5p6o16рпdln.png,/partners/partner/1235692/,ru,2026-06-23T15:04:49+00:00
293065,informUnity,https://informunity.ru,"+7 (495) 777-41-91",bitrix@informunity.ru,"https://www.1c-bitrix.ru/upload/iblock/5ee/xfcq8ghfoc3aqfrhosoml9b3z2pp20j3/logo eng short color.png",/partners/partner/293065/,ru,2026-06-23T15:04:52+00:00
29541,ITConstruct,https://itconstruct.ru,"8 800 550-87-54",office@itconstruct.ru,https://www.1c-bitrix.ru/upload/iblock/2a6/4x3xw1ef9uzxsjwxsn8p5o7blkqbh06u/logo_itc_green-black.png,/partners/partner/29541/,ru,2026-06-23T15:04:54+00:00
635428,PINALL,https://www.pinall.ru,"+7 (495) 230-27-72",order@pinall.ru,"https://www.1c-bitrix.ru/upload/iblock/7c5/hfnlwzxo2fpbxabbu20br7j0qvoketwk/logo (1) (1).png",/partners/partner/635428/,ru,2026-06-23T15:04:56+00:00
102693,IPG,https://ipg.digital,8-800-100-29-04,b24@ipgpromo.ru,"https://www.1c-bitrix.ru/upload/iblock/d9e/n7ekkvz7rxln1kkhieplkrbkm6y41gc9/Color_on white (1).png",/partners/partner/102693/,ru,2026-06-23T15:04:59+00:00
6130463,Integrator.Digital,https://integrator.digital,"+7 (812) 209-27-97",sales@integrator.digital,https://www.1c-bitrix.ru/upload/iblock/f54/logo07-51.jpg,/partners/partner/6130463/,ru,2026-06-23T15:05:01+00:00
211275,"КИТ МЕДИА",https://services.kit-media.com/,"8 800 775-69-12",yaroslavna@kit-media.com,"https://www.1c-bitrix.ru/upload/iblock/edc/f_02456d54150b11fa (1).png",/partners/partner/211275/,ru,2026-06-23T15:05:03+00:00
1036351,"Бизнес Системы",https://БизнесСистемы.рф,+7-391-288-73-30,hello@business-systemy.ru,"https://www.1c-bitrix.ru/upload/iblock/9ff/kp1rzxxs5bvxt428hcwhnjg3xyzm7znw/Лого 512 512 (4).png",/partners/partner/1036351/,ru,2026-06-23T15:05:06+00:00
10569540,"Петрик Групп",https://petrik.group,+78001002084,sales@salesdevelopment.ru,https://www.1c-bitrix.ru/upload/iblock/f99/Логотип.png,/partners/partner/10569540/,ru,2026-06-23T15:05:08+00:00
9471955,"Smart Business",https://smartbusinessclub.ru/,+78633226747,sales@smartbusinessclub.ru,https://www.1c-bitrix.ru/upload/iblock/0f2/лого-б24-2.png,/partners/partner/9471955/,ru,2026-06-23T15:05:11+00:00
7417847,Инфо,https://ofni24.ru,"+7 499 113-07-15",bitrix@ofni24.ru,https://www.1c-bitrix.ru/upload/iblock/7f3/ao2voqwea51zqkcibobeeygdqd7o1qy6/INFO_LOGO.png,/partners/partner/7417847/,ru,2026-06-23T15:05:13+00:00
150475,INTERVOLGA,https://intervolga.ru,"+7 (8442) 95 99 99",sale@intervolga.ru,"https://www.1c-bitrix.ru/upload/iblock/538/Artboard – 4.png",/partners/partner/150475/,ru,2026-06-23T15:05:15+00:00
1034710,Stockwell,https://3093609.ru,+7(812)309-36-09,info@3093609.ru,https://www.1c-bitrix.ru/upload/iblock/680/Stockwell_logo_640x480.png,/partners/partner/1034710/,ru,2026-06-23T15:05:20+00:00
8762509,"Wolf Consult",https://wolf-consult.ru,+79994448285,info@wolf-consult.ru,"https://www.1c-bitrix.ru/upload/iblock/7f7/i6u42hobqdts1nkcvdo9e0gb8evfn8zs/image 175 x 134.png",/partners/partner/8762509/,ru,2026-06-23T15:05:22+00:00
1116106,Логика25,http://logika25.ru/,"8 (423) 200-12-33",mng@logika25.ru,"https://www.1c-bitrix.ru/upload/iblock/7e4/новое лого2.jpg",/partners/partner/1116106/,ru,2026-06-23T15:05:25+00:00
1107336,PinscherCRM,https://pinschercrm.ru/uslugi/vnedrenie-bitriks24/,88002502512,info@pinschercrm.ru,https://www.1c-bitrix.ru/upload/iblock/663/пинчер.png,/partners/partner/1107336/,ru,2026-06-23T15:05:27+00:00
10694608,"Lead Space",https://lead-space.ru,"+7 939 111-20-43",info@lead-space.ru,"https://www.1c-bitrix.ru/upload/iblock/b70/kd8cfm01b87e0q9ziow2emi9n5md1aog/Frame 19779.png",/partners/partner/10694608/,ru,2026-06-23T15:05:29+00:00
536373,Overplan,https://overplan.ru,"8 (800) 707-40-43",hello@overplan.ru,https://www.1c-bitrix.ru/upload/iblock/063/ayw8m1w0vtb9n97y63x48sq10o974idl/overplan_logo.png,/partners/partner/536373/,ru,2026-06-23T15:05:32+00:00
7428275,BIZZUP,https://bizzup.ru/?utm_source=b24,"+7 (495) 104-71-62",spv@bizzup.ru,"https://www.1c-bitrix.ru/upload/iblock/c8a/f5pbamyh2dnnkwg87nml4432i7g80o0y/Дизайн без названия(12).png",/partners/partner/7428275/,ru,2026-06-23T15:05:34+00:00
1952685,7843,https://7843.ru/,+7(843)2332424,info@7843.ru,https://www.1c-bitrix.ru/upload/iblock/a6e/7843_logo7843.gif,/partners/partner/1952685/,ru,2026-06-23T15:05:36+00:00
11349994,"Дмитрий Кожевников",https://dsk.bitrix24.site,"+7 (861) 213-21-13",d.s.kozhevnikov@yandex.ru,"https://www.1c-bitrix.ru/upload/iblock/9b4/x5pn68eo5kyu3ujba5ayrqug8xg76fo2/Логотип ВХОД мини.png",/partners/partner/11349994/,ru,2026-06-23T15:05:39+00:00
1154960,"КОРУС Консалтинг",https://korusconsulting.ru,"+7 (495) 230-02-24",bitrix24@korusconsulting.ru,"https://www.1c-bitrix.ru/upload/iblock/984/jdmyy6f2cyfy9lmt6fl3ivj5032su1x2/korus_logo_rus (3).png",/partners/partner/1154960/,ru,2026-06-23T15:05:41+00:00
14150844,"ИП Шурыгин Алексей Сергеевич",https://web-wolf.net,+79002358813,dev@web-wolf.net,https://www.1c-bitrix.ru/upload/iblock/f2e/nky4g3g0chqlakprpmhfu5afd6lzpxu4/logo-small.png,/partners/partner/14150844/,ru,2026-06-23T15:05:44+00:00
15604,БизнесПрофи,https://bizprofi.ru/,"+7 (861) 290-60-90",bp@bizprofi.ru,"https://www.1c-bitrix.ru/upload/iblock/dc1/o348e5om7lcxzr1ngul5u12soizva8li/БизнесПрофи новый знак.png",/partners/partner/15604/,ru,2026-06-23T15:05:46+00:00
7430125,B-FORCE,http://b-force.site/?utm_source=btrx,+74954141489,info@b-force.site,"https://www.1c-bitrix.ru/upload/iblock/987/BForce Logo G1cb копия.jpg",/partners/partner/7430125/,ru,2026-06-23T15:05:51+00:00
11651634,SotisGroup,https://sotis-group.bitrix24.site/,"+7 999 698 68 63",bitrix24@sotisgroup.ru,"https://www.1c-bitrix.ru/upload/iblock/a43/2d04oj5s3ha5u60epmhdtooyhzujqjbv/LOGO-SW-dark-for-batrix24 (1).png",/partners/partner/11651634/,ru,2026-06-23T15:05:53+00:00
4402843,"Бот в помощь",https://bot24.su/,+79185022637,mail@bot24.ru,https://www.1c-bitrix.ru/upload/iblock/2d8/smbxdva45wdlmkaqhrvsbex0v2o9rkah/Лого_горизонт.png,/partners/partner/4402843/,ru,2026-06-23T15:05:55+00:00
10650,"Консалт инфо",https://www.consult-info.ru,+7(4012)920-838,sales@consult-info.ru,https://www.1c-bitrix.ru/upload/iblock/4ab/h20zdgrhduumub4nbjl2ef2nc7iia2u7/ci_logo_175x135.jpg,/partners/partner/10650/,ru,2026-06-23T15:05:58+00:00
4908151,"Бизнес Интегратор",https://bintegrator.ru,+78432023332,info@bintegrator.ru,https://www.1c-bitrix.ru/upload/iblock/aaf/biznes1.png,/partners/partner/4908151/,ru,2026-06-23T15:06:00+00:00
8908551,"БИТЕКС ЛАБ",https://bitex-lab.ru,"8 (812) 604 3434",info@bitex-lab.ru,"https://www.1c-bitrix.ru/upload/iblock/cfb/w3gzyog2wc5ab1fp73d8znayfx8bvex5/bitexlab 1.png",/partners/partner/8908551/,ru,2026-06-23T15:06:02+00:00
20114818,БоевЛаб,https://boevlab.com/,"+7 (999) 418 08-08",info@boevlab.com,https://www.1c-bitrix.ru/upload/iblock/869/ceee9t26xtb0uvurbegg9lr96zo6801f/handled_БоевЛаб2_1080_1920_80.jpg,/partners/partner/20114818/,ru,2026-06-23T15:06:04+00:00
1420148,Webest,https://webest.ru/,+78202742290,info@webest.ru,"https://www.1c-bitrix.ru/upload/iblock/ac5/8tvacggxu0uhhgr5jswxas338dt7kffn/wb kvadrat.png",/partners/partner/1420148/,ru,2026-06-23T15:06:07+00:00
133968,СофтБаланс,https://databalance.ru/,"+7 (812) 635-20-55",sb-web@softbalance.ru,"https://www.1c-bitrix.ru/upload/iblock/8d7/s40f1jf10gk4exh39wpz2ceooxig01b9/Logo SoftBalance_vertical.png",/partners/partner/133968/,ru,2026-06-23T15:06:09+00:00
15609,Инсайд,http://www.inside.ru,"Москва: +7 (495) 542-88-08 / Санкт-Петербург: +7 (812) 941-46-46",info@inside.ru,https://www.1c-bitrix.ru/upload/iblock/677/inside_logo_300.png,/partners/partner/15609/,ru,2026-06-23T15:06:11+00:00
13225354,"Деловые системы",https://delsis.online/?utm_source=bt24,"+7 (938) 557-87-87",zakaz@delsis.ru,"https://www.1c-bitrix.ru/upload/iblock/864/1oez2c3mzs610nojgwbev409h4wh9xos/Лого — копия.png",/partners/partner/13225354/,ru,2026-06-23T15:06:14+00:00
21255476,"Лис Медиа",https://lis-media.ru,+79045277568,info@lis-media.ru,https://www.1c-bitrix.ru/upload/iblock/c7c/lk47hg8uj2uoy9zyjuzcw3lfbv916mst/Лого2-02.png,/partners/partner/21255476/,ru,2026-06-23T15:06:16+00:00
10406158,"Колибри Айти",https://colibrit.ru,+79994446034,info@colibrit.ru,"https://www.1c-bitrix.ru/upload/iblock/641/w4ea6qmvv7pfrycnbdo2y8v2q72a1u4n/kolibri-logo-dark-transparent (1).png",/partners/partner/10406158/,ru,2026-06-23T15:06:21+00:00
2954921,"Hotel Plus",http://hotelplus.online/,+79014685005,info@hotelplus.online,"https://www.1c-bitrix.ru/upload/iblock/1c9/koko0a5kg5klpj8khhwc97lqwnkzwd3a/Лого квадрат.png",/partners/partner/2954921/,ru,2026-06-23T15:06:23+00:00
114091,Вебсофт,https://websoft70.ru,"+7 (3822) 609-718",info@websoft70.ru,https://www.1c-bitrix.ru/upload/iblock/60b/Лого.png,/partners/partner/114091/,ru,2026-06-23T15:06:25+00:00
5610577,"Тюнинг Бизнеса",https://biztune.pro,"+7 (906) 233-80-04",alex@biztune.pro,https://www.1c-bitrix.ru/upload/iblock/b54/ТБ.png,/partners/partner/5610577/,ru,2026-06-23T15:06:27+00:00
4844353,SellUs,https://sellus.pro,"8 (800) 550-44-95, +7 (902) 247-73-55",mail@sell-us.ru,https://www.1c-bitrix.ru/upload/iblock/cb1/10k6cbzlq71q8cd008mzxsafk4gg0q9r/SellUs_Logo_Color_Hor.png,/partners/partner/4844353/,ru,2026-06-23T15:06:30+00:00
319453,"Фри Системс",https://www.free-sys.ru,"+7 (499) 938-44-90",info@free-sys.ru,https://www.1c-bitrix.ru/upload/iblock/736/lk_avatar.png,/partners/partner/319453/,ru,2026-06-23T15:06:32+00:00
12789386,GOLOVOLOMKA,https://golovolomka.pro,"+7 (4932) 77-35-30",info@golovolomka.pro,"https://www.1c-bitrix.ru/upload/iblock/668/pvag0k7nchripqj5ukdfo893cdtk2199/Golovolomka горизонт logo копия.png",/partners/partner/12789386/,ru,2026-06-23T15:06:34+00:00
15262128,Битконсалт,https://bitconsult24.ru,89950362424,info@bitconsult24.ru,"https://www.1c-bitrix.ru/upload/iblock/d9e/1bsqu28zea9tqfj5cqa2pymjxoj9n1xd/file_0000000077c87246af7de1622fc586c4 (1).jpg",/partners/partner/15262128/,ru,2026-06-23T15:06:37+00:00
13483892,"3D GROUP",https://3d-group.space,"+7 967 555 34 44",info@3d-group.space,"https://www.1c-bitrix.ru/upload/iblock/cf9/32hn4hodu6jvmgiw5zt3v2a0r0jwvhi7/лого_вертик_черный с тенями.png",/partners/partner/13483892/,ru,2026-06-23T15:06:39+00:00
1092905,КОСАС,https://kosas.ru,"+7(812) 424-32-77",info@kosas.ru,"https://www.1c-bitrix.ru/upload/iblock/bca/logo (300x300).png",/partners/partner/1092905/,ru,2026-06-23T15:06:41+00:00
8301377,CloudWay,https://clway.ru,+79022403100,info@clway.ru,https://www.1c-bitrix.ru/upload/iblock/7cd/05331o88tb47zoxs66cxmfysc4kz9m3d/Ava_icon-15.png,/partners/partner/8301377/,ru,2026-06-23T15:06:43+00:00
17603770,"Бизнес Этика",https://biz-etika.ru/,,welcome@biz-etika.ru,"https://www.1c-bitrix.ru/upload/iblock/854/4n674sr9wpipgapi36gjomwi1ys39nrv/Лого черно-белое для Б24.png",/partners/partner/17603770/,ru,2026-06-23T15:06:46+00:00
10599110,"21 Век",https://21vek.it/,"+7 (3852) 57-10-21",sales@21vek.it,"https://www.1c-bitrix.ru/upload/iblock/cee/fw2ffouxv4gzr532n49ry48f32tnbbsh/шапка в ворд.png",/partners/partner/10599110/,ru,2026-06-23T15:06:50+00:00
264980,Айтекс,https://itex.ru,"+7 (343) 222-17-20",mail@itex.ru,"https://www.1c-bitrix.ru/upload/iblock/3e2/Айтекс-лого (1).png",/partners/partner/264980/,ru,2026-06-23T15:06:53+00:00
11291994,ORGbit,https://orgbit.ru,"+7 499 577-02-26",sales@orgbit.ru,"https://www.1c-bitrix.ru/upload/iblock/31f/0na44d1c0klxa91bqzptlapfmcuyyogj/Frame 1.jpg",/partners/partner/11291994/,ru,2026-06-23T15:06:55+00:00
16950014,"Topalov Group",https://intocrm.ru,89625104914,TopalovGroup@yandex.ru,https://www.1c-bitrix.ru/upload/iblock/dcc/986xww7tdkd4j020xel7x96k09jpq20g/1323344334.jpg,/partners/partner/16950014/,ru,2026-06-23T15:06:57+00:00
7395031,"Off Group",https://off-group.com/,"+7 (812) 467-35-15",hello@off-group.com,"https://www.1c-bitrix.ru/upload/iblock/4b2/0pxn24cy90jnvtry6znw8i10fbuhd5ui/Logo_WB (2).png",/partners/partner/7395031/,ru,2026-06-23T15:06:59+00:00
1675893,GARNET,https://garnet-lab.ru,"+7 (495) 414-18-36",info@garnet-lab.ru,https://www.1c-bitrix.ru/upload/iblock/835/97a/logo.jpg,/partners/partner/1675893/,ru,2026-06-23T15:07:02+00:00
10408114,"Мир автоматизации",https://miravtomatizacii.ru/,+79061479946,info@miravtomatizacii.ru,"https://www.1c-bitrix.ru/upload/iblock/cf6/uy4pamag13h4flphgld8a8pj6qfhs2s6/Лого new Мир Автоматизации black.png",/partners/partner/10408114/,ru,2026-06-23T15:07:04+00:00
69904,Цитрус,https://www.citrus-soft.ru,"+7 836 238-10-80",info@citrus-soft.ru,"https://www.1c-bitrix.ru/upload/iblock/491/лого-3 (1)0.jpg",/partners/partner/69904/,ru,2026-06-23T15:07:06+00:00
11941843,"Vitamin C",https://vitamine-c.ru/,"+7 499 938-40-20",info@vitamine-c.ru,https://www.1c-bitrix.ru/upload/iblock/9f0/xcd3l9133d4lkhuvqt0jcjg2qx6g28ng/лого.png,/partners/partner/11941843/,ru,2026-06-23T15:07:09+00:00
14545760,Бирюза,https://kilyazov.bitrix24site.ru/,89315957683,doc@brza.ru,"https://www.1c-bitrix.ru/upload/iblock/305/fbsgl84hq7pyc263cbabqerlfrrb7q8x/Бирюза логотип.png",/partners/partner/14545760/,ru,2026-06-23T15:07:11+00:00
11491240,"Учет Просто",https://УчетПросто.рф,,licas@mail.ru,"https://www.1c-bitrix.ru/upload/iblock/017/Логотип для Битрикс 24.jpeg",/partners/partner/11491240/,ru,2026-06-23T15:07:13+00:00
8439795,ITeam,https://iteam24.ru,"+7 (963) 795-07-77",main@iteam24.ru,https://www.1c-bitrix.ru/upload/iblock/3b9/j5o86n1bbr5rv00lo79ioqdv1pp02115/iteam-logo.jpg,/partners/partner/8439795/,ru,2026-06-23T15:07:16+00:00
8397875,"Бизнес механизмы",https://bm-24.ru,+7(965)930-94-48,sales@bm-24.ru,"https://www.1c-bitrix.ru/upload/iblock/239/261v0h09zxat14r8up4zgz6fzd0odzh3/Лого БМ основная версия.png",/partners/partner/8397875/,ru,2026-06-23T15:07:20+00:00
14249074,MyWorkPlace,https://myworkplace.bitrix24site.ru/,+79055901764,info@myworkplace-b24.ru,"https://www.1c-bitrix.ru/upload/iblock/5b8/q8m9z5npjhyo7xlbjmwegk72vb863ppv/Лого с тенью.png",/partners/partner/14249074/,ru,2026-06-23T15:07:22+00:00
18032734,DVL-Group,https://b24-dvlgroup.ru/,"8 812 240-89-95",info@dvl-inc.ru,https://www.1c-bitrix.ru/upload/iblock/0ed/skqrzcmzz381s3uwh1wqvp333r0jqbkl/DVL_Group_logo_175x135.png,/partners/partner/18032734/,ru,2026-06-23T15:07:25+00:00
9116327,Про-Конверсия,https://www.pro-conversion.ru,+74994033949,support@pro-conversion.ru,"https://www.1c-bitrix.ru/upload/iblock/aaf/yro130tx53ntp22huq8bbsk0y18gsuui/2026-02-26_09-02-42 — копия.png",/partners/partner/9116327/,ru,2026-06-23T15:07:27+00:00
1061157,RASA,https://rasa.pro,"+7 (4212) 400-408",info@rasa.pro,https://www.1c-bitrix.ru/upload/iblock/4fb/02.png,/partners/partner/1061157/,ru,2026-06-23T15:07:29+00:00
8925327,"DNK CRM",https://dnkcrm.online/,+79643901733,info@dnkcrm.online,"https://www.1c-bitrix.ru/upload/iblock/da1/fehv7n0l38le9tyhy741f9oy45x8gzqn/Логотип ДНК ЦРМ2.jpeg",/partners/partner/8925327/,ru,2026-06-23T15:07:32+00:00
15325266,АЙКОТСС,http://icotss.pro,+73432890469,commerce@icotss.ru,"https://www.1c-bitrix.ru/upload/iblock/3a2/laa1lknq1967pz73pdghg7gijtz1h8mp/full logo svg (4) 7.png",/partners/partner/15325266/,ru,2026-06-23T15:07:34+00:00
7692385,"Ту Би Софт",https://tobesoft.ru/,"+7 (978) 717-00-40",crm24@tobesoft.ru,https://www.1c-bitrix.ru/upload/iblock/301/wrg2f0mj62xn1pvzytnn19134i3wvu6z/ToBeSoft_175_Avatar.png,/partners/partner/7692385/,ru,2026-06-23T15:07:36+00:00
10607010,PLS,https://pl-studio.ru/,"+7 931 521 6606",info@pl-studio.ru,"https://www.1c-bitrix.ru/upload/iblock/3e9/q045k0zs7vv3bcwv0db8u05zp65mz6b5/Лого копия.png",/partners/partner/10607010/,ru,2026-06-23T15:07:39+00:00
17696134,FADEA,https://fadea.ru/,"+7 969 966-92-02",FADEAINFO@yandex.ru,https://www.1c-bitrix.ru/upload/iblock/7e6/utevgjez6pxbzn6wigxjc6rh5497f240/Б24.png,/partners/partner/17696134/,ru,2026-06-23T15:07:42+00:00
8000899,GitPro,https://gitpro.ru/,+79196988877,info@gitpro.ru,https://www.1c-bitrix.ru/upload/iblock/f9f/Logo3_3.png,/partners/partner/8000899/,ru,2026-06-23T15:07:44+00:00
14099360,"Light data",https://lightdata.ru/,84996772167,info@lightdata.ru,"https://www.1c-bitrix.ru/upload/iblock/12a/bvboyj8az2cmyfkin8ebcqub1i1eicv4/Логотип лайт дата 175х135.png",/partners/partner/14099360/,ru,2026-06-23T15:07:46+00:00
10810192,"BIT POWER",https://bit-power.ru/,+79064422834,sk@bit-power.ru,https://www.1c-bitrix.ru/upload/iblock/df1/d0z1m8qwchvh37nkqx5jb75a69zmpm0s/imgonline-com-ua-Resize-YcIpt8JMiigwFR.jpg,/partners/partner/10810192/,ru,2026-06-23T15:07:51+00:00
7340401,"Alister CRM",https://alistercrm.ru,"8 800 301 54 55",help@alistercrm.ru,"https://www.1c-bitrix.ru/upload/iblock/c18/yqslo2mne7d976bamkcggfbns803wqeg/Alister CRM.png",/partners/partner/7340401/,ru,2026-06-23T15:07:54+00:00
11435356,Импульс24,https://impuls-24.bitrix24site.ru,+7(969)777-41-61,e.ivanov@impuls-24.ru,https://www.1c-bitrix.ru/upload/iblock/ba9/f1ov4mertv7yu3qlx844wo7ot8cprv5m/Impuls24-1.png,/partners/partner/11435356/,ru,2026-06-23T15:07:57+00:00
9257745,OneWeb,https://it.oneweb.pro/,+78652992350,info@oneweb.pro,"https://www.1c-bitrix.ru/upload/iblock/19b/logo (1).png",/partners/partner/9257745/,ru,2026-06-23T15:08:00+00:00
365335,Вебформат,https://www.webformat.ru,"+7 (800) 550-16-29",mail@webformat.ru,https://www.1c-bitrix.ru/upload/iblock/a9c/logowf2.png,/partners/partner/365335/,ru,2026-06-23T15:08:02+00:00
1226072,МартинСофт,https://Martin-Soft.ru,8-800-1000-637,info@martin-soft.ru,"https://www.1c-bitrix.ru/upload/iblock/62e/6rgk61dkstbns70821m4kdrd35zg2a5u/Лого МартинСофт.png",/partners/partner/1226072/,ru,2026-06-23T15:08:04+00:00
5477771,"One Click",https://saoneclick.ru/,"+7 (922) 886-98-33",info@saoneclick.ru,"https://www.1c-bitrix.ru/upload/iblock/7c9/пнг 125 на 60.png",/partners/partner/5477771/,ru,2026-06-23T15:08:07+00:00
4972327,Linkage,https://linkagecrm.ru/bitrix24,89276144133,info@linkagecrm.ru,"https://www.1c-bitrix.ru/upload/iblock/aba/3g6srvb2nisttiijidoldoxcetyz5xw1/Logo Linkage color (1) — копия.jpg",/partners/partner/4972327/,ru,2026-06-23T15:08:09+00:00
212563,VediTa,https://www.vedita.ru,"+7 (495) 215-51-36",info@vedita.ru,https://www.1c-bitrix.ru/upload/iblock/02c/43e/logo.png,/partners/partner/212563/,ru,2026-06-23T15:08:12+00:00
1864993,Профит,https://www.ntc-profit.ru,"(3852) 222-500",b24sale@ntc-profit.ru,"https://www.1c-bitrix.ru/upload/iblock/f98/z7mk73hz9fmf5w10kq3kuau3n2mmj3id/черный лого без фона с текстом.png",/partners/partner/1864993/,ru,2026-06-23T15:08:14+00:00
209366,ОптимизациЯ,https://o-pt.ru/,"+7 (831) 235-03-46",sup@o-pt.ru,"https://www.1c-bitrix.ru/upload/iblock/b02/unesnhh3fzrxh7jhp54tfkv6gwil3osl/ЛОГОТИП ИКОНКА.png",/partners/partner/209366/,ru,2026-06-23T15:08:16+00:00
10000635,BitRun,https://bitrix.bitrun.ru/,"+7 (495) 414-25-66",info@bitrun.ru,https://www.1c-bitrix.ru/upload/iblock/ac1/203kbcpv1j63r54f40tgmw5xrptj7ibo/Screenshot_1.png,/partners/partner/10000635/,ru,2026-06-23T15:08:19+00:00
6722051,Интеринк,https://interinc.ru,"+7 (800) 505-21-62",info@interring.ru,https://www.1c-bitrix.ru/upload/iblock/e42/1v9fnwps8b6ima43pxsgj7is7pgb3asx/interinc_logo.png,/partners/partner/6722051/,ru,2026-06-23T15:08:24+00:00
13841926,"Антарес Системс",https://antaressistems.ru/,"+7 (918) 196-81-90",info@antaressistems.ru,"https://www.1c-bitrix.ru/upload/iblock/9a9/bxok4q7yd718e5n8ia4acq7yj04agziw/16 (1).png",/partners/partner/13841926/,ru,2026-06-23T15:08:26+00:00
6860675,"Оптим Про",https://b24.pro/,+7(495)7242010,optim@b24.pro,https://www.1c-bitrix.ru/upload/iblock/6c0/746kizyqhx0fgko11siq9zppr5eozjs0/logo_b1.png,/partners/partner/6860675/,ru,2026-06-23T15:08:28+00:00
15262980,Бизнес-Движ,https://business-dvizh.ru,"+7 967 211-81-44",support@business-dvizh.ru,"https://www.1c-bitrix.ru/upload/iblock/e61/0wthdpjfudskzq553xce8m074wsnjunx/лого б24.png",/partners/partner/15262980/,ru,2026-06-23T15:08:31+00:00
15492978,"Тикейби IT",https://tkeyb.com/,+74999384108,info@tkeyb.com,"https://www.1c-bitrix.ru/upload/iblock/4c2/8oo6qxiyyzbpoyxikvuf0hn112x4a89a/Frame 346 (2).png",/partners/partner/15492978/,ru,2026-06-23T15:08:33+00:00
288874,"5 УГЛОВ",https://5corners.ru/,"+7 (495) 215 5291",info@5corners.ru,"https://www.1c-bitrix.ru/upload/iblock/bff/oia3knbaa94pwbx3qpax5nimwdtq6io7/5 УГЛОВ logo.png",/partners/partner/288874/,ru,2026-06-23T15:08:36+00:00
38625,Форус,https://www.forus.ru/,"+7 (3952) 199-200",integrator24@forus.ru,https://www.1c-bitrix.ru/upload/iblock/552/logo_title.png,/partners/partner/38625/,ru,2026-06-23T15:08:38+00:00
18082910,UniProject,https://uniproject.top,88125076535,info@uniproject.top,https://www.1c-bitrix.ru/upload/iblock/973/de4llzh0mpuoi8m2ei2a0zoq78owyhj9/LogoMini512.PNG,/partners/partner/18082910/,ru,2026-06-23T15:08:41+00:00
7603663,"Smart Бизнес",https://smartbiznes.org,89581009458,manager@smartbiznes.org,"https://www.1c-bitrix.ru/upload/iblock/bb8/4cbfqnolw9smv345uxfppzb263m97gi1/SB_LOGOTYP (1).png",/partners/partner/7603663/,ru,2026-06-23T15:08:43+00:00
224821,"Системы Управления и Автоматизации Бизнеса",https://su-ab.com/,"+7 991 898 777 9",sale@gsuab.com,"https://www.1c-bitrix.ru/upload/iblock/261/jrt34sae9jxp8076ewnx4wu2nvr0u6gy/suab logo 2026 прозрачный фон ИСХОДНИК (2).png",/partners/partner/224821/,ru,2026-06-23T15:08:46+00:00
9461487,"CRM plus",https://crmplus.ru/,"+7 345 269-13-00",hello@crmplus.ru,https://www.1c-bitrix.ru/upload/iblock/1f3/9i9slyrp838ozv3ts85lbkmvu64hb4q4/ЦРМ_Синий.png,/partners/partner/9461487/,ru,2026-06-23T15:08:48+00:00
15098978,ArtSolution24,https://artsolution24.ru,+79052897492,zs@artsolution24.ru,"https://www.1c-bitrix.ru/upload/iblock/7be/9wy5bgdvmy0e7zwrmx35gxaowz5uvmf3/Artsol24 значек.png",/partners/partner/15098978/,ru,2026-06-23T15:08:51+00:00
7252355,Shveikin,https://shveikin.com/,+79111896000,yurii@shveikin.com,https://www.1c-bitrix.ru/upload/iblock/95e/logo2020_mini.png,/partners/partner/7252355/,ru,2026-06-23T15:08:56+00:00
524507,"Дмитрий Осецкий и Партнеры",http://www.osetskiy.ru,"+7 (910) 706-50-96",dmitriy@osetskiy.ru,https://www.1c-bitrix.ru/upload/iblock/7f9/DO.png,/partners/partner/524507/,ru,2026-06-23T15:08:58+00:00
5942047,Факториум,https://faktorium.ru,+7(960)455-62-95,info@faktorium.ru,"https://www.1c-bitrix.ru/upload/iblock/760/WhatsApp Image 2019-07-22 at 10.46.14.jpeg",/partners/partner/5942047/,ru,2026-06-23T15:09:01+00:00
271555,"Умные решения",https://gk-ur.ru,"+7 (843) 210-26-05",support@gk-ur.ru,"https://www.1c-bitrix.ru/upload/iblock/385/d3g11ptg2pkogkb3scn9yiba7iud1nea/Умные решения.png",/partners/partner/271555/,ru,2026-06-23T15:09:03+00:00
11192604,"MEDIA WORKS",https://mworks.ru,"8 (800) 533-75-69",top@mworx.ru,https://www.1c-bitrix.ru/upload/iblock/dde/9q5tqxxsdivc6ywpv3ta26n3achq2cjs/mw_logo_square_transparent3.png,/partners/partner/11192604/,ru,2026-06-23T15:09:06+00:00
15895990,СпецСистема,https://systemcrm.ru,+7(912)825-90-92,nl@systemcrm.ru,https://www.1c-bitrix.ru/upload/iblock/f6f/1mc70lryo5bappo38mwn67fw1vamlhwf/1_mini.jpg,/partners/partner/15895990/,ru,2026-06-23T15:09:09+00:00
356540,CSN,https://csn.ru,"+7 (495) 108-65-48",info@csn.ru,https://www.1c-bitrix.ru/upload/iblock/f9a/csn.jpg,/partners/partner/356540/,ru,2026-06-23T15:09:13+00:00
18632352,Алгоритм,https://business-algorithm.ru/,"+7(905) 194-25-24",business-algorithm@yandex.ru,https://www.1c-bitrix.ru/upload/iblock/191/7c62duph1sz7d4h097fu4tmx359lte3m/алгоритм_лого.jpg,/partners/partner/18632352/,ru,2026-06-23T15:09:15+00:00
11289078,SaleCase,https://salecase.ru,"+7843 204-29-49",admin@salecase.ru,https://www.1c-bitrix.ru/upload/iblock/7df/165_59_SALE_2_1x.png,/partners/partner/11289078/,ru,2026-06-23T15:09:18+00:00
12152696,Atira,https://atira.ru,"7 812 467-38-92",info@atira.ru,https://www.1c-bitrix.ru/upload/iblock/87d/atira-partner-logo-1c-bitrix.png,/partners/partner/12152696/,ru,2026-06-23T15:09:21+00:00
12698446,Всё!Продано!,https://vseprodano.com/,+79229029403,info@itarh.ru,"https://www.1c-bitrix.ru/upload/iblock/07c/51ic9yhyb8de18h9qfh4tvr0hggtaryr/result_Снимок экрана 2025-12-16 в 07.46.58.jpg",/partners/partner/12698446/,ru,2026-06-23T15:09:23+00:00
9964987,"Sirida Group",https://sirida-group.ru,+78126027484,info@sirida-group.ru,https://www.1c-bitrix.ru/upload/iblock/a5e/ytncfvat8f4w1g7ml8y5l91jmtoeew34/imgonline-com-ua-Resize-fD9kXp5Mfo.jpg,/partners/partner/9964987/,ru,2026-06-23T15:09:25+00:00
13549582,"Цифровой поток",https://www.diflight.ru,+79604502402,info@diflight.ru,"https://www.1c-bitrix.ru/upload/iblock/c8c/4xmgmjbgnyrzlekhevrxgyc2cuj5dn0k/Дизайн без названия (13).png",/partners/partner/13549582/,ru,2026-06-23T15:09:30+00:00
11031068,MOROZOV.TECH,https://morozov.tech,+74951282884,info@morozov.tech,"https://www.1c-bitrix.ru/upload/iblock/3d6/a07in0ecunslh82mlle5m1zr705dobhg/Логотип MOROZOV TECH.png",/partners/partner/11031068/,ru,2026-06-23T15:09:32+00:00
12822082,"СРБ Евгения Кулакова",https://www.eugenekulakov.ru,"+7 (499) 113-04-40",welcome@eugenekulakov.ru,"https://www.1c-bitrix.ru/upload/iblock/dfb/7qz4ovw8fy8i109emfz111pzyesq9phj/Group 6.png",/partners/partner/12822082/,ru,2026-06-23T15:09:35+00:00
2468129,"Департамент Бизнеса",https://depbz.ru/,89238884201,info@depbz.ru,"https://www.1c-bitrix.ru/upload/iblock/34c/Лого 1.png",/partners/partner/2468129/,ru,2026-06-23T15:09:37+00:00
17063610,Delaem-CRM,https://delaem-crm.ru/,8-800-551-77-52,info@delaem-crm.ru,"https://www.1c-bitrix.ru/upload/iblock/840/2g7atvsji4cc7l444c1sl7p0zw4tomok/DELAEMCRMLOGO — MINI.png",/partners/partner/17063610/,ru,2026-06-23T15:09:40+00:00
13003034,VERSHA,https://versha.site,+73517111261,rop@versha.site,https://www.1c-bitrix.ru/upload/iblock/68a/o1ywztolp9dts7b0104298kxewcbh6qj/logo135.jpeg,/partners/partner/13003034/,ru,2026-06-23T15:09:42+00:00
4142727,Business-i24,http://business-i24.ru/bitrix24,+7(499)350-41-18,info@business-i24.ru,https://www.1c-bitrix.ru/upload/iblock/c06/2_Flat_logo_on_transparent_175x56.png,/partners/partner/4142727/,ru,2026-06-23T15:09:44+00:00
18292246,Напинтех,https://napintex.ru/,+79085111212,chuyanvit@yandex.ru,"https://www.1c-bitrix.ru/upload/iblock/679/e673l43fz9sod073kghwlrxniqdtyfjz/snapedit_1715464475767 (1).jpg",/partners/partner/18292246/,ru,2026-06-23T15:09:47+00:00
10237564,NVK,https://nvk.bitrix24.site/,89111466199,nvk.bitrix24@gmail.com,https://www.1c-bitrix.ru/upload/iblock/829/nvk.jpg,/partners/partner/10237564/,ru,2026-06-23T15:09:49+00:00
11359576,CompleteCRM,https://completecrm.ru,"+7 812 4673005",info@completecrm.ru,https://www.1c-bitrix.ru/upload/iblock/d3d/v60ls57motkr2bj0uiz6kb0yc1a68tdl/лого2.png,/partners/partner/11359576/,ru,2026-06-23T15:09:52+00:00
11404870,"Новая Звезда",https://b24webstart.ru,+73832143546,b24webstart@yandex.ru,"https://www.1c-bitrix.ru/upload/iblock/c09/портал 05.jpg",/partners/partner/11404870/,ru,2026-06-23T15:09:54+00:00
6494353,"Digital Automated Systems",https://www.dasdigital.ru,+74951183076,info@dasdigital.ru,"https://www.1c-bitrix.ru/upload/iblock/00a/Das logo 3.png",/partners/partner/6494353/,ru,2026-06-23T15:09:56+00:00
589899,Color-IT,https://color-it.ru,"8 800 700-45-46",bitrix24@color-it.ru,"https://www.1c-bitrix.ru/upload/iblock/3f1/new logo.png",/partners/partner/589899/,ru,2026-06-23T15:10:01+00:00
22098,GEEKSPACE,http://geekspace.ru,8-800-550-1955,sales@geekspace.ru,https://www.1c-bitrix.ru/upload/iblock/28d/ac3d5n1iu90en0rh5q8yqxj1g6873x3m/400х188.png,/partners/partner/22098/,ru,2026-06-23T15:10:03+00:00
8492811,"Polza Digital",https://polza.digital,+79372255600,support_bitrix@polza-digital.ru,"https://www.1c-bitrix.ru/upload/iblock/6fc/jj9veo5bco9zkq7xax6fln6ifqg0wc1v/Лого на Партнерский Кабинет Белый.jpg",/partners/partner/8492811/,ru,2026-06-23T15:10:06+00:00
9561981,"Аник Автоматизация",https://crm.anik.ru/,"8 (800) 101-14-21",crm@anik.ru,"https://www.1c-bitrix.ru/upload/iblock/ac3/Новый проект (3).jpg",/partners/partner/9561981/,ru,2026-06-23T15:10:08+00:00
13349900,"Первый Интегратор",https://1-integrator.ru,"8 (863) 209-72-80",info@1-integrator.ru,"https://www.1c-bitrix.ru/upload/iblock/b06/1827b2mpd20636k0hp13heuig43wuun5/logo bbg h50.png",/partners/partner/13349900/,ru,2026-06-23T15:10:11+00:00
150379,"Эм Си Арт",https://www.mcart.ru,"+7 (812) 309-78-93",hello@mcart.ru,"https://www.1c-bitrix.ru/upload/iblock/4cd/wi0mdisis8cretjidaxpjhd5jqku3yky/Group 2087329068.png",/partners/partner/150379/,ru,2026-06-23T15:10:13+00:00
21261172,Хо-Бит24,https://xo-bit.pro/,"+7 931 594 0781",igol@xo-bit.ru,"https://www.1c-bitrix.ru/upload/iblock/2ee/34vf1z1e47wlsegpwpbwdz4w5z220ozw/Снимок экрана 2026-02-27 в 13.30.06.png",/partners/partner/21261172/,ru,2026-06-23T15:10:15+00:00
5138357,"IT-интегратор Стратег",https://www.strateg.bz,"+7 (499) 686-15-35",hello@strateg.bz,https://www.1c-bitrix.ru/upload/iblock/d7e/z05pk9yme6binpq24mrxwi8zoj3krfvg/IT-intergrator_logo.png,/partners/partner/5138357/,ru,2026-06-23T15:10:18+00:00
119909,"MITRA & Freematiq",https://mitra.freematiq.com,"+7 (3852) 57-25-25",info@mitra.ru,https://www.1c-bitrix.ru/upload/iblock/263/0a0/logo.png,/partners/partner/119909/,ru,2026-06-23T15:10:21+00:00
6303859,"RDN Group",https://www.rdn-grp.ru/,"+7 (495) 374-97-71",info@rdn-grp.ru,"https://www.1c-bitrix.ru/upload/iblock/677/tetsl3iyhljtvarpwbizv6g9z238i905/RDN_Group (1).png",/partners/partner/6303859/,ru,2026-06-23T15:10:23+00:00
18536282,ITFuture,https://itfuture23.ru,"+7 (862) 295-73-07",itfuture23@yandex.ru,https://www.1c-bitrix.ru/upload/iblock/5d1/qxk7dqlpd08epw4hlk5yo27jmf8eefjk/04_logo_stacked_color(1).png,/partners/partner/18536282/,ru,2026-06-23T15:10:25+00:00
17016734,Эволюция,https://evolution-soft.ru/,+79960805045,info@evolution-soft.ru,"https://www.1c-bitrix.ru/upload/iblock/a33/33kjl7sb7zbsywg1vww8tyk0gr2zxaeb/mini log evo.png",/partners/partner/17016734/,ru,2026-06-23T15:10:28+00:00
16041166,Advertmed,https://advertmed.com,+79250052133,advertmed@yandex.ru,"https://www.1c-bitrix.ru/upload/iblock/8f5/rfkufcffmxllw1321ye2ba608j5500df/лого_новый_пнг (1) (1).jpg",/partners/partner/16041166/,ru,2026-06-23T15:10:34+00:00
8725439,BizON,https://itbizon.com/,"+7 (495) 118-31-50",info@itbizon.com,https://www.1c-bitrix.ru/upload/iblock/d61/qcieo0x5g95q72dd633km1v2uwunv3c9/Bizon_final2_целый.png,/partners/partner/8725439/,ru,2026-06-23T15:10:36+00:00
54112,1С-Рарус,https://rarus.ru/,"+7 495 231-20-02, +79785780875",1с-bitrix@rarus.ru,https://www.1c-bitrix.ru/upload/iblock/426/liel2j9u19t2dde1rud2cf4p9av2ygqb/article1620.jpg,/partners/partner/54112/,ru,2026-06-23T15:10:39+00:00
17230252,"ADVANCED TECNOLOGY",https://tech-ad.ru,+73432269695,info@tech-ad.ru,"https://www.1c-bitrix.ru/upload/iblock/5d7/fb8cfsao74ao91hpwzvoud2c7cxbwtau/лого для срм маленькое2 (1).png",/partners/partner/17230252/,ru,2026-06-23T15:10:41+00:00
8056241,"Агентство ""Домовой и Партнеры""",https://domovoy.pro/,"+7 (499) 577-02-52",info@domovoy.pro,https://www.1c-bitrix.ru/upload/iblock/0c2/Domovoy.PRO1.jpg,/partners/partner/8056241/,ru,2026-06-23T15:10:44+00:00
12933236,ИнТОП,https://intopweb.ru/,+7(918)198-91-62,info@intopweb.ru,https://www.1c-bitrix.ru/upload/iblock/9c7/365l01kv3agy3saq00r1l0x148iesmyi/logotype_white.png,/partners/partner/12933236/,ru,2026-06-23T15:10:46+00:00
378061,Факт,https://fact.digital,"+7 (495) 134-25-25",sale10@fact.digital,"https://www.1c-bitrix.ru/upload/iblock/f5c/Frame 4.png",/partners/partner/378061/,ru,2026-06-23T15:10:48+00:00
4971785,"СМБ Консалтинг",http://www.smbconsulting.ru/,"7 499 372-20-24",hello@smbconsulting.ru,https://www.1c-bitrix.ru/upload/iblock/830/ogiz71yu1tgjwd59cwna5hdejvj0ebey/logo1.png,/partners/partner/4971785/,ru,2026-06-23T15:10:51+00:00
5654337,MAXIS,https://maxis-it.ru/,"+7 4872 33 80 88",info@maxis-it.ru,"https://www.1c-bitrix.ru/upload/iblock/17c/LOGO 175 135.png",/partners/partner/5654337/,ru,2026-06-23T15:10:53+00:00
1494780,"Векус ПРО",https://vekus.pro,"+7 (812) 309-80-80",info@vekus.pro,"https://www.1c-bitrix.ru/upload/iblock/5c3/8f7asbzrabczy2a6hqsnqfmg5e3ztyu1/photo_2026-02-20_13-58-24-Photoroom (1).png",/partners/partner/1494780/,ru,2026-06-23T15:10:56+00:00
7734717,"Цифровой партнер",https://cpartner.ru/,"8 800 101-47-06",cifrovoi-partner@yandex.ru,https://www.1c-bitrix.ru/upload/iblock/c74/b5aagjf89342iktmyf99m0r8g610tcc9/22403445.png,/partners/partner/7734717/,ru,2026-06-23T15:10:58+00:00
1210112,Майнд/4,https://mind4.me/,"+7 (989) 120-97-82",m@Mind4.me,"https://www.1c-bitrix.ru/upload/iblock/231/nl2lvpqultqtmuvmiy61edbjjv6zvrae/Frame 1.png",/partners/partner/1210112/,ru,2026-06-23T15:11:01+00:00
12844402,Люкскорп,https://crm.luxecorp.ru,"+7 (996) 574-60-16",info@luxecorp.ru,https://www.1c-bitrix.ru/upload/iblock/eae/h9a0tmg7yblhd4zj4vnyjzshra28q1lm/logoB.png,/partners/partner/12844402/,ru,2026-06-23T15:11:07+00:00
234878,СофтЭксперт,http://websfx.ru,"(4872) 70-02-70, 8 (800) 775-15-40",220@sfx-tula.ru,https://www.1c-bitrix.ru/upload/iblock/ec3/логотип.jpg,/partners/partner/234878/,ru,2026-06-23T15:11:10+00:00
14147460,"Метод Диджитал",https://www.metod-digital.ru,"+7 (495) 165-15-20",mail@metod-digital.ru,https://www.1c-bitrix.ru/upload/iblock/9a6/lx15xzzvtz4n9j5o8ef2p6f6p3gapzhu/logo_partners_b24.png,/partners/partner/14147460/,ru,2026-06-23T15:11:13+00:00
4750775,"7 САЙТОВ",https://7sites.ru,"+7 (495) 118-30-89",info@7sites.ru,"https://www.1c-bitrix.ru/upload/iblock/ebb/vze30w5m6fkdxl2wnsdyv3icjftrhw03/x69cca34ni3oz04963pv7jollh2jht5z (1) (3).png",/partners/partner/4750775/,ru,2026-06-23T15:11:15+00:00
561586,Нетекс,https://netex-web.ru/,"+7 (4712) 746-646",web@netex.pro,https://www.1c-bitrix.ru/upload/iblock/83c/netex_logo_250x125.png,/partners/partner/561586/,ru,2026-06-23T15:11:17+00:00
129454,Техдиректор,https://tech-director.ru,"8 800 333-57-33",help@tech-director.ru,https://www.1c-bitrix.ru/upload/iblock/b54/t-dir-big.png,/partners/partner/129454/,ru,2026-06-23T15:11:20+00:00
269114,"Digital Clouds",https://dclouds.ru/,"+7 383 390-00-86",info@dclouds.ru,"https://www.1c-bitrix.ru/upload/iblock/afc/5zp4b4vmn2cme14v2es9eyb4kbxuyqbu/175x135 2.png",/partners/partner/269114/,ru,2026-06-23T15:11:22+00:00
9881685,"Центр Проектных Компетенций",https://procpk.ru,"+7 (495) 032-62-18",info@procpk.ru,"https://www.1c-bitrix.ru/upload/iblock/bac/r6276qmqzbl1vhwzv2kj0cbdn2nc15kh/Logo CPK Icon Gray.png",/partners/partner/9881685/,ru,2026-06-23T15:11:25+00:00
7255919,Balzhi.ru,https://balzhi.ru,"7 9090881862",v-rost.ru@yandex.ru,https://www.1c-bitrix.ru/upload/iblock/a60/eghkgq9xsag3obyip6b3er2x2vmrnkxu/logo.png,/partners/partner/7255919/,ru,2026-06-23T15:11:27+00:00
22564928,VzletConsulting,https://vzletcons.ru/,+74950850766,info@vzletcons.ru,"https://www.1c-bitrix.ru/upload/iblock/9cc/kii8pnyqcg3x6x8jxmun01zl3ee35507/лого б24.PNG",/partners/partner/22564928/,ru,2026-06-23T15:11:29+00:00
742735,WebOptimize,https://www.weboptimize.ru,"+7 (495) 984-16-34",info@weboptimize.ru,"https://www.1c-bitrix.ru/upload/iblock/c3f/Логотип weboptimize.png",/partners/partner/742735/,ru,2026-06-23T15:11:32+00:00
12605190,MakeBiz,https://makebiz.life,"+7 (977) 089-60-60",info@makebiz.life,"https://www.1c-bitrix.ru/upload/iblock/914/rppzi455qshi7cpbm0c32nsqd5cwr6kk/Неон 175.png",/partners/partner/12605190/,ru,2026-06-23T15:11:34+00:00
17714832,SMITC,https://smitc.ru,"+7 (901) 417-33-44",smitc.group@yandex.ru,"https://www.1c-bitrix.ru/upload/iblock/7b4/c90l41p6xkjnqdf6ua0lc2872ct47axj/175х135 для 1С-Битрикс сайта.PNG",/partners/partner/17714832/,ru,2026-06-23T15:11:39+00:00
30108,iTrack,https://itrack.ru/,"+7 495 085 47 47",hello@itrack.ru,https://www.1c-bitrix.ru/upload/iblock/d6e/9106ofpbgn2tw0e4li9p03zz3enitdzq/logo_white_itrack.png,/partners/partner/30108/,ru,2026-06-23T15:11:42+00:00
6638947,"ИТ Гарант",https://itgrn.ru/,"+7 (4862) 78-39-78",inf@itgrn.ru,https://www.1c-bitrix.ru/upload/iblock/4af/IT-Garant-Logo-175.png,/partners/partner/6638947/,ru,2026-06-23T15:11:44+00:00
422508,АДВИНА,https://advina.ru/,"+7 (495) 641-35-05",info@advina.ru,"https://www.1c-bitrix.ru/upload/iblock/ae8/s3a82ic9eepmf25revhf9z0iq2qklsqu/АДВИНА лого 135х135.jpg",/partners/partner/422508/,ru,2026-06-23T15:11:46+00:00
6337949,Mywebstor,https://mywebstor.com,+73832021412,info@mywebstor.com,https://www.1c-bitrix.ru/upload/iblock/aeb/mywebstorBitrix24.png,/partners/partner/6337949/,ru,2026-06-23T15:11:49+00:00
1357711,IVIT,https://ivit.pro/automatizacia/vnedrenie-bitriks24/?utm_source=bitrix24&utm_medium=referral&utm_campaign=agency_card&utm_content=link,"+7 495 215 06 04",info@ivit.pro,https://www.1c-bitrix.ru/upload/iblock/7b9/fz8iv40oievxm68misd00pbccci06q3y/ivit.pro.png,/partners/partner/1357711/,ru,2026-06-23T15:11:52+00:00
1178956,Rubix,https://rubix.su,"+7 (351) 200-22-60",1@rubix.su,"https://www.1c-bitrix.ru/upload/iblock/4df/byaf9v7yrx10py3be48s3lfbsnn7ksqa/Без заголовка.png",/partners/partner/1178956/,ru,2026-06-23T15:11:54+00:00
15441616,Ёлва,https://yolva-it.ru/,"+7 499 500 45 29",request@yolva-it.com,"https://www.1c-bitrix.ru/upload/iblock/e04/i4sq42dushnwsrhiiphj6xsa79skzb78/MicrosoftTeams-image (42).png",/partners/partner/15441616/,ru,2026-06-23T15:11:56+00:00
312587,Веб-Центр,https://web-c.ru/bitrix24/,"+7 (4832) 599-427, +7 (499) 686-01-14, 8 (800) 707-63-70",mail@web-c.ru,https://www.1c-bitrix.ru/upload/iblock/e7c/g0upqtro0bfb42yprxik8oqllzbp1lx3/wc_logo-base.png,/partners/partner/312587/,ru,2026-06-23T15:11:59+00:00
281822,Uplab,http://www.uplab.ru/,"+7 499 653 78 83",info@uplab.ru,"https://www.1c-bitrix.ru/upload/iblock/d29/bee4iao6rj5diaw6hk4s5k7l9f30ncep/лого uplab.jpeg",/partners/partner/281822/,ru,2026-06-23T15:12:01+00:00
5266967,Wizart,https://wizart.pro,"+7 920 585 5363",yakov@wizart.pro,https://www.1c-bitrix.ru/upload/iblock/2d9/logo-wizart.png,/partners/partner/5266967/,ru,2026-06-23T15:12:04+00:00
777449,Паравеб,https://www.paraweb.me/bitrix24.html,"+7 (3822) 700 275",hi@paraweb.me,https://www.1c-bitrix.ru/upload/iblock/517/paraweb.png,/partners/partner/777449/,ru,2026-06-23T15:12:06+00:00
288396,OptimalGroup,https://optimalgroup.ru/,"+7 (499) 504-16-82",mail@optimalgroup.ru,https://www.1c-bitrix.ru/upload/iblock/02d/dpbxnxs6tnj02fwltbbl2w4645a4n9wh/Logo_osnovnoy_580_80.png,/partners/partner/288396/,ru,2026-06-23T15:12:11+00:00
9814939,"CRM Консалтинг",https://www.crmconsalting.ru/,+79279494979,corp@crmcon.ru,https://www.1c-bitrix.ru/upload/iblock/0e5/12.jpg,/partners/partner/9814939/,ru,2026-06-23T15:12:13+00:00
7591897,"Simple Digital",https://simpledigital.pro,+79993331341,info@simpledigital.pro,"https://www.1c-bitrix.ru/upload/iblock/551/175 х 135.png",/partners/partner/7591897/,ru,2026-06-23T15:12:16+00:00
6315671,WeJET,https://wejet.ru,"+7 495 476 42 24",bitrix24@wejet.ru,https://www.1c-bitrix.ru/upload/iblock/bab/xkj83wr4nw0wyweflqktkj4abr1kwsdc/logo-new-colors.png,/partners/partner/6315671/,ru,2026-06-23T15:12:18+00:00
7408065,ВНYКОВ-консалтинг,https://vnukov24.ru,"8 (863) 322-63-63",sales@vnukov24.ru,https://www.1c-bitrix.ru/upload/iblock/72e/vnukov_logo_black.png,/partners/partner/7408065/,ru,2026-06-23T15:12:21+00:00
2159485,"CRM Эксперт",https://crm24.expert/,"+7 (812) 425-67-88",avs@crm24.expert,"https://www.1c-bitrix.ru/upload/iblock/441/utm9m9o11udkxfdpk2l4ziodqng2no24/CRM LOGO JPG (1).jpg",/partners/partner/2159485/,ru,2026-06-23T15:12:23+00:00
6571969,OPTI,https://opti.ooo,"8 (800) 201-62-16",info@opti.ooo,https://www.1c-bitrix.ru/upload/iblock/134/5d5/1.png,/partners/partner/6571969/,ru,2026-06-23T15:12:26+00:00
11001456,"Бизнес Интеграция",https://б24.интеграция24.рф,+74951286328,db@bizint24.ru,"https://www.1c-bitrix.ru/upload/iblock/717/4bb92ghm5cowk678g0gtrvz930eu0of4/лого квадрат микро.jpg",/partners/partner/11001456/,ru,2026-06-23T15:12:28+00:00
13193692,"Platon Bit",https://platonbit.ru,88005557211,iap@platonbit.ru,"https://www.1c-bitrix.ru/upload/iblock/360/0d7g73vdye6nss2xwmoq44skn57l101x/Логотип наш.png",/partners/partner/13193692/,ru,2026-06-23T15:12:31+00:00
287818,Xpage,https://www.xpage.ru/,"+7 (351) 220-09-26",dmitriy.zherdev@xpage.ru,https://www.1c-bitrix.ru/upload/iblock/9dc/li8oie6x576ixdnjjih9eef2p5qkhrmg/Logo_xpage.png,/partners/partner/287818/,ru,2026-06-23T15:12:33+00:00
10553488,ONIXBIT,https://onixbit.ru,"+7 (920) 272-48-28",info@onixbit.ru,https://www.1c-bitrix.ru/upload/iblock/1ef/ys17nvk83fybyc4bznx02p93530bifiu/Логотип.png,/partners/partner/10553488/,ru,2026-06-23T15:12:35+00:00
1568789,"Digital Life",https://dilife.site/,"+7 (999) 333 42 76",support@dilife.site,"https://www.1c-bitrix.ru/upload/iblock/37c/s310acieokcx3cafbcqm8peau0tnegk8/Ресурс 1 (3).png",/partners/partner/1568789/,ru,2026-06-23T15:12:38+00:00
24253876,Умные.Продажи,https://smart-sale.moscow,"+ 7 925 222-81-48",SALE@SMART-SALE.MOSCOW,"https://www.1c-bitrix.ru/upload/iblock/4e9/urbfyv3znutau8mly1r6txt3i2uotep3/Group 97.png",/partners/partner/24253876/,ru,2026-06-23T15:12:43+00:00
14368938,Rutumedia,https://rutumedia.ru/,"+7 (343) 226-92-06",info@rutumedia.ru,https://www.1c-bitrix.ru/upload/iblock/7e6/9kx44wa1y09p2g8nwne0za4w4rf3kbgo/Group_3.png,/partners/partner/14368938/,ru,2026-06-23T15:12:45+00:00
279593,Вебфлай,https://webfly.ru,"+7 [499] 350-31-22",hello@webfly.ru,"https://www.1c-bitrix.ru/upload/iblock/9c8/logo (2).png",/partners/partner/279593/,ru,2026-06-23T15:12:47+00:00
17443096,Delphin,https://delphin-pro.ru,+79310002637,sales@delphin-pro.ru,"https://www.1c-bitrix.ru/upload/iblock/42c/1zy9p2vukql80bmvrby3dqf7yt47jfw1/logo 135.png",/partners/partner/17443096/,ru,2026-06-23T15:12:50+00:00
110064,ИнфоСофт,https://www.crm.is1c.ru,"+7 (383) 211-27-27",info@is1c.ru,https://www.1c-bitrix.ru/upload/iblock/00f/rlm5fgauobt7gn7ihu5ircjdyww2wgwo/ИнфоСофт_IT-Эксперт_альтернативный.png,/partners/partner/110064/,ru,2026-06-23T15:12:52+00:00
10146438,Netit24,https://netit24.com,+78462150037,info@netit24.com,"https://www.1c-bitrix.ru/upload/iblock/908/Логотип Netit24.png",/partners/partner/10146438/,ru,2026-06-23T15:12:55+00:00
132277,ИНФОКОМ,https://infocom.io/,"+7 4162 550727",www@infocom.io,https://www.1c-bitrix.ru/upload/iblock/967/fqfhxte003xwe3l39av6jc1iw3i0sq6j/bitrix-logo.png,/partners/partner/132277/,ru,2026-06-23T15:12:57+00:00
9079659,ProfitCRM,https://crmprofit.ru,"+7 351 200-53-07",info@crmprofit.ru,"https://www.1c-bitrix.ru/upload/iblock/093/PROFITCRM Битрикс24.png",/partners/partner/9079659/,ru,2026-06-23T15:12:59+00:00
18201520,"Азбука Решений",https://abc-solution.ru/,"+7 (939) 555-19-60",info@abc-solution.ru,https://www.1c-bitrix.ru/upload/iblock/1ff/vidsdnceiv5w968detrsaw6pwjd3rlf5/abc-logo-small.png,/partners/partner/18201520/,ru,2026-06-23T15:13:03+00:00
18537804,Pilot.Digital,https://pilot.digital,"+7 (495) 663-53-19",connect@pilot.digital,https://www.1c-bitrix.ru/upload/iblock/4f8/olml3mwtk308osmcd45ereo2lw74h19z/logo-pilot-digital-v.png,/partners/partner/18537804/,ru,2026-06-23T15:13:05+00:00
10466788,"CRM Forge",https://crmforge.bitrix24.site/,89273940320,d89273940320@gmail.com,"https://www.1c-bitrix.ru/upload/iblock/2d4/Логотип б24 для сайта партнера.png",/partners/partner/10466788/,ru,2026-06-23T15:13:08+00:00
11110828,BitFun,https://b24baza.ru,+79042399628,lobanovpa@bitrix24.fun,"https://www.1c-bitrix.ru/upload/iblock/3c2/4e27r0aqz3othh5jwanlyenh2s5tjnvj/прозрачный фон 2.png",/partners/partner/11110828/,ru,2026-06-23T15:13:10+00:00
9645437,ИДАЖЕ,https://idaje.ru,"+7 (8652) 33-67-62",info@idaje.ru,"https://www.1c-bitrix.ru/upload/iblock/5e4/0j5wkbeusrsbsk9x7fhlrtzxinebeic8/WhatsApp Image 2022-02-17 at 16.43.02.jpeg",/partners/partner/9645437/,ru,2026-06-23T15:13:15+00:00
11648266,SkySoft,https://theskysoft.ru,+79270689173,sales@theskysoft.ru,"https://www.1c-bitrix.ru/upload/iblock/8bb/syihktukgqdlskk3oj4papg3xquxrekx/SkySoft новое лого.PNG",/partners/partner/11648266/,ru,2026-06-23T15:13:18+00:00
16790462,SETUP,https://crm-setup.ru/,+79647267959,info@crm-setup.ru,"https://www.1c-bitrix.ru/upload/iblock/696/x040s63annex79tbjifmi4j4q0cqxz1c/basic logo_blue_jpg.jpg",/partners/partner/16790462/,ru,2026-06-23T15:13:20+00:00
23379818,AutoBIT24,http://autobit24.ru/,"+7 812 245 29 77",integratorautobit@yandex.ru,"https://www.1c-bitrix.ru/upload/iblock/35f/qd3q9rx4ucuzp01zziyn4o8bakgtjdil/лого (2).png",/partners/partner/23379818/,ru,2026-06-23T15:13:22+00:00
9006281,"AS Evolution",http://asevolution.ru,+74951281252,info@asevolution.ru,https://www.1c-bitrix.ru/upload/iblock/f47/miqzr26m61071xncfr2yyzhsnr9p5d5v/Медведь.jpg,/partners/partner/9006281/,ru,2026-06-23T15:13:25+00:00
17171816,"CRM LAB",https://crmlab16.ru/,+79810782216,sales@crmlab16.ru,"https://www.1c-bitrix.ru/upload/iblock/e4b/2lkabrndz9f92t7gop2mvxgj7z30kpr0/175-135 px для битрикса.png",/partners/partner/17171816/,ru,2026-06-23T15:13:27+00:00
4836699,"Fast Bit",https://fast-bit.ru,"+7 (812) 604 28 77",svs@fast-bit.ru,"https://www.1c-bitrix.ru/upload/iblock/eee/3pdsd6chx294dmpzm5igxa5vz5079y72/Fast Bit (1).png",/partners/partner/4836699/,ru,2026-06-23T15:13:29+00:00
1473293,Зионек,https://zionec.ru/?utm_source=partners,"+7 (495) 104-44-44",b24@zionec.ru,"https://www.1c-bitrix.ru/upload/iblock/d3c/z9ofrqxcofyvztof4g2ztpzfzb7d2xax/Logo 154x154.png",/partners/partner/1473293/,ru,2026-06-23T15:13:32+00:00
15502362,"Life Target",https://life-target.ru,"+7 (930) 333-37-35",info@life-target.ru,https://www.1c-bitrix.ru/upload/iblock/dde/flgw7zieovxwbknnyywgpvv5xtmrh91p/Аватарка.png,/partners/partner/15502362/,ru,2026-06-23T15:13:34+00:00
7861395,"PAM Consulting",https://www.pam-consulting.ru,"+7 495 648-48-37",sales@pam-consulting.ru,"https://www.1c-bitrix.ru/upload/iblock/f6c/PAM-logo bitrix24 partner list.jpg",/partners/partner/7861395/,ru,2026-06-23T15:13:36+00:00
4065235,Автопилот,http://www.aupil.com,+74993258006,info@aupil.com,https://www.1c-bitrix.ru/upload/iblock/349/АВТОПИЛОТ.png,/partners/partner/4065235/,ru,2026-06-23T15:13:39+00:00
873419,CRM-контроль,https://crmcontrol.ru,"8 (383) 2558882",welcome@crmcontrol.ru,https://www.1c-bitrix.ru/upload/iblock/126/crmcontrol_logo-03-01.png,/partners/partner/873419/,ru,2026-06-23T15:13:41+00:00
10710218,Markin-integrator,https://markin-integrator.ru,+79129961501,markin.integrator@yandex.ru,https://www.1c-bitrix.ru/upload/iblock/d5b/x3cokf7mgawjckudun32f8a5x2q1vd7n/imgonline-com-ua-Resize-S2cTRZuOoOq.jpg,/partners/partner/10710218/,ru,2026-06-23T15:13:46+00:00
9410725,"Цифровой ИБИС",https://digital-ibis.ru,"+7 383 234 90 99",info@digital-ibis.ru,https://www.1c-bitrix.ru/upload/iblock/ec1/y21oyzj1ztskz8iy0deuflppib17qha4/175на135.png,/partners/partner/9410725/,ru,2026-06-23T15:13:48+00:00
13927904,Background,https://bg59.ru,73422576257,it@bg59.ru,https://www.1c-bitrix.ru/upload/iblock/b8f/ccr5auhpmtwn2i1k2259smhv9wv1r6ld/ЛогтипБГ.png,/partners/partner/13927904/,ru,2026-06-23T15:13:50+00:00
8805923,SIMPLE,https://how-simple.ru/bitriks24,+7(495)2563377,consult@how-simple.ru,"https://www.1c-bitrix.ru/upload/iblock/548/Лого-140x60 Цвет.png",/partners/partner/8805923/,ru,2026-06-23T15:13:53+00:00
1677801,"Акселератор Бизнес Решений",https://tomsk.bitrix24.site/,+7-952-164-62-73,abs@tomsk-bitrix24.site,https://www.1c-bitrix.ru/upload/iblock/f8e/Лого_макс.png,/partners/partner/1677801/,ru,2026-06-23T15:13:55+00:00
11135964,"INTEGRA CRM",https://integracrm.ru,,info@integracrm.ru,https://www.1c-bitrix.ru/upload/iblock/04c/730/logo.jpg,/partners/partner/11135964/,ru,2026-06-23T15:13:57+00:00
9741655,"Zenova PRO",https://zenova.pro,"+7 912 98 17 800",info@zenova.pro,"https://www.1c-bitrix.ru/upload/iblock/fdb/лого круг пнг — 175-135.png",/partners/partner/9741655/,ru,2026-06-23T15:14:00+00:00
1679891,"Солар групп",https://solar.bi/,"+7 342 200 85 19",info@solar.bi,"https://www.1c-bitrix.ru/upload/iblock/601/0gdghwxevowu5gg08bdrpwdfipqqd5wu/логотип Солар.png",/partners/partner/1679891/,ru,2026-06-23T15:14:02+00:00
10824548,ЭджайлКонсалт,https://agileconsult.ru,+74993900686,agileconsult@agileconsult.ru,"https://www.1c-bitrix.ru/upload/iblock/fe0/lownlnb82bblkho6miav6apyrajulgsb/Лого ЭджайлКонсалт пиксел -2.png",/partners/partner/10824548/,ru,2026-06-23T15:14:04+00:00
1142425,"Лаборатория автоматизации «‎LOG [IN] OFF»",https://crm4.org,"+7 800 350-99-38",info@crm4.org,https://www.1c-bitrix.ru/upload/iblock/3af/logo-175--135.jpg,/partners/partner/1142425/,ru,2026-06-23T15:14:07+00:00
7830197,"Auto Click Consulting",https://autoclick.bitrix24.site/,89192564324,autoclick48@yandex.ru,"https://www.1c-bitrix.ru/upload/iblock/0e1/0inr4a3ct238tal01cfnuiyq1dsvjci5/logo1_2x (1).png",/partners/partner/7830197/,ru,2026-06-23T15:14:09+00:00
12465576,Виноград,https://grape24.ru,"+7 (812) 604-74-44",info@grape24.ru,"https://www.1c-bitrix.ru/upload/iblock/89e/cvq5u6byqhwalj748vajeh4srycux7z7/лого 160х134.png",/partners/partner/12465576/,ru,2026-06-23T15:14:11+00:00
9670563,"Мастерская в облаке",https://w-c.tech,+79996229533,info@w-c.tech,"https://www.1c-bitrix.ru/upload/iblock/d0d/8fx3ibkpt51e8oocq1ptdk0kw7gntrsu/Icon + type.png",/partners/partner/9670563/,ru,2026-06-23T15:14:16+00:00
16483056,Bit-Stream,https://bit-stream.ru/,+79273633378,company@bit-stream.ru,https://www.1c-bitrix.ru/upload/iblock/fd2/ifa3zmpcq6xppnzen6xpkjmeup7ayynd/logo_blue_grey.png,/partners/partner/16483056/,ru,2026-06-23T15:14:18+00:00
4217221,PIXITE,https://pixite.ru,"+7 (351) 210-21-21",bitrix@pixite.ru,https://www.1c-bitrix.ru/upload/iblock/e62/PIXITE-logo_final545x74.png,/partners/partner/4217221/,ru,2026-06-23T15:14:21+00:00
13931640,Am.Sales,https://amsales.ru/,+74953201000,hello@amsales.ru,"https://www.1c-bitrix.ru/upload/iblock/346/nkqiizwggn55t8k9u3h5wyu3h8y7n4qw/logo amsales 175x30.jpg",/partners/partner/13931640/,ru,2026-06-23T15:14:23+00:00
259674,"Первые ИТ",https://it-its.ru/bitrix24,"8 (800) 550-97-04",sales@it-its.ru,https://www.1c-bitrix.ru/upload/iblock/66d/5gse4da6idldkr5rqbokfn20e1c4hjpi/Пит_битрикс.png,/partners/partner/259674/,ru,2026-06-23T15:14:25+00:00
18407942,"Jupiter Labs",https://jupiterlabs.ru/,+79939706169,info@jupiterlabs.ru,https://www.1c-bitrix.ru/upload/iblock/6f8/ts6x227wroqxly485r6j1cvihc1f2bnp/jupiter.png,/partners/partner/18407942/,ru,2026-06-23T15:14:28+00:00
206948,"Экспресс лаб",https://expresslab.ru/,"+7 347 211-91-05",mail@expresslab.ru,"https://www.1c-bitrix.ru/upload/iblock/bb9/nr1hyxzn5xod8nm2sokc35lgdyt0wzrv/exlb-logo (5).svg",/partners/partner/206948/,ru,2026-06-23T15:14:30+00:00
267394,AXIUM,https://www.web-axioma.ru,"8 (800) 555 40-34",sale@web-axioma.ru,"https://www.1c-bitrix.ru/upload/iblock/254/9g1jyrwfgtl2kebupjedxmxz9ibkwu75/logo b24.png",/partners/partner/267394/,ru,2026-06-23T15:14:33+00:00
8006813,WEBKHV,https://webkhv.ru,+79098569482,aleksey@webkhv.ru,https://www.1c-bitrix.ru/upload/iblock/6ec/pmwmop132r8gkwdejm4ybabfz60w72ix/logo.png,/partners/partner/8006813/,ru,2026-06-23T15:14:35+00:00
1853749,"Tamplier digital",https://tamplier.su,"+7 812 2409050",vip@tamplier.su,https://www.1c-bitrix.ru/upload/iblock/942/nx31kz0o82nvv03bzj6usyx29i6qy9az/лого.png,/partners/partner/1853749/,ru,2026-06-23T15:14:38+00:00
15991,"Активные технологии",https://at-website.ru/,"(831) 231-23-24",web@at-nn.ru,https://www.1c-bitrix.ru/upload/iblock/e8a/logotipmini.png,/partners/partner/15991/,ru,2026-06-23T15:14:40+00:00
9137365,спорина,https://спорина.рф,+7(812)4678135,info@sporina.icu,"https://www.1c-bitrix.ru/upload/iblock/e61/ptw28xszq4kofxpq3pxzbkp32qw0xev0/птица лого.jpg",/partners/partner/9137365/,ru,2026-06-23T15:14:44+00:00
6789097,КотИТ,https://b24.centresoft.ru,+74954312020,info@centresoft.ru,https://www.1c-bitrix.ru/upload/iblock/f10/10uoo0laeag8x6vkmsidhnr9gheczdgv/bitrix.png,/partners/partner/6789097/,ru,2026-06-23T15:14:48+00:00
11241168,"Технологии 24",https://tehnologii24.ru,88633226324,tehnologii24@yandex.ru,https://www.1c-bitrix.ru/upload/iblock/54d/Bez_nazvaniya1_1x.png,/partners/partner/11241168/,ru,2026-06-23T15:14:51+00:00
379223,"IT Grade",https://itgrade.ru,"+7 (4812) 40-31-02",itgrade@itgrade.ru,"https://www.1c-bitrix.ru/upload/iblock/067/logo (4).png",/partners/partner/379223/,ru,2026-06-23T15:14:53+00:00
2542,TANAiS,https://www.tanais.ru/platforms/bitriks24/,"+7 495 647-0247",bitrix@tanais.ru,"https://www.1c-bitrix.ru/upload/iblock/30a/xv3m4p0rooo65qizxtfzzrl4723lovji/TANAiS. Логотип (2019 г.) (3490503 v2).PNG",/partners/partner/2542/,ru,2026-06-23T15:14:55+00:00
265637,ПродвигаеФФ.ру,https://prodvigaeff.ru,"8 (495) 984-06-05",info@prodvigaeff.ru,https://www.1c-bitrix.ru/upload/iblock/105/pd.png,/partners/partner/265637/,ru,2026-06-23T15:14:58+00:00
230549,kliklab,https://b24.kliklab.ru/,"+7 484 233 34 40",info@kliklab.ru,https://www.1c-bitrix.ru/upload/iblock/50d/fca19k0rffz5difk8xbnz8nltyzxmk20/logo.png,/partners/partner/230549/,ru,2026-06-23T15:15:00+00:00
9816869,iT-Wizards,https://it-wizards.ru,88005559990,office@it-wizards.ru,"https://www.1c-bitrix.ru/upload/iblock/a81/m5a8i2k44hf26i0msjgd492hq5g0xfnb/logo_vertical_ITW RGB-01.jpg",/partners/partner/9816869/,ru,2026-06-23T15:15:03+00:00
15851120,"LeVel Group",https://levelgroup-rb.ru/,89871420977,levelgroup-rb@mail.ru,"https://www.1c-bitrix.ru/upload/iblock/963/b31hcgkbh9fuf1sanur6u6hjp9abfauy/CorelDRAW 2020 Graphic.jpg",/partners/partner/15851120/,ru,2026-06-23T15:15:05+00:00
21081242,DEEP-IT,https://deep-it.ru,"+7(499) 322-21-20",info@deep-it.ru,https://www.1c-bitrix.ru/upload/iblock/42b/df5sgx2y42xmbjjj0hohs756dyj7esm6/deep_it_logo_w_text_1x.png,/partners/partner/21081242/,ru,2026-06-23T15:15:07+00:00
732065,"Gagnidze Dynamics",https://gagnidze.ru,"+7 (342) 204 70 70",contact@gagnidze.ru,https://www.1c-bitrix.ru/upload/iblock/c08/Logo-526х325-transporent.png,/partners/partner/732065/,ru,2026-06-23T15:15:10+00:00
19209454,Leado-CRM,https://leado-crm.ru,"+7 (999) 444-25-51",leadocrm@gmail.com,"https://www.1c-bitrix.ru/upload/iblock/856/95o2zkp6uha3vavv739rnlyh2ys06aly/Без имени-123123.png",/partners/partner/19209454/,ru,2026-06-23T15:15:12+00:00
12938880,"PROST CRM",https://b24-crm.com,"+7 (831) 219-98-09",sale@b24-crm.com,https://www.1c-bitrix.ru/upload/iblock/7b5/8a2ffbmzf7u94w2vhu2zr3frjy6repc3/Черный1.png,/partners/partner/12938880/,ru,2026-06-23T15:15:14+00:00
22111474,Tehflow,https://tehflow.ru/,+79951299648,tehflow@yandex.ru,https://www.1c-bitrix.ru/upload/iblock/4aa/ey1gcawu0k9qijt2mix9kss3nsq2fjvh/новый.png,/partners/partner/22111474/,ru,2026-06-23T15:15:19+00:00
14487916,"Море продаж",https://moresales.top,89952229128,b24@moresales.top,"https://www.1c-bitrix.ru/upload/iblock/107/6zb6id4j2mjz2fu3n9jfti74bivrdtyp/Аватар — 175_135.jpg",/partners/partner/14487916/,ru,2026-06-23T15:15:21+00:00
21661360,NetCitizens,https://netcitizens.ru/,+73912027766,service@netcitizens.ru,"https://www.1c-bitrix.ru/upload/iblock/97e/914bq7zw4gi08gwfombl3puwzq8cz29b/Фавиконка 3.png",/partners/partner/21661360/,ru,2026-06-23T15:15:24+00:00
165702,Profi,https://profi-studio.ru/,"8 (800) 505-44-56",b24@profi-studio.ru,"https://www.1c-bitrix.ru/upload/iblock/a9b/fg1qml39pbi20bjsbu1bqb5k9rp81skg/Снимок экрана 2026-03-18 104021.png",/partners/partner/165702/,ru,2026-06-23T15:15:26+00:00
7005003,CRM-PROFI,https://crm-profi.ru/,+79284289225,ap@crm-profi.ru,https://www.1c-bitrix.ru/upload/iblock/614/0mpwjj63e2qi6licz5lgco4acagev2sd/logo.png,/partners/partner/7005003/,ru,2026-06-23T15:15:28+00:00
14236346,ZDE,https://zdecrm.ru/,+73832349252,info@zdecrm.ru,"https://www.1c-bitrix.ru/upload/iblock/91b/2ffyr2745r0y9w3qhmw32we2f0ubom45/Z D E (110x110).png",/partners/partner/14236346/,ru,2026-06-23T15:15:31+00:00
3409587,Rento,https://www.rento24.ru/,88003330067,info@rento24.ru,https://www.1c-bitrix.ru/upload/iblock/340/rento.png,/partners/partner/3409587/,ru,2026-06-23T15:15:33+00:00
14346874,todoit,https://todoit.bz/,"+7 (343) 317-25-75",hi@todoit.bz,"https://www.1c-bitrix.ru/upload/iblock/5cb/r3q1c5cz18efl1c4nkfdmmjgkddcar3c/polotno-page_1 (11).png",/partners/partner/14346874/,ru,2026-06-23T15:15:35+00:00
15858664,SiMiX,https://simix.pro/,+78422424790,info@simix.pro,https://www.1c-bitrix.ru/upload/iblock/c94/wf1mpj70xy2vupd5v3wwburuc0sae9s4/main_logo_simix_600_black.png,/partners/partner/15858664/,ru,2026-06-23T15:15:38+00:00
13083,x3Group,https://x3group.ru,"+7 (499) 404-2484",hello@x3group.ru,https://www.1c-bitrix.ru/upload/iblock/b57/g8ntlqnn7dfp3sjk1rp6kza1sqzfx7w4/logo-x3group-175.png,/partners/partner/13083/,ru,2026-06-23T15:15:40+00:00
16557396,Ай-Ти-Про,https://bitrix24.it4pro.ru,"+7 499 350 36 20",bitrix24@it4pro.ru,https://www.1c-bitrix.ru/upload/iblock/8cb/sao286l7uhf80dsyjmjp4w9rsswoq00o/logo1.jpeg,/partners/partner/16557396/,ru,2026-06-23T15:15:42+00:00
15281606,"Double Profit",https://dp-marketing.ru/crm,83422921512,info@dp-marketing.ru,"https://www.1c-bitrix.ru/upload/iblock/4e7/kmf3mrl1q2g1s8z9937dm9mudh3fja7u/Лого (1).png",/partners/partner/15281606/,ru,2026-06-23T15:15:45+00:00
14748788,"Маст Бизнес",https://gk-mact.ru/,,crm@mact.ru,"https://www.1c-bitrix.ru/upload/iblock/6a4/1xyumtco0q2g6v2gv51r98zmcvctw55t/Дизайн без названия (37).png",/partners/partner/14748788/,ru,2026-06-23T15:15:49+00:00
8476,Симай,http://simai.studio/,"+7 (347) 246-85-00, 8-800-2000-865",sale@simai.ru,https://www.1c-bitrix.ru/upload/iblock/a01/logo1.png,/partners/partner/8476/,ru,2026-06-23T15:15:52+00:00
5679217,Профстратег,https://profstrateg.bitrix24.site,"+7 931 594-3033",info@1firm.ru,https://www.1c-bitrix.ru/upload/iblock/872/utn64nuedseklbqbkvxtxjwg1fmv0hyh/logo3.jpeg,/partners/partner/5679217/,ru,2026-06-23T15:15:54+00:00
4425435,ЛидерЦРМ,https://leadercrm.ru,"+7 (351) 799 59 13",info@leadercrm.ru,https://www.1c-bitrix.ru/upload/iblock/5e9/w7tx5fycfqd2upd49up39bmixcxh0s7q/1.png,/partners/partner/4425435/,ru,2026-06-23T15:15:56+00:00
11501934,ЮМИТИ,https://iumiti.ru,+79147117090,info@iumiti.ru,"https://www.1c-bitrix.ru/upload/iblock/1f8/a46k1upzw4klott2mil2o4aid9k04xus/ЮМИТИ 175х54 full.png",/partners/partner/11501934/,ru,2026-06-23T15:15:59+00:00
27334428,CRMjust,https://crmjust24.ru,+79158255150,IT-Just24@yandex.ru,"https://www.1c-bitrix.ru/upload/iblock/ed5/mc8qonr5173t02x4un1ulo9ydh8hdk6t/IMG_20251207_155503 (1) (2).png",/partners/partner/27334428/,ru,2026-06-23T15:16:01+00:00
6878473,"Кухня маркетолога",https://кухнямаркетолога.рф,"+7 913 666-09-46",sales@dakm.ru,https://www.1c-bitrix.ru/upload/iblock/a69/kok2trge1l2ll4noq5run1zt0yc5vavy/km_logo_bus.png,/partners/partner/6878473/,ru,2026-06-23T15:16:03+00:00
7608657,TROFIMOV,https://maksim-trofimov.ru/,,trofmax@mail.ru,"https://www.1c-bitrix.ru/upload/iblock/156/juye4owktip5thsoocztdjd0rcv48du0/Ава моего лого вк группа (1).png",/partners/partner/7608657/,ru,2026-06-23T15:16:05+00:00
23327902,INTOgroup,https://intogroup.pro/,"+7 (964) 726-36-65",info.intogroup@yandex.ru,"https://www.1c-bitrix.ru/upload/iblock/f45/haeddwq0w9h90nvcy1d3qqola09tm9vp/логотип цв@2x.png",/partners/partner/23327902/,ru,2026-06-23T15:16:08+00:00
24077648,"Alma lab.",https://almalab.pro,"+7 936 264 0013",info@almalab.pro,"https://www.1c-bitrix.ru/upload/iblock/fe6/vwcadmwy7iyh0sv4u6ucwgsyvsgea3vx/Основная ава.jpg",/partners/partner/24077648/,ru,2026-06-23T15:16:10+00:00
24738296,"Shevchenko corp",https://shevcorp.ru/,+79119016423,ceo@shev24.ru,"https://www.1c-bitrix.ru/upload/iblock/ce4/6wwh0xes2ddhmxt151ui4qisa1nh156i/лого 175х50.jpg",/partners/partner/24738296/,ru,2026-06-23T15:16:12+00:00
4674329,"Смартнет 24",https://smartnet24.com,"+7 (958) 111-40-84",bitrix_24@smartnet24.com,https://www.1c-bitrix.ru/upload/iblock/abe/logo-smn24.jpg,/partners/partner/4674329/,ru,2026-06-23T15:16:15+00:00
14136598,ZenCRM,https://zencrm.ru,+7(901)469-66-90,info@zencrm.ru,https://www.1c-bitrix.ru/upload/iblock/266/46blfjc9tdqrkgjcp1z23mnvxqd2f8ln/brandmark-design-175x135.png,/partners/partner/14136598/,ru,2026-06-23T15:16:19+00:00
203414,СТЕК,https://www.stekspb.ru,"(812) 363-1787",bitrix@stekspb.ru,https://www.1c-bitrix.ru/upload/iblock/163/0jwu2drhvy6ubthemf9pesl13orxxaia/stekspb_logo.jpg,/partners/partner/203414/,ru,2026-06-23T15:16:22+00:00
17704712,IntPRO,https://intpro24.ru/,+79207624041,kolondar@intpro24.ru,https://www.1c-bitrix.ru/upload/iblock/eba/rhvxlbx31btlp34zckezjdauzcca8ldj/imgonline-com-ua-Resize-7vuO0xHW5Q.jpg,/partners/partner/17704712/,ru,2026-06-23T15:16:24+00:00
17271310,ИКР-Консалтинг,https://ikrgroup.ru/,"+7 812 237-35-95",team@ikrgroup.ru,"https://www.1c-bitrix.ru/upload/iblock/76c/i5dvlfw66qabtcry15fhw6krar64n82u/IKRGROUP_new23 (1) (1).png",/partners/partner/17271310/,ru,2026-06-23T15:16:26+00:00
3348,WEB-технологии,https://bitrix24.elephant-group.ru/,"+7 (383) 210-69-68, +7 (499) 350-56-08, +7 (3842) 777-456",manager@elephant-group.ru,"https://www.1c-bitrix.ru/upload/iblock/adb/ЭЛЕФАНТ_лого и символ (1).png",/partners/partner/3348/,ru,2026-06-23T15:16:29+00:00
20266990,RANDA,https://randa.bitrix24site.ru/,+79083354566,robbakasd@gmail.com,"https://www.1c-bitrix.ru/upload/iblock/50f/d30xgxt4qbnik7ykxdu3x1fefpkhkpi6/48552680 (7) (1).png",/partners/partner/20266990/,ru,2026-06-23T15:16:31+00:00
1465348,МБС,https://mbsgroup.ru/,"+7 812 467-80-98",info@mbsgroup.ru,https://www.1c-bitrix.ru/upload/iblock/25a/dptdfixh8qda3xni6mnb11ystkedu5r1/logotip.png,/partners/partner/1465348/,ru,2026-06-23T15:16:33+00:00
17398724,"Клевер софт",https://clover-digital.ru/b24-2/,+79585853848,s.rusanov@clover-digital.ru,"https://www.1c-bitrix.ru/upload/iblock/72f/xac5p7l2i3pi50y9xg563q9o1nut9wjd/Clover soft logo2.png",/partners/partner/17398724/,ru,2026-06-23T15:16:36+00:00
14785168,Flyunicorn,https://flyunicorn.org,"+7 (999) 120-44-74",flyunicorncrm@gmail.com,https://www.1c-bitrix.ru/upload/iblock/307/uzfywgaajogh2z5k91ieqq4tza42fwnb/photo_2024-02-07_13-37-17.jpg,/partners/partner/14785168/,ru,2026-06-23T15:16:38+00:00
20807296,StatusDigital,https://status-digital.ru,+74954766300,info@status-digital.ru,"https://www.1c-bitrix.ru/upload/iblock/aaf/eu98b8nqeilinreu424t19mkqscuumpn/LOGO SD small.png",/partners/partner/20807296/,ru,2026-06-23T15:16:40+00:00
9713333,ФЛЕШ-ФОРМАТ,https://flashformat.ru,"+7 395 256-71-50",zalessky@flashformat.pro,https://www.1c-bitrix.ru/upload/iblock/7c4/cxbmfwpkwo5d1dvlq1hojiltgbchqrkb/LOGO_2x.jpeg,/partners/partner/9713333/,ru,2026-06-23T15:16:43+00:00
17001910,"АВА ТЕТИС",https://ava-tetis.ru,"+7(495) 414-20-20",a.sh@avrika.ru,"https://www.1c-bitrix.ru/upload/iblock/f0d/u1s1r4l1diw3uaalhqluzht12idkgkzl/Ава Тетис (на сайт Битрикс).png",/partners/partner/17001910/,ru,2026-06-23T15:16:45+00:00
502244,Team-B,https://team-b.ru,+74732000495,sales@team-b.ru,https://www.1c-bitrix.ru/upload/iblock/bf6/ssl1180j0vo5iz37ebql9mfq1tm1oi1r/TeamB_Logo.png,/partners/partner/502244/,ru,2026-06-23T15:16:50+00:00
5159765,"Bazhal Group",http://bazhal.ru,"+7 (495) 005-54-89",sales@bazhal.ru,https://www.1c-bitrix.ru/upload/iblock/bc8/imgonline-com-ua-Resize-LmhbIBS0Ac3bH2R.jpg,/partners/partner/5159765/,ru,2026-06-23T15:16:52+00:00
8189475,ЭКСТРАВЕРТ,https://extravert.bz,"+7 (928) 4000-911",info@extravert.bz,"https://www.1c-bitrix.ru/upload/iblock/584/0phzys8fiuy54kjsh5jr30bhcf22fjtq/Экстраверт лого 134.JPG",/partners/partner/8189475/,ru,2026-06-23T15:16:54+00:00
17654652,Олгрид,https://olgrid.ru/,+79674578903,ooo.allgrid@yandex.ru,https://www.1c-bitrix.ru/upload/iblock/8f0/7xc23uq3mxmbt1k6pni4kgovkb24cwyd/b0f8e4a4_50b2_458d_94e7_2c980b3d.png,/partners/partner/17654652/,ru,2026-06-23T15:16:57+00:00
22525946,САПП,https://sapp24.ru/,+79786714006,sapp24@mail.ru,"https://www.1c-bitrix.ru/upload/iblock/20e/q7ws14xkw0unozobnckzrq7euloifi4h/Логотип САПП черный-01 (1).png",/partners/partner/22525946/,ru,2026-06-23T15:17:00+00:00
13491,"Pride Web Development",https://pwd.ru/,"+7 (926) 092 72 54",info@p-w-d.ru,https://www.1c-bitrix.ru/upload/iblock/d39/leo_pwd_x.png,/partners/partner/13491/,ru,2026-06-23T15:17:02+00:00
6973465,ТЕРАБАЙТ,https://trbyte.ru,"+7 (473) 211-00-12",mail@trbyte.ru,https://www.1c-bitrix.ru/upload/iblock/189/40w7kls30y839u2jt4jol0up4g4ln5ug/terabite-logo-mini-new(2).png,/partners/partner/6973465/,ru,2026-06-23T15:17:05+00:00
16093198,"Деловые информационные системы",https://1c.company-dis.ru/,8-800-700-25-37,office@company-dis.ru,https://www.1c-bitrix.ru/upload/iblock/bdd/pa38e858yb9n9bfdpqy7gvuh71k7pd51/Логотип1.jpg,/partners/partner/16093198/,ru,2026-06-23T15:17:07+00:00
7058147,ARK,https://arkagency.ru,"+7 (861) 217-65-27",info@arkagency.ru,"https://www.1c-bitrix.ru/upload/iblock/06e/0ls02da2xih447idqqs41xany9ricbqf/Лого АРКСТУДИО 175x135.jpg",/partners/partner/7058147/,ru,2026-06-23T15:17:09+00:00
18148246,B2Balance,https://b2balance.ru,"+7 965 161-31-13",info@b2balance.ru,https://www.1c-bitrix.ru/upload/iblock/ece/vn43rhtlzd6l207qb6qovj1z96xfe3xs/b2balance_logo_135.png,/partners/partner/18148246/,ru,2026-06-23T15:17:12+00:00
16524156,"Done IT",https://doneit.ru/,"+7 (929) 421-30-10",info@doneit.ru,https://www.1c-bitrix.ru/upload/iblock/5d3/287ad4xidj56dfhpbhvpf5f9y6d00zvj/doneitlogosmall2.png,/partners/partner/16524156/,ru,2026-06-23T15:17:15+00:00
16124012,CRMкин,https://crmkin.bitrix24.site/,+79034050608,mil-grishin01@yandex.ru,https://www.1c-bitrix.ru/upload/iblock/12b/gxhdyawnzju09z0g3ldte8d06uca13d5/logo_1x(1).png,/partners/partner/16124012/,ru,2026-06-23T15:17:17+00:00
15826786,МЕКО,https://meandko.bitrix24site.ru/,"+7 (919) 225-22-22",info.meandco@inbox.ru,"https://www.1c-bitrix.ru/upload/iblock/585/gx30c8fy068rpe5mprgjk1923nlq4s2m/ЛОГО Для Битрикса.png",/partners/partner/15826786/,ru,2026-06-23T15:17:22+00:00
18004374,"ViDiCo технологии для бизнеса",https://vidico.ru/,+79033282986,vidico@internet.ru,https://www.1c-bitrix.ru/upload/iblock/8ab/9py4vr1chvn4yj1prykfu3zzn6smtfpt/Логотип.png,/partners/partner/18004374/,ru,2026-06-23T15:17:24+00:00
10954146,SRV,https://srv.company/,89003516265,info@srv.company,https://www.1c-bitrix.ru/upload/iblock/e52/1zjfkdzc1gvm4iev6krk0gfcjj7xtsvk/соцсети.png,/partners/partner/10954146/,ru,2026-06-23T15:17:26+00:00
146876,it-in,https://it-in.ru/,"+7 (499) 502-80-23",sales@it-in.ru,https://www.1c-bitrix.ru/upload/iblock/50f/logo10-simple-154x60.png,/partners/partner/146876/,ru,2026-06-23T15:17:29+00:00
18099816,ИМБ-МЕДИА,http://imb-media.ru/,"+7 989 575 68 63",office@imb-media.ru,"https://www.1c-bitrix.ru/upload/iblock/6f7/lxfhe54qvgyc21qrk0jmi0eoaw8jrfmi/п вертикальный оранжевый (2).png",/partners/partner/18099816/,ru,2026-06-23T15:17:31+00:00
16169122,SEVRUK,https://sevruk.pro,"+7 (921) 415-32-78",bitrix24@sevruk.pro,https://www.1c-bitrix.ru/upload/iblock/524/x8sds7576j6nr15fsoqntg5qq31pd407/color_logo_2.png,/partners/partner/16169122/,ru,2026-06-23T15:17:33+00:00
2531187,Index-Soft,https://index-soft.ru/,+79083015505,info@index-soft.ru,"https://www.1c-bitrix.ru/upload/iblock/030/6362djv6isgb1y93gf3hcgq5qvof2aw1/Index-Soft_для Б24.png",/partners/partner/2531187/,ru,2026-06-23T15:17:36+00:00
13403666,"ДК СИСТЕМА",https://dk-system.ru,+74951184034,info@dk-system.ru,https://www.1c-bitrix.ru/upload/iblock/db9/uycgihqn9l6eiq2gljhjempluo3s6jdu/logo_175.jpeg,/partners/partner/13403666/,ru,2026-06-23T15:17:38+00:00
12438446,BZI,https://b24zakharov.bitrix24.site/,79889748125,b24zakharov@gmail.com,https://www.1c-bitrix.ru/upload/iblock/3b3/6k1j2k5i2f3r747lr0a82c7micbm9dwe/лого.jpg,/partners/partner/12438446/,ru,2026-06-23T15:17:40+00:00
5091801,"Income Media",https://income-media.ru/,"+7 (383) 381-57-93",office@income-media.ru,https://www.1c-bitrix.ru/upload/iblock/ed6/xf92xysjauckrf6nfanogn98061lomjt/1666633776397.jpg,/partners/partner/5091801/,ru,2026-06-23T15:17:43+00:00
11527386,IT-Quantum,https://itquantum.ru/,+79280477557,info@itquantum.ru,"https://www.1c-bitrix.ru/upload/iblock/d67/gms540bt3ea3k1fbd97gumrshous7i2p/Group 771266 (1).png",/partners/partner/11527386/,ru,2026-06-23T15:17:45+00:00
8355187,ДЕЛОМАТИКА,https://bitrix24.delomatika.com,+74992291864,sale@delomatika.ru,https://www.1c-bitrix.ru/upload/iblock/ca5/Delomatika_RU_V.jpeg,/partners/partner/8355187/,ru,2026-06-23T15:17:47+00:00
19514562,RESU.SU,https://resu.su,+79120076532,a.mansurov@resu.su,"https://www.1c-bitrix.ru/upload/iblock/9e8/cbethp38z5x9t4sntvtyyd1io6kqzk3x/Frame 65.png",/partners/partner/19514562/,ru,2026-06-23T15:17:52+00:00
20225558,"Kropotov Team",https://kropotovteam.ru/,+79197957056,b24integrator@mail.ru,"https://www.1c-bitrix.ru/upload/iblock/3ab/f01o5opln7n7hfob5db03jp59ls3ea1e/logo kteam b 135.png",/partners/partner/20225558/,ru,2026-06-23T15:17:54+00:00
6091981,"Денис Серяпин",https://profitcrm.bitrix24.site,"+7 (905) 227-73-42",seryapin.da@yandex.ru,"https://www.1c-bitrix.ru/upload/iblock/bd5/q2wkdp5srk09s5gso8g68690b3s2auyr/Денис Серяпин - логотип 3.png",/partners/partner/6091981/,ru,2026-06-23T15:17:57+00:00
6873499,"ЦИТ Регион",https://citregion.garant.ru/,"+7 843 250-0014",bitrix24@citregion.ru,"https://www.1c-bitrix.ru/upload/iblock/abe/iu8iw3tx704205r2ocqltg570nkwm3jr/ЦИТ Регион лого.png",/partners/partner/6873499/,ru,2026-06-23T15:17:59+00:00
331011,DanKom,https://dankom.ru,+7(4722)20-52-19,dev@dankom.ru,https://www.1c-bitrix.ru/upload/iblock/ccf/logo3.png,/partners/partner/331011/,ru,2026-06-23T15:18:01+00:00
20030208,Bihelp,https://bihelp.ru/,+79217897272,info@bihelp.ru,"https://www.1c-bitrix.ru/upload/iblock/630/drcrgi91yfd3zi1uhd4cgsf2q9pd3wrh/лого 175х135.png",/partners/partner/20030208/,ru,2026-06-23T15:18:04+00:00
327822,BREVIS.promo,https://brevis-site.ru/,"(4872) 52-40-45",info@brevis-site.ru,"https://www.1c-bitrix.ru/upload/iblock/9cf/jgj3r0qp1ckhycr76h5tyru3socbohnk/Лого бревис промо черный (1).png",/partners/partner/327822/,ru,2026-06-23T15:18:06+00:00
10131902,ФорАйТи,https://fourit.net,"+7 (967) 555-79-95",info@fourit.net,"https://www.1c-bitrix.ru/upload/iblock/025/0hpvvjbfnwoxinoh5x1f7flc82ow512p/logo black colored small (1) (1).png",/partners/partner/10131902/,ru,2026-06-23T15:18:08+00:00
24193986,L14,https://l14pro.ru/,"+7 999 444 53 07",info@l14pro.ru,https://www.1c-bitrix.ru/upload/iblock/9a6/mjln3p6bkxgk8km6ci1q146267cky1is/mini_logo_l14.png,/partners/partner/24193986/,ru,2026-06-23T15:18:12+00:00
20957302,Мейнсофт,https://mainsoft.su,"+7 842 278-75-95",info@mainsoft.su,https://www.1c-bitrix.ru/upload/iblock/5d2/sozabdq872doj8ln643wwcvv61crvqux/ikonka_bez_fona.png,/partners/partner/20957302/,ru,2026-06-23T15:18:14+00:00
8236641,"Ryazantsev & Partners",https://rpgroup.ru,"+7 (495) 414 11-11",contact@rpgroup.ru,https://www.1c-bitrix.ru/upload/iblock/9aa/jpeg2small.png,/partners/partner/8236641/,ru,2026-06-23T15:18:17+00:00
11466502,СмартКонсалтинг,https://www.scb.su,"8 (843) 212 11 87",gkh.valeeva@scb.su,https://www.1c-bitrix.ru/upload/iblock/b9b/lwkswon1zccfl3ogluh8edqi3jq6vn2t/fav.jpg,/partners/partner/11466502/,ru,2026-06-23T15:18:20+00:00
12523868,"Биз Левел Ап",https://bizlevelup.ru,+79961276228,bizlvlup@mail.ru,"https://www.1c-bitrix.ru/upload/iblock/ebc/2oii7cx2a345g3xdq2mltwxou4083bwo/логотип 175.png",/partners/partner/12523868/,ru,2026-06-23T15:18:25+00:00
11403134,Тедли,https://tedly.ru/,83852572390,web@tedly.ru,https://www.1c-bitrix.ru/upload/iblock/c65/t00wsa3p8rb6x35voecqx9xfdk6fm78o/logo__tedly.png,/partners/partner/11403134/,ru,2026-06-23T15:18:27+00:00
13842708,"Blueberry Digital",https://blueberry-digital.ru/,"+7 (919) 046 47 72",andrianov@blueberry-digital.ru,https://www.1c-bitrix.ru/upload/iblock/4c9/h7ns5ljud2oebt81rdjlgyf5kcwqjeqd/Logo_kvadrat.png,/partners/partner/13842708/,ru,2026-06-23T15:18:30+00:00
16274658,"АЙТИ НЕБО",https://nebo.me,+74954310055,info@nebo.me,https://www.1c-bitrix.ru/upload/iblock/d80/tl2k0nwkrqmzg1evand8jyk1k9ex4pu9/N-black-круг.png,/partners/partner/16274658/,ru,2026-06-23T15:18:33+00:00
456017,"Группа компаний ""ЧДК""",https://ca4dk.ru/,(812)334-44-73,vap@gk4dk.ru,https://www.1c-bitrix.ru/upload/iblock/483/i9601z6tp14u9wuj2uavkqjzeuxgqwme/littlest.jpg,/partners/partner/456017/,ru,2026-06-23T15:18:36+00:00
11349936,"NORTH PRIME",https://northprime.ru,"+7 3462 62 09 69",info@nprime.ru,"https://www.1c-bitrix.ru/upload/iblock/d4b/m9xsdkg36t6om5dlmn8t26363url2ac7/Logo NP black (175х62).jpg",/partners/partner/11349936/,ru,2026-06-23T15:18:39+00:00
1442786,ГенКлауд,https://gencloud.ru/crm/bitrix24/,"8 (800) 7775847",info@gencloud.ru,"https://www.1c-bitrix.ru/upload/iblock/979/ze739zkj33tvjylb3hgnc4rvhd3opsdy/Лого без фона.png",/partners/partner/1442786/,ru,2026-06-23T15:18:41+00:00
3908471,ЛОГАСОФТ,https://логасофт.рф/,"8 812 9000237",knat@logasoftplus.ru,https://www.1c-bitrix.ru/upload/iblock/312/xaykloyzpnl6kxrtmcuf3f2tr6ppce34/743975eb-8cef-401d-86f2-2e3c5d4cc5b2.png,/partners/partner/3908471/,ru,2026-06-23T15:18:44+00:00
7855943,OPTIMA,https://optimal-crm.ru/?utm_source=partners,"7 495 118-25-06",info@optimal-crm.ru,https://www.1c-bitrix.ru/upload/iblock/b32/joxi_screenshot_1531170235228.png,/partners/partner/7855943/,ru,2026-06-23T15:18:46+00:00
67737,Fusion,https://efusion.ru/?utm_source=bitrix&utm_medium=article&utm_campaign=fusion,"+7 (495) 287-08-66",info@efusion.ru,https://www.1c-bitrix.ru/upload/iblock/0a7/6ecpe6j434skxpmmodylsq5k39k80t7s/logo.png,/partners/partner/67737/,ru,2026-06-23T15:18:49+00:00
44401,"Группа компаний Навигатор",http://web.nav-it.ru,"+7 (812) 495-63-39, +7 (495) 988-64-74, 8 (800) 100-02-73",b_notice@nav-it.ru,https://www.1c-bitrix.ru/upload/iblock/a00/Navigator175.png,/partners/partner/44401/,ru,2026-06-23T15:18:52+00:00
15748432,Румикон,https://rumicon.ru/,"+7 (812) 604-70-39",integrator@rumicon.ru,"https://www.1c-bitrix.ru/upload/iblock/fe9/huvcwcmqjcw8hog5apybup0uf05x5oyn/Без названия.png",/partners/partner/15748432/,ru,2026-06-23T15:18:55+00:00
53936,Матрица,https://bitrix24.mtrx.ru,"+7 958 100 83 95",bitrix24@mtrx.ru,https://www.1c-bitrix.ru/upload/iblock/b61/ehkymmjddj4lsc973ss1btnuy6zliofk/matrix-9p-ish-jpg.jpg,/partners/partner/53936/,ru,2026-06-23T15:19:00+00:00
8098785,ЛАЙМ,https://limecrm.ru/,+73412260517,hello@limecrm.ru,"https://www.1c-bitrix.ru/upload/iblock/dbd/Лого для amoCRM.jpg",/partners/partner/8098785/,ru,2026-06-23T15:19:02+00:00
6014403,"CHECK CRM",https://chekunov.com,+74952411826,hello@chekunov.com,https://www.1c-bitrix.ru/upload/iblock/7cd/6fkwq8z5w1vopge1ortsvmf5u1ww8p5o/checkcrm.png,/partners/partner/6014403/,ru,2026-06-23T15:19:04+00:00
301285,Софтлайн,https://softline.ru/,"+7 (495) 232-00-23",info@softline.com,https://www.1c-bitrix.ru/upload/iblock/f8e/kr0mee2g68y6pes27r55vt56h20fua0f/Софтлайн-решения+SOFL_Logo_7b0d790008c2d99c84a1493e5d9f29ea8ab39ef655dd559d3bf729cd21450b914109967657.png,/partners/partner/301285/,ru,2026-06-23T15:19:07+00:00
1206257,Софтсервис-КМВ,https://softservis24.ru,"(8172) 580-577",soft@softservice-kmv.ru,https://www.1c-bitrix.ru/upload/iblock/fdc/SSKMV-logo4.jpg,/partners/partner/1206257/,ru,2026-06-23T15:19:09+00:00
12648316,Academy24,https://Academy24.pro,"+7 (988) 563-01-27",Office@academy24.pro,https://www.1c-bitrix.ru/upload/iblock/06f/imgonline-com-ua-Resize-HiCJWsyMdSn2J.png,/partners/partner/12648316/,ru,2026-06-23T15:19:12+00:00
8557163,TSL,https://truesales.org/,+7-499-113-94-43,Babanov.Ivan@truesales.org,https://www.1c-bitrix.ru/upload/iblock/5c5/TSL_иконка_135x135.png,/partners/partner/8557163/,ru,2026-06-23T15:19:14+00:00
2071715,Мозготека,https://mozgoteka.ru,"8 800-551-09-33",hello@mozgoteka.ru,"https://www.1c-bitrix.ru/upload/iblock/d3b/MozgoLOGO-02 (на сайт партнеров Б24).png",/partners/partner/2071715/,ru,2026-06-23T15:19:17+00:00
14014262,СателАБ,https://satelab.ru,+79167382929,info@satelab.ru,"https://www.1c-bitrix.ru/upload/iblock/c10/gu8s12i9jaq6f2ljrgjuqcgicyezcbqt/квадрат, без фона (135х128).png",/partners/partner/14014262/,ru,2026-06-23T15:19:19+00:00
2509,Инфо-Эксперт,https://www.info-expert.ru,"8 (8452) 46-70-10",sales@info-expert.ru,https://www.1c-bitrix.ru/upload/iblock/6d0/jqqmwn2z7l7g6kuqv4wsmr5fd1jq6qmz/ie_blue__175.png,/partners/partner/2509/,ru,2026-06-23T15:19:22+00:00
1197701,SmartProjects,https://smartprojects.ru,"+7 (939) 555-49-84",info@smartprojects.ru,https://www.1c-bitrix.ru/upload/iblock/f65/a19upeb16nixwpkw12axy3yga5giqat3/logo_s24.png,/partners/partner/1197701/,ru,2026-06-23T15:19:24+00:00
16496500,Tados,https://tados.ru/,+7(342)298-80-70,support@tados.ru,"https://www.1c-bitrix.ru/upload/iblock/c13/3ctfbaanxk65lo95zw23dqsddcgogdk7/Logo Tados.png",/partners/partner/16496500/,ru,2026-06-23T15:19:26+00:00
7922427,"Карпов и Партнеры",https://karpovpartners.ru,"+7 861 217-60-96",info@karpovpartners.com,https://www.1c-bitrix.ru/upload/iblock/c80/logo-bx24.png,/partners/partner/7922427/,ru,2026-06-23T15:19:31+00:00
1733829,CRMprosto,https://CRMprosto.ru,89831535171,hello@crmprosto.ru,"https://www.1c-bitrix.ru/upload/iblock/83b/Логотип для битрикс24.jpg",/partners/partner/1733829/,ru,2026-06-23T15:19:34+00:00
152747,Trionix,https://trionix.biz/,"+7 (8512) 464148",info@trionix.biz,"https://www.1c-bitrix.ru/upload/iblock/f66/anmvens2mj11j4pqws6y9x8al5ult0q8/лого 600-600.jpg",/partners/partner/152747/,ru,2026-06-23T15:19:37+00:00
4061233,LIDKOM.RU,https://lidkom.ru,+7(3412)77-44-28,office@lidkom.ru,"https://www.1c-bitrix.ru/upload/iblock/dc1/4pywqhut8isqlu4vjanpp9y6dlb6rxz7/логотип без фона (1) (1).png",/partners/partner/4061233/,ru,2026-06-23T15:19:39+00:00
236534,Айтигро,https://www.itgro.ru,"+7 (343) 272-30-33",itgro@itgro.ru,https://www.1c-bitrix.ru/upload/iblock/3a4/logotip-vektor_02.png,/partners/partner/236534/,ru,2026-06-23T15:19:42+00:00
4933823,Битроид,https://bitroid.ru/contacts/,"+7 495 414-28-08",b24@bitroid.ru,"https://www.1c-bitrix.ru/upload/iblock/4dc/hi30dhejjm05ncw108arjz5fs7zmlaoj/logo250x82 (изготовленный на заказ).png",/partners/partner/4933823/,ru,2026-06-23T15:19:44+00:00
1257928,"Media Instance",https://media-instance.ru,"+7 3452 57-83-75",order@media-instance.ru,https://www.1c-bitrix.ru/upload/iblock/a88/6z2x2yv3ubgeugmq1lux3g8aacvacmaq/logo_.png,/partners/partner/1257928/,ru,2026-06-23T15:19:46+00:00
317080,Улей,https://wehive.digital,"+7 (812) 648-23-34",welcome@wehive.ru,https://www.1c-bitrix.ru/upload/iblock/f5b/913dhh33qrb8hovqnkvt1git7qwof5ly/log.png,/partners/partner/317080/,ru,2026-06-23T15:19:49+00:00
5318225,Ligr,https://ligr.pro,+73833120115,info@ligr.pro,"https://www.1c-bitrix.ru/upload/iblock/789/LOGO LIGR.jpg",/partners/partner/5318225/,ru,2026-06-23T15:19:51+00:00
12514120,"Русский Бит",https://crmnow.ru/,"+7 966 666 70 24",crmnow@crmnow.ru,https://www.1c-bitrix.ru/upload/iblock/b61/fcla2l2na9ocwqjbqn13nk9rq59fb7dd/logo.png,/partners/partner/12514120/,ru,2026-06-23T15:19:53+00:00
7476275,Inter-M,https://inter-m24.ru/,+7(499)-229-29-94,info@inter-m24.ru,"https://www.1c-bitrix.ru/upload/iblock/131/лого 175.jpg",/partners/partner/7476275/,ru,2026-06-23T15:19:57+00:00
11544752,AlekLomov,https://aleklomov.ru/,+79251896532,info@aleklomov.ru,"https://www.1c-bitrix.ru/upload/iblock/0fd/86k32gs797cjbw8t4vnawxkxnjgadzyf/hello world_200_47 (1).png",/partners/partner/11544752/,ru,2026-06-23T15:19:59+00:00
13465656,"THE BEST CHECK",https://thebestcrm24.ru/,+79256343530,info@bestcheck.ru,"https://www.1c-bitrix.ru/upload/iblock/abf/miu06agkfzoyv653d8d5zw141m7c1r1m/лого The Best Check.jpg",/partners/partner/13465656/,ru,2026-06-23T15:20:05+00:00
311377,Онлайн-Сервис,https://www.on-lineservice.ru/,"+7 800 200 30 71",info@on-lineservice.ru,https://www.1c-bitrix.ru/upload/iblock/2bf/logo2.png,/partners/partner/311377/,ru,2026-06-23T15:20:08+00:00
984390,"Агент 5",https://www.agent5.ru,"(343) 302-13-09",demo@agent5.ru,https://www.1c-bitrix.ru/upload/iblock/408/A5_logo-175.jpg,/partners/partner/984390/,ru,2026-06-23T15:20:10+00:00
8684495,"МАКС Агентство Управления Бизнесом",https://agencymaks.ru,8-800-201-567-1,info@agencymaks.ru,"https://www.1c-bitrix.ru/upload/iblock/936/znsk2j9zfo3v22nq5f0ah3hawl3suzpc/Logo MAKC — копия (2).png",/partners/partner/8684495/,ru,2026-06-23T15:20:12+00:00
1383551,Техноград,https://b24.tehgrad.ru/,"+7 (343) 384-55-22",sales@tehgrad.ru,"https://www.1c-bitrix.ru/upload/iblock/ad5/Куб битрикс.png",/partners/partner/1383551/,ru,2026-06-23T15:20:15+00:00
10788782,АВИАНТ,https://bit24.aviant.ru/,8-800-100-89-60,bit24@aviant.ru,"https://www.1c-bitrix.ru/upload/iblock/cb5/Логотип авиант.png",/partners/partner/10788782/,ru,2026-06-23T15:20:17+00:00
9841165,ТОЛК,https://tolk24.ru/,+79303331658,bitrix@tolk24.ru,"https://www.1c-bitrix.ru/upload/iblock/f63/qxd5x4uvesvcrodfb5goj8k7vl1pwrlc/Лого ТОЛК 175 на 135.png",/partners/partner/9841165/,ru,2026-06-23T15:20:20+00:00
331492,SALERMAN,https://salerman.agency/?utm_source=b24,"7 (391) 205-13-82",hello@salerman.agency,https://www.1c-bitrix.ru/upload/iblock/e0d/logo_gorizontal.png,/partners/partner/331492/,ru,2026-06-23T15:20:22+00:00
7131285,"IDC IT",https://idcit.ru,"+7 (812) 900-33-66",i@idcit.ru,https://www.1c-bitrix.ru/upload/iblock/6fd/logo_square_rounded_blue.mini.png,/partners/partner/7131285/,ru,2026-06-23T15:20:24+00:00
14172692,РЕШЕНИЕ,https://ooofix.ru/,+74957778896,support@ooofix.ru,https://www.1c-bitrix.ru/upload/iblock/189/kpu0lkuygocgpb179hunzs0w8ethv5f3/reshenie-partner-b24.png,/partners/partner/14172692/,ru,2026-06-23T15:20:27+00:00
14651512,NaikinSoft,https://naikinsoft.ru/,+79273311338,naikinsoft@gmail.com,https://www.1c-bitrix.ru/upload/iblock/1c4/ijml1ni07akhgaljt2r633sbcnu6oc2o/135х135.png,/partners/partner/14651512/,ru,2026-06-23T15:20:29+00:00
1427158,PALAX,https://b24.palax.info,"+7 (8332) 752-900",b24@palax.info,https://www.1c-bitrix.ru/upload/iblock/ccc/x9jw53yk6mlfyonpqxffqyiatr186vhm/logo_palax.jpg,/partners/partner/1427158/,ru,2026-06-23T15:20:31+00:00
8014193,"IT РЕШЕНИЯ 24",https://itr24.com,8(4932)246077,info@itr24.com,https://www.1c-bitrix.ru/upload/iblock/cb3/ghldg9jmuj90dq5brl8u73dxzou7vn2y/ITR24-Master_фон.png,/partners/partner/8014193/,ru,2026-06-23T15:20:36+00:00
5136707,ПроБизнес,https://mycrm.bitrix24.site,89185581876,bitrix24pb@yandex.ru,"https://www.1c-bitrix.ru/upload/iblock/6f9/Логотип ПРО.png",/partners/partner/5136707/,ru,2026-06-23T15:20:39+00:00
1757629,o2it,https://o2it.ru,"8 800 351 16 65",info@o2it.ru,"https://www.1c-bitrix.ru/upload/iblock/fac/9ffjz0edfj4bfka2gq420ckkudp53q58/Group 180 (3).png",/partners/partner/1757629/,ru,2026-06-23T15:20:41+00:00
8756683,"Диджитал Инновации",https://di-innova.ru,"+7 495 414-17-22",i.domnin@di-innova.ru,https://www.1c-bitrix.ru/upload/iblock/d7f/imgonline-com-ua-Resize-YvyRLm53AXyv.jpg,/partners/partner/8756683/,ru,2026-06-23T15:20:43+00:00
1273342,"Интернет-агентство Р52.РУ","https:// Р52.РУ","+7 (831) 231-03-19",r52@r52.ru,https://www.1c-bitrix.ru/upload/iblock/031/7ru8pveue9z2jf389ai1i1z9alurfpoq/черный-_1_-_1_.png,/partners/partner/1273342/,ru,2026-06-23T15:20:46+00:00
7750597,Risoma.ru,https://risoma.ru/bitrix#b24,"+7 (909) 872-11-96",deminanton13@gmail.com,"https://www.1c-bitrix.ru/upload/iblock/df1/un1nl27g4ocrodvsq794qwrik8pa2lvu/Дизайн без названия (28).png",/partners/partner/7750597/,ru,2026-06-23T15:20:49+00:00
1073733,Solve.PRO,https://www.solve.pro,"+7 985-236-05-75",info@solve.pro,https://www.1c-bitrix.ru/upload/iblock/f4a/logo.png,/partners/partner/1073733/,ru,2026-06-23T15:20:51+00:00
13903856,"Dark Horse it",https://dh-it.ru,89539726513,sales@dh-it.ru,"https://www.1c-bitrix.ru/upload/iblock/007/atg6bg8of481xqf6cih8w8t4dy2gplf5/финал лого.png",/partners/partner/13903856/,ru,2026-06-23T15:20:53+00:00
6760301,Логема,https://logema.org/?utm_source=bitrix24,"+7 8442 50 01 08",ask_b24@logema.org,"https://www.1c-bitrix.ru/upload/iblock/5e2/8q343m29960khgun7t8vk5k3lelyy7cp/Лого Битрикс 24 - для списка партнёров - посадка.jpg",/partners/partner/6760301/,ru,2026-06-23T15:20:56+00:00
40652,"1C-Архитектор бизнеса",https://www.1ab.ru/,"+7 (495) 660-18-12",order@1ab.ru,https://www.1c-bitrix.ru/upload/iblock/068/1ab_logo_600.jpg,/partners/partner/40652/,ru,2026-06-23T15:20:58+00:00
4453807,ALTERATE,https://alterate.ru,+79063230803,info@alterate.ru,"https://www.1c-bitrix.ru/upload/iblock/fa1/us6wor4x0872aew5yxjo7cfewc5d85kt/2 (2).jpg",/partners/partner/4453807/,ru,2026-06-23T15:21:00+00:00
8236833,GoldPartners24,https://goldpartners24.ru/,"+7 (800) 201-40-28",mail@goldpartners24.ru,"https://www.1c-bitrix.ru/upload/iblock/f7b/ydh57v6negefoh8hmj33ye8bgayb9f06/logoza.ru (8) (2).png",/partners/partner/8236833/,ru,2026-06-23T15:21:03+00:00
6985307,"IT Архитектура",https://it-a.pro,"+7 (905) 871-555-7",info@it-a.pro,"https://www.1c-bitrix.ru/upload/iblock/fec/yvc3cr3xszp4tn731887caxc31agn5e8/Логотип IT-Архитектура_blue 2 — для битрикс.png",/partners/partner/6985307/,ru,2026-06-23T15:21:08+00:00
7739645,"SHOCK:OFF УМНЫЙ МАРКЕТИНГ",https://shockoff.ru,"+7 901 310-07-25",se@shockoff.ru,"https://www.1c-bitrix.ru/upload/iblock/c25/cmk9a25zge2a01szqqmuv27psgm4565x/Логотип Цвет 190.png",/partners/partner/7739645/,ru,2026-06-23T15:21:10+00:00
6897021,"Акулы продаж",https://akulapro.ru,89955950905,hello@akulapro.ru,https://www.1c-bitrix.ru/upload/iblock/1f9/hpjrp3frofe9elxpuhu7v4cdn4x6vafw/preview_full.png,/partners/partner/6897021/,ru,2026-06-23T15:21:12+00:00
99436,WestPower,https://www.westpower.ru,"+7 (4012) 770 773",info@westpower.ru,https://www.1c-bitrix.ru/upload/iblock/2a8/p6lls2soqfbn0vee3oy5dvsx0tq8bv67/westpower_new_logo_fin.png,/partners/partner/99436/,ru,2026-06-23T15:21:15+00:00
13367370,TXTON,https://txton.ru,+73512202242,info@txton.ru,https://www.1c-bitrix.ru/upload/iblock/f8b/5zrou1j0fdiebbjslu213pwctob7swxs/TXTON_logo_new_color_175_135.png,/partners/partner/13367370/,ru,2026-06-23T15:21:17+00:00
8868333,Контур39,https://www.kontur39.ru,+74012988654,sale@kontur39.ru,"https://www.1c-bitrix.ru/upload/iblock/f01/контур лого1.jpg",/partners/partner/8868333/,ru,2026-06-23T15:21:19+00:00
6442,1С-Мссофт.ру,https://www.mssoft.ru,"(812) 385-2222",info@mssoft.ru,"https://www.1c-bitrix.ru/upload/iblock/254/8dv87r9ckh9c3s0oed5xibjabxuelpl5/лого МССОФТ гориз 175 px.jpg",/partners/partner/6442/,ru,2026-06-23T15:21:22+00:00
9472009,IT'Sfera,https://it-sfera24.ru,+79330916661,info@it-sfera24.ru,"https://www.1c-bitrix.ru/upload/iblock/e55/C__fakepath_Лого новый 175пикс.png",/partners/partner/9472009/,ru,2026-06-23T15:21:24+00:00
7436153,navrotsky.ru,https://navrotsky.ru,89679741313,alexandr@navrotsky.ru,"https://www.1c-bitrix.ru/upload/iblock/a57/tshy8kqfglz32wqm53gdu08ae0vq8wh4/iScreen Shoter - Google Chrome - 230830115738.jpg",/partners/partner/7436153/,ru,2026-06-23T15:21:27+00:00
1503933,UPSELLERS,https://upsellers.ru,79282620737,info@upsellers.ru,https://www.1c-bitrix.ru/upload/iblock/bc0/logo-180-60B.png,/partners/partner/1503933/,ru,2026-06-23T15:21:29+00:00
16325932,Власов24,https://crm-vlasov.ru/,88122408488,sale@crm-vlasov.ru,https://www.1c-bitrix.ru/upload/iblock/1f6/q8sek1is19cjpdxte7hg9x6ctg4mm771/imgonline-com-ua-Resize-cUINAERRgOfn.png,/partners/partner/16325932/,ru,2026-06-23T15:21:31+00:00
14217964,IT-Creator,https://itcreator.ru,"7 495 476-67-00",info@itcreator.ru,"https://www.1c-bitrix.ru/upload/iblock/2a7/nsb7rtbb958tjatir6xcr0rc1p6yqxz6/it creator 175 135.png",/partners/partner/14217964/,ru,2026-06-23T15:21:34+00:00
9532775,"Za4em IT",https://zachem.info,89025132989,info@zachem.info,"https://www.1c-bitrix.ru/upload/iblock/794/n7b3droz0syrvmgi2954u0nwlh8mz0xu/Лого_za4em it_цвет.jpg",/partners/partner/9532775/,ru,2026-06-23T15:21:40+00:00
9845863,AlarmaPlus,https://alarmaplus.bitrix24site.ru/,+79172224670,info@alarmaplus.ru,https://www.1c-bitrix.ru/upload/iblock/7ed/vetpqv0cb99hws6u7p9n7ken5klbtvte/alarma_logo175.png,/partners/partner/9845863/,ru,2026-06-23T15:21:42+00:00
8233109,Vision,http://crm-vision.ru,+7-928-818-19-89,amirokov@crm-vision.ru,https://www.1c-bitrix.ru/upload/iblock/4da/z77flq9uiz3t0v89h6qdh2a1j9ignwvf/crm.jpg,/partners/partner/8233109/,ru,2026-06-23T15:21:44+00:00
8952759,Realink,https://realink.pro/,"+7 (812) 240 73 47",hello@realink.pro,https://www.1c-bitrix.ru/upload/iblock/b44/fy309h5hret4qg9yyk9vh965t0d7uqy8/LogoREALINKбез-фоначерн.png,/partners/partner/8952759/,ru,2026-06-23T15:21:47+00:00
22735018,"Лаборатория защиты информации",https://b24.labzi.ru,"+7 (920) 613-29-13",b24@labzi.ru,https://www.1c-bitrix.ru/upload/iblock/dfb/sa1g3cq5814uoid6gml25cbu70bnbmbc/photo_2024-09-25_12-00-56.jpg,/partners/partner/22735018/,ru,2026-06-23T15:21:49+00:00
8837609,"Company System Solutions",https://css61.ru/,"+7 (499) 577-04-02",info@css61.ru,https://www.1c-bitrix.ru/upload/iblock/276/175x34.png,/partners/partner/8837609/,ru,2026-06-23T15:21:51+00:00
13705428,Sellerov,https://sellerov.bitrix24site.ru,,alexander.sellerov@yandex.ru,https://www.1c-bitrix.ru/upload/iblock/49f/bgmd1j1o7m63vuwa8hl6htcua30ist3b/logo.jpg,/partners/partner/13705428/,ru,2026-06-23T15:21:54+00:00
12463692,Лид.Студия,https://lid.group,"+7 (343) 317-14-18",info@lid.group,"https://www.1c-bitrix.ru/upload/iblock/8bf/xaexnbuwnkg7wwrycczeo74zudsch6ed/лид 20262.jpg",/partners/partner/12463692/,ru,2026-06-23T15:21:56+00:00
704814,"ИТ Сервис 21",https://itservis21.ru/,"+7 (8352) 20-24-71, +7 901 417-24-11",info@servis21.ru,https://www.1c-bitrix.ru/upload/iblock/944/logotip.png,/partners/partner/704814/,ru,2026-06-23T15:21:59+00:00
2092555,CRMAnalytics,https://crmanalytics.ru,+79219260260,hello@crmanalytics.ru,https://www.1c-bitrix.ru/upload/iblock/78e/Лого-CRM.png,/partners/partner/2092555/,ru,2026-06-23T15:22:02+00:00
9956393,Helpbis,https://helpbis.ru,"8 800 707 7669",bitrix24@helpbis.ru,https://www.1c-bitrix.ru/upload/iblock/d58/p3kfwsss0zlk3hp1wrke9ooru93m4ppt/logo_135-135.png,/partners/partner/9956393/,ru,2026-06-23T15:22:04+00:00
6078777,Vasin,https://vasin24.ru/,+79120873698,ialexandrvas@yandex.ru,"https://www.1c-bitrix.ru/upload/iblock/b3f/4oue1z1ovalg6itsi03k03vxtp0lr63n/Лого для Б24 (2).png",/partners/partner/6078777/,ru,2026-06-23T15:22:07+00:00
13281396,BAIRON,https://bairon74.ru/,+79193356207,popov_ss@mail.ru,https://www.1c-bitrix.ru/upload/iblock/770/s17x3ychhwfh2eqqjornxu8ywid1x0os/Bairon_квадратный_135.jpg,/partners/partner/13281396/,ru,2026-06-23T15:22:12+00:00
13629854,smartBPMN.,https://smartbpmn.ru,"+7 (918) 545-91-76",and9185459176@gmail.com,https://www.1c-bitrix.ru/upload/iblock/804/qeawvmcow8d1j7cqccpxxosi1cz0x4hg/лого.bmp,/partners/partner/13629854/,ru,2026-06-23T15:22:21+00:00
9710045,Вектор,https://system-vector.com,+79667700387,crm@system-vector.com,https://www.1c-bitrix.ru/upload/iblock/33c/die37zt5o1y1l384fmb2wss7fyoeqdga/LogoVector.png,/partners/partner/9710045/,ru,2026-06-23T15:22:23+00:00
9460507,"Ключевые Ресурсы",https://crmlogistic.bitrix24.site/,79063210104,info@stobitrix.ru,https://www.1c-bitrix.ru/upload/iblock/9eb/077.jpg,/partners/partner/9460507/,ru,2026-06-23T15:22:25+00:00
16946940,SimpleSales,https://simsales.ru/,+79657880178,crm@simsales.ru,"https://www.1c-bitrix.ru/upload/iblock/634/7z4ggjrqqzw1wdru1x0z11sod4tb74fs/simplesales_logo (1).png",/partners/partner/16946940/,ru,2026-06-23T15:22:28+00:00
8547749,Finzor,https://finzor.tech,"+7 (8162) 33-99-02",adb@abessonov.ru,https://www.1c-bitrix.ru/upload/iblock/09c/sxc352lwsubbsiu80z1bwfw1vm8o2kj7/Logo-to-bitrix.png,/partners/partner/8547749/,ru,2026-06-23T15:22:30+00:00
10323008,АДАМАРТ,https://adamart.pro/,"+7 (988) 137-70-07",sales@adamart.pro,https://www.1c-bitrix.ru/upload/iblock/31c/ktb859w7cg3xst02waaw3a2396juqca3/adamart_175x135.png,/partners/partner/10323008/,ru,2026-06-23T15:22:32+00:00
473,ATTA,https://atta.ru,"+7 (495) 223-23-86",info@atta.ru,https://www.1c-bitrix.ru/upload/iblock/cb7/logo_135.png,/partners/partner/473/,ru,2026-06-23T15:22:35+00:00
9365919,CRMPROGRESS,https://crmprogress.ru,"8 (923) 888 45 87",info24@crmprogress.ru,https://www.1c-bitrix.ru/upload/iblock/663/Лучший.png,/partners/partner/9365919/,ru,2026-06-23T15:22:37+00:00
6986499,ARTBYTE,https://artbyte.agency,"+7 (800) 551-33-83",info@artbyte.agency,"https://www.1c-bitrix.ru/upload/iblock/90d/g9gxf6wwicep5r4edr264q9hz8wyaqup/logo-text (2).png",/partners/partner/6986499/,ru,2026-06-23T15:22:39+00:00
5792887,webdvl,https://webdvl.ru,"+7 925 611 34 04",ceo@webdvl.ru,https://www.1c-bitrix.ru/upload/iblock/7fa/0icwzia91k10h33lck9l50hu1kzoshta/fjwngodqpi20ym543h7uod3pwdtseo9z.png,/partners/partner/5792887/,ru,2026-06-23T15:22:42+00:00
12798034,Айпикс,https://aipix.ru,88124674992,sales@aipix.ru,https://www.1c-bitrix.ru/upload/iblock/7ed/fhuplvee7adj1mrfkgh4aftx9ncm0tcs/Айпикс.png,/partners/partner/12798034/,ru,2026-06-23T15:22:44+00:00
11307644,AXIOMCRM,https://axiomcrm.ru/,+79994441605,info@axiomcrm.ru,https://www.1c-bitrix.ru/upload/iblock/f21/mybif97vfqq8krypa0al4seetx1755ip/aximlogo.png,/partners/partner/11307644/,ru,2026-06-23T15:22:50+00:00
15230900,"Эффективные решения по автоматизации",https://asbni.ru/,,mail@asbni.ru,"https://www.1c-bitrix.ru/upload/iblock/a10/l2j7sei1q3m5psbyfjm4xupzsz9rzlbq/Дизайн без названия.jpg",/partners/partner/15230900/,ru,2026-06-23T15:22:53+00:00
14321518,"AI samurai",https://aisamurai.ru/,"+7 499 938-63-69",mail@aisamurai.ru,https://www.1c-bitrix.ru/upload/iblock/d07/3gwmkofkxvmww7vq7jff9ll74ix3gcz7/New_logo_SITE_clean.png,/partners/partner/14321518/,ru,2026-06-23T15:22:56+00:00
5141571,CRMtune,https://crmtune.ru,"+7 (911) 218-06-47",info@crmtune.ru,https://www.1c-bitrix.ru/upload/iblock/85a/1dy8z7wgba25blggr9wkkgq6io77bgb7/crmtune_logo_for_partner_b24.png,/partners/partner/5141571/,ru,2026-06-23T15:22:59+00:00
18696534,СЕТИ24,https://seti24.ru,+74954766770,info@seti24.ru,"https://www.1c-bitrix.ru/upload/iblock/d02/3b16xpnbhmhy3juzygjr3oomce608tug/Лого для Б24 (1).png",/partners/partner/18696534/,ru,2026-06-23T15:23:01+00:00
117582,"Софт Билдинг",https://softb.ru,"(812)416-47-57, 8-800-333-23-50",i.osipov@softb.ru,"https://www.1c-bitrix.ru/upload/iblock/a0a/main-logo-vertical-En-preview битрикс.jpg",/partners/partner/117582/,ru,2026-06-23T15:23:04+00:00
1186882,"HARDCODE TEAM",https://hardcode.team/,"+7 927 640 9580",info@hardcode.team,https://www.1c-bitrix.ru/upload/iblock/658/7bvzjn4syt2tnztb0m2w2zsqb9umkbbm/Screenshot_2.png,/partners/partner/1186882/,ru,2026-06-23T15:23:06+00:00
10415974,"ЛАБОРАТОРИЯ УПРАВЛЕНЧЕСКИХ РЕШЕНИЙ",http://mslab.pro,+79601907040,galimov@mslab.pro,https://www.1c-bitrix.ru/upload/iblock/7b1/ЛУР_лого22.png,/partners/partner/10415974/,ru,2026-06-23T15:23:08+00:00
25662258,Integration-crm,https://integration-crm.ru/,79200577301,integrator.crm@bk.ru,"https://www.1c-bitrix.ru/upload/iblock/ca0/a7aq013d5qy94tana44c9a6a03j9diq3/1. Исходник.jpg",/partners/partner/25662258/,ru,2026-06-23T15:23:11+00:00
16294844,kashin74,https://kashin74.ru,"+7 9581118674",sales@kashin74.ru,https://www.1c-bitrix.ru/upload/iblock/996/ce0dw3epfmb5fnpb6xvws7oggqy4srx4/17.png,/partners/partner/16294844/,ru,2026-06-23T15:23:13+00:00
1509193,Интегратор,https://www.integrator.bz,"8 (495) 414-22-00",admin@integrator.bz,"https://www.1c-bitrix.ru/upload/iblock/7d7/Logo_var (2) small.jpg",/partners/partner/1509193/,ru,2026-06-23T15:23:15+00:00
14235348,PROCESSOLOG,https://processolog.ru/,"+7 473 205-23-63",support@processolog.ru,https://www.1c-bitrix.ru/upload/iblock/399/gqw4ylqp6cgw0g32cer6zcvv7edsa7jy/imgonline-com-ua-Resize-j0pgeFueUToZrOOb.jpg,/partners/partner/14235348/,ru,2026-06-23T15:23:18+00:00
17499294,IncludeCRM,https://includecrm.ru/,+79656085898,dinaritis@yandex.ru,"https://www.1c-bitrix.ru/upload/iblock/2de/3orkiwqv56s9y3iy69aiw648pdvcp35v/Include_logo_dark_vertical (1) (1).png",/partners/partner/17499294/,ru,2026-06-23T15:23:24+00:00
6013347,proTarget,https://protarget.pro,"+7 (861) 945-10-79",info@protarget.pro,"https://www.1c-bitrix.ru/upload/iblock/186/sl6tkp0flgbhqym30s1ytalzje9e7sxm/ЛОГОТИП_Ц3 (1 к 3).png",/partners/partner/6013347/,ru,2026-06-23T15:23:26+00:00
10605616,Содействие,https://sod76.ru,,arbatov@sod76.ru,"https://www.1c-bitrix.ru/upload/iblock/35e/лого на сайт — копия.png",/partners/partner/10605616/,ru,2026-06-23T15:23:28+00:00
1465515,IT-m,http://IT-m.ru,"+7 (495) 773-09-00",i@IT-m.ru,https://www.1c-bitrix.ru/upload/iblock/48e/logo-r.png,/partners/partner/1465515/,ru,2026-06-23T15:23:31+00:00
142218,"ГК CiT",http://cit-sites.ru,"+7 (495) 118-30-58",info@citgk.ru,https://www.1c-bitrix.ru/upload/iblock/b6b/ib24kb929grz67iasnk07lc219hln53a/Cit.svg,/partners/partner/142218/,ru,2026-06-23T15:23:33+00:00
6063319,ЗЕБРА,https://zebra4crm.ru,"+7 (984) 333 06 69",zoom@zebra4crm.ru,https://www.1c-bitrix.ru/upload/iblock/51f/0gi08cdimzet7hli11tqyzroovs2a3kl/result_result_OtkUCWx9qbog_OEK7c7SnB32zXtRpwtipXApBEPgI-pi03Qb89a0M0JWqFRA_KYY8nX82pXTd1mRM-vdIGIDpa6J.jpg,/partners/partner/6063319/,ru,2026-06-23T15:23:36+00:00
930902,LEGACY,http://legacystudio.ru/,"+7 (3452) 69-23-29",info@legacystudio.ru,"https://www.1c-bitrix.ru/upload/iblock/e2d/nigl93hv3sjms3j45fem2a23ijv8rukx/Logo (1) (1) (1).png",/partners/partner/930902/,ru,2026-06-23T15:23:38+00:00
310879,Аспро,https://aspro.ru,"8 (800) 500-47-11",info@aspro.ru,https://www.1c-bitrix.ru/upload/iblock/bdf/dabhxx3dv9xa9vkqhp7ks38nctdswm82/Logo_Аспро_Black.png,/partners/partner/310879/,ru,2026-06-23T15:23:40+00:00
6460851,"Цифровые Крылья",https://d-win.ru,+79663205351,info@d-win.ru,https://www.1c-bitrix.ru/upload/iblock/047/444х110.png,/partners/partner/6460851/,ru,2026-06-23T15:23:43+00:00
12654008,Bambit,https://bambit.ru,+79604934040,info@bambit.ru,"https://www.1c-bitrix.ru/upload/iblock/401/asq8i07ryvxl4qm62y7skyuwhuddtf1o/Bambit лого.png",/partners/partner/12654008/,ru,2026-06-23T15:23:45+00:00
2067165,АльтИТ,https://altit.ru/?utm_source=bitrix24,"+7 (861) 944-16-65",bitrix@altit.ru,"https://www.1c-bitrix.ru/upload/iblock/5df/Логотип АльтИТ для партнерского сайта 1С-Битрикс.png",/partners/partner/2067165/,ru,2026-06-23T15:23:48+00:00
9324883,ВсёОбАйти,https://allaboutit40.ru,+79805126662,velikorechin@allaboutit40.ru,https://www.1c-bitrix.ru/upload/iblock/b94/noalfx5ep0bygzmi65dmzh0qg0zo7sh4/AAit_menshe175.png,/partners/partner/9324883/,ru,2026-06-23T15:23:50+00:00
12563,Artrix,https://artrix.ru,"8 (812) 425-60-50",hello@artrix.ru,https://www.1c-bitrix.ru/upload/iblock/929/black.png,/partners/partner/12563/,ru,2026-06-23T15:23:56+00:00
8708405,TalanDigital,https://talandigital.ru,+79011322092,talanovabro@gmail.com,https://www.1c-bitrix.ru/upload/iblock/7c6/Б24.jpg,/partners/partner/8708405/,ru,2026-06-23T15:23:58+00:00
45650,АйТи-Эскорт,https://itescort.ru,"+7 4842 33-34-70",info@itescort.ru,"https://www.1c-bitrix.ru/upload/iblock/8d1/Ресурс 1@4x.png",/partners/partner/45650/,ru,2026-06-23T15:24:01+00:00
900,QSOFT,https://qsoft.ru/,"(495) 771-73-63",info@qsoft.ru,"https://www.1c-bitrix.ru/upload/iblock/1e5/pnwwg3gt08v42j7dxs8026r6rh9t8mpb/logo_gsoft-01 1.png",/partners/partner/900/,ru,2026-06-23T15:24:03+00:00
10475008,Амира-Групп,https://xn----7sbanwxzaed7a.bitrix24site.ru/,+7(932)114-48-70,3824050@mail.ru,https://www.1c-bitrix.ru/upload/iblock/655/Амира-02.png,/partners/partner/10475008/,ru,2026-06-23T15:24:05+00:00
16336290,Илаита,https://ilaita.ru,+7-920-324-22-00,info@ilaita.ru,"https://www.1c-bitrix.ru/upload/iblock/13d/hq0x5vkmrbprazb357dxg1p7nz3vyuod/logo website min.png",/partners/partner/16336290/,ru,2026-06-23T15:24:08+00:00
7431861,"CRM Практика",http://crmpractica.ru,+79189617207,crmpractica@mail.ru,https://www.1c-bitrix.ru/upload/iblock/4a4/crm_практика_cl_small_175.png,/partners/partner/7431861/,ru,2026-06-23T15:24:10+00:00
11714184,netrics,https://b24-igltpe.bitrix24site.ru,+79658443909,cg.garaev@gmail.com,https://www.1c-bitrix.ru/upload/iblock/e52/logo2.jpg,/partners/partner/11714184/,ru,2026-06-23T15:24:13+00:00
8028627,УралКлик,https://uralclick.ru/,+79634402255,info@uralclick.ru,"https://www.1c-bitrix.ru/upload/iblock/dc4/1xmrb287awhe60ebfp23zgu3rc5o0sg8/УралКлик лого.png",/partners/partner/8028627/,ru,2026-06-23T15:24:15+00:00
21888982,"Direkt Ink",https://Direkt.ink,8-800-505-34-99,info@direkt.ink,"https://www.1c-bitrix.ru/upload/iblock/2e3/gyhnkq61hpzfuai4xoyt3y40ohris9li/лого 175х135.png",/partners/partner/21888982/,ru,2026-06-23T15:24:17+00:00
12844168,OKSEON,https://okseon.ru,"+7 (999) 782-00-68",welcome@okseon.ru,"https://www.1c-bitrix.ru/upload/iblock/16f/8tug57m8yq7x9s244ehvqdclqpcetx3q/Лого со слоганом (1)_photo-resizer.ru.jpg",/partners/partner/12844168/,ru,2026-06-23T15:24:20+00:00
13877142,"ID Solutions",https://i-solpro.ru,+7(812)565-85-60,info@i-solpro.ru,https://www.1c-bitrix.ru/upload/iblock/4cf/pdkxyu0sdei1qwve739m0xxuo60eqzp6/LogoB24.png,/partners/partner/13877142/,ru,2026-06-23T15:24:22+00:00
6641225,СИСТЕМА,https://sistema247.bitrix24site.ru,89225173049,SS@SISTEMA247.RU,https://www.1c-bitrix.ru/upload/iblock/b51/h2fkah1mof9txug1v4v2r083jclmhbsg/лого.png,/partners/partner/6641225/,ru,2026-06-23T15:24:28+00:00
6479549,Альфа-консалтинг,https://1alfagroup.ru,"+7 (495) 476-60-05",info@1alfagroup.ru,"https://www.1c-bitrix.ru/upload/iblock/48f/лого альфа.jpg",/partners/partner/6479549/,ru,2026-06-23T15:24:31+00:00
5411951,Redham,https://www.redhamsites.ru,+78612001671,info@redhamsites.ru,"https://www.1c-bitrix.ru/upload/iblock/c7d/logo (2).png",/partners/partner/5411951/,ru,2026-06-23T15:24:33+00:00
7902605,NeuroCRM,https://neurocrm.ru,"8 (812) 425-63-71",neurocrmwork@gmail.com,https://www.1c-bitrix.ru/upload/iblock/e11/Лого.png,/partners/partner/7902605/,ru,2026-06-23T15:24:35+00:00
1150667,CRM'ON,https://crmon.ru,"+7 (499) 677 53 49",info@crmon.ru,https://www.1c-bitrix.ru/upload/iblock/4d7/CRM_ON_cu.png,/partners/partner/1150667/,ru,2026-06-23T15:24:38+00:00
17443246,AbraCode,https://abracode.ru,+79087354678,mail@abracode.ru,"https://www.1c-bitrix.ru/upload/iblock/af9/lxo8esrbp5xsho10arp08p5izhm2s5rn/logo 135x47.png",/partners/partner/17443246/,ru,2026-06-23T15:24:40+00:00
72873,S-WEBS24,https://s-webs24.ru/,"+7 961 805 51 93",b24@s-webs.ru,https://www.1c-bitrix.ru/upload/iblock/11b/41cg7zx29ciofeoq81dh8wunic8ex5mv/icon_500_500.png,/partners/partner/72873/,ru,2026-06-23T15:24:42+00:00
248229,bXweb,https://bxweb.ru,+79191205103,info@bxweb.ru,https://www.1c-bitrix.ru/upload/iblock/263/0xhq9us39p57yplwar6z048xlv23lrgi/logo.png,/partners/partner/248229/,ru,2026-06-23T15:24:45+00:00
225649,"Рокет Сервис",https://rocketservice.ru/?utm_source=b24,"+7 (495) 085-2585",admin@rocketservice.ru,https://www.1c-bitrix.ru/upload/iblock/fa0/3p2xjrftpj7p4ne25mu148dgntzlst3c/lo1go.jpg,/partners/partner/225649/,ru,2026-06-23T15:24:47+00:00
18823646,"КАК БИЗНЕС",https://kak-biznes.ru,+79997873136,info@kak-biznes.ru,"https://www.1c-bitrix.ru/upload/iblock/25a/32combag8j5k39508uypms91eqaralup/Круг 135x135.png",/partners/partner/18823646/,ru,2026-06-23T15:24:50+00:00
274265,Геометрия,https://geometry.ooo,"+7812 6037878",info@geometry.ooo,https://www.1c-bitrix.ru/upload/iblock/b83/98qlwfkuj0i4iahx8zinsvh24lw3q8tr/Гео2_175.jpg,/partners/partner/274265/,ru,2026-06-23T15:24:52+00:00
7435557,"ПК Интегратор",https://pk-integrator.ru,+79372232803,sales@pk-integrator.ru,https://www.1c-bitrix.ru/upload/iblock/b2e/4273e0c261a80b1fedfba4a5_rw_19203.jpg,/partners/partner/7435557/,ru,2026-06-23T15:24:54+00:00
11836462,"От рутины к системе",https://www.buh-boss.ru/btx,"+7 (906) 261-54-56",buhbpk@6220763.ru,https://www.1c-bitrix.ru/upload/iblock/8fd/drwzxiip3qs3833p2n8rfrx5tdfb58dz/photo_2023-01-30_14-15-34.jpg,/partners/partner/11836462/,ru,2026-06-23T15:25:00+00:00
17285684,АНТИХАОС,https://antihaos.pro/?utm_source=part_b24,"+7 (831) 231-26-00",info@antihaos.pro,"https://www.1c-bitrix.ru/upload/iblock/cb6/5n95hbtmim0xz90gbui231hhoq5ddajx/Логотип 2 уменьшенный.png",/partners/partner/17285684/,ru,2026-06-23T15:25:02+00:00
9607561,"Андрей Оброков",https://obrokov.bitrix24site.ru,+79889550020,obrokov@gmail.com,"https://www.1c-bitrix.ru/upload/iblock/2f9/8wd6tr53ahjv4jrawm6v3kxbzu3k6t6a/logo obrokov m.png",/partners/partner/9607561/,ru,2026-06-23T15:25:05+00:00
24213166,akmservice,https://akmservice.ru/,+79252224011,support@akmservice.ru,https://www.1c-bitrix.ru/upload/iblock/b20/2tm6loisvbm8qei5c3nc51bwzv4b488l/Favicon.png,/partners/partner/24213166/,ru,2026-06-23T15:25:07+00:00
11054310,MULYUKOFF-GROUP,https://mulyukoff-group.ru,+79223866270,sale@mulyukoff-group.ru,"https://www.1c-bitrix.ru/upload/iblock/441/05ykve1x8309ox5gme673jhnqyid5d06/Дизайн без названия-6.png",/partners/partner/11054310/,ru,2026-06-23T15:25:10+00:00
40433,Инфоспайс,https://www.infospice.ru,"+7 (499) 350-54-30",sales@infospice.ru,https://www.1c-bitrix.ru/upload/iblock/5da/5sy5tga2s68gc0aud908ee9q7jy90bq1/logo-new175.png,/partners/partner/40433/,ru,2026-06-23T15:25:12+00:00
16270888,WEBOFFICE,https://web-office.site,89288120512,weboffice.bitrix24@yandex.ru,"https://www.1c-bitrix.ru/upload/iblock/27b/oceh07rb076lxhz08bajz3mtdjosibmj/Вебофис лого пнг.png",/partners/partner/16270888/,ru,2026-06-23T15:25:15+00:00
10928036,RCGIT,https://rcgit.ru/,89091508590,bk@rcgit.ru,https://www.1c-bitrix.ru/upload/iblock/e9e/ygmz72hlewsey68cru2wupvg465wxi8t/svgviewer-png-output.png,/partners/partner/10928036/,ru,2026-06-23T15:25:17+00:00
220962,SMARTIME,https://smartime.ru,"+7 (912) 302-02-00",info@smartime.ru,"https://www.1c-bitrix.ru/upload/iblock/e7a/a2s613wcy7dq047yhve5z4zr4f27kdbq/Цветная версия (только надпись).png",/partners/partner/220962/,ru,2026-06-23T15:25:19+00:00
13329908,ЛЕГЕНДАСОФТ,https://legendasoft.ru/,"8 (812) 200-777-6",sales@legendasoft.ru,https://www.1c-bitrix.ru/upload/iblock/40f/6ndo1jvan17zhy9nxs33a89sfj69l0qn/лого123.png,/partners/partner/13329908/,ru,2026-06-23T15:25:22+00:00
15536078,"ПиКей Групп",https://pkey-online.ru,"+7 909 273 6090",ikrasnoperov@pkey-online.ru,"https://www.1c-bitrix.ru/upload/iblock/6d9/1puqheh6aaox4r85fxcfitzkzmsh204w/Без имени-1.png",/partners/partner/15536078/,ru,2026-06-23T15:25:24+00:00
7845045,Идея,https://1c-idea.ru,"+7 911 495 40 62",office@1c-idea.ru,https://www.1c-bitrix.ru/upload/iblock/f88/z4vgla5mq2ksi1o9914hsiln9yt8vqci/1c-idea.png,/partners/partner/7845045/,ru,2026-06-23T15:25:27+00:00
17528554,InProject,https://inproject.ru/,"+79530261825, +79374410714",info@inproject.ru,"https://www.1c-bitrix.ru/upload/iblock/a5f/slq5uu3lnd5ogd8e9ekudhij6knr09sq/Полный логотип (с дескриптором).jpg",/partners/partner/17528554/,ru,2026-06-23T15:25:33+00:00
10835392,"БИЗНЕС РЕШЕНИЯ",https://bzrs.ru,89952204500,info@bzrs.ru,https://www.1c-bitrix.ru/upload/iblock/6ca/73m6pjnopmeprqmo07pwt74w2i0z3pz3/94.png,/partners/partner/10835392/,ru,2026-06-23T15:25:35+00:00
4914163,"IT Robot",https://itrobot.ru,+7(495)128-02-57,mail@itrobot.ru,"https://www.1c-bitrix.ru/upload/iblock/28e/IT Robot Logo 175x69.png",/partners/partner/4914163/,ru,2026-06-23T15:25:37+00:00
7847719,"DTS business",https://dts.business,"+7 495 414 21 17",bitrix24@c-r-m.org,https://www.1c-bitrix.ru/upload/iblock/209/Logo_DTS_175x135.png,/partners/partner/7847719/,ru,2026-06-23T15:25:40+00:00
103757,Инфинити,https://infinitystudio.ru/,"8 800 101-31-13; +7 900 526 0017; +7 900 526 0018; +7 900 526 0019",info@infinitystudio.ru,https://www.1c-bitrix.ru/upload/iblock/c2e/463zcno4mc0nh9pbzw4ei2l1xbhw71gf/1.png,/partners/partner/103757/,ru,2026-06-23T15:25:42+00:00
9449029,Самолёт,https://samoliot.ru,"+7 (800) 301-58-96",am@samoliot.ru,"https://www.1c-bitrix.ru/upload/iblock/1bd/WhatsApp Image 2019-08-20 at 15.01.13.jpeg",/partners/partner/9449029/,ru,2026-06-23T15:25:45+00:00
218972,Бквсофт,https://bkv-soft.com,88002012445,info@bkv-soft.com,https://www.1c-bitrix.ru/upload/iblock/3d4/logo11[1].png,/partners/partner/218972/,ru,2026-06-23T15:25:47+00:00
11468018,ЛИНКСАЙД,https://linkside.bitrix24site.ru/,+74957788983,op@linkside.site,"https://www.1c-bitrix.ru/upload/iblock/2de/h5jlcsmhm21pdkzqcl9d36vvdnh2p58b/logo LS 300.jpg",/partners/partner/11468018/,ru,2026-06-23T15:25:50+00:00
31109,simpo.biz,https://www.simpo.biz,"+7 (831) 411 16 16, 8 800 201-52-21",sales@simpo.biz,https://www.1c-bitrix.ru/upload/iblock/73e/logo_simpo.jpg,/partners/partner/31109/,ru,2026-06-23T15:25:52+00:00
24417126,Журавли,https://juravli-it.ru,+79997861318,01ijuravli@gmail.com,"https://www.1c-bitrix.ru/upload/iblock/f90/x67kjpznn69vuzyzmvzh0b9mrg2xdsex/Haags_logo для Битрикс.png",/partners/partner/24417126/,ru,2026-06-23T15:25:55+00:00
220511,ARTW,https://artw.ru,"(812) 313-88-99",info@artw.ru,https://www.1c-bitrix.ru/upload/iblock/705/artw_new.jpg,/partners/partner/220511/,ru,2026-06-23T15:25:57+00:00
10009237,Vessna,https://vessna.pro,+74951471833,info@vessna.pro,https://www.1c-bitrix.ru/upload/iblock/492/ahuk3mxchd0mw1234fmkj9exc395q2tw/vessna100.png,/partners/partner/10009237/,ru,2026-06-23T15:26:00+00:00
5325523,Софтекс,https://www.softexgroup.ru,"8 (3852) 50-20-44",safonov@softexgroup.ru,"https://www.1c-bitrix.ru/upload/iblock/a38/logo (1).png",/partners/partner/5325523/,ru,2026-06-23T15:26:05+00:00
25132070,"Ноль Один",https://ноль-один.рф/,+79380155552,info@zero-one05.ru,"https://www.1c-bitrix.ru/upload/iblock/bd2/eshs5yyw7ovlzjtf07uzls0fk9cb3kua/Web_Photo_Editor (2).jpg",/partners/partner/25132070/,ru,2026-06-23T15:26:08+00:00
164497,"Новые технологии",https://3nv.ru,"+7 (938) 441-07-68",911@sochi.com,https://www.1c-bitrix.ru/upload/iblock/625/5d1/logo.png,/partners/partner/164497/,ru,2026-06-23T15:26:10+00:00
10724658,"Автоматизация Бизнеса Антона Ольховского",https://olhovskii.ru,"+7(914) 409-84-44",anton@olhovskii.ru,"https://www.1c-bitrix.ru/upload/iblock/b3d/A small.png",/partners/partner/10724658/,ru,2026-06-23T15:26:12+00:00
14303704,FlowBit,https://flowbit24.ru/,"+7 9065818169",info@flowbit24.ru,https://www.1c-bitrix.ru/upload/iblock/71a/qhdaj0hvgb9um4nmaci0nwse22tfiv0g/solo-logo.png,/partners/partner/14303704/,ru,2026-06-23T15:26:15+00:00
19544456,"Храмогин Матвей Андреевич",https://velesconsulting.pro/,+7(999)361-90-01,mhramogin@yandex.ru,https://www.1c-bitrix.ru/upload/iblock/acf/ygnyf1ds4bizm4sdq6l31cbabfopk2nr/2025-01-15_09-38-44.jpg,/partners/partner/19544456/,ru,2026-06-23T15:26:17+00:00
281362,Создаватель,https://sozdavatel.ru,"8 800 555-800-1 БЕСПЛАТНО по России",ask@sozdavatel.ru,"https://www.1c-bitrix.ru/upload/iblock/6ab/3f0aunyuk35kuvrds12j85cw0y2oqsi5/152026 Sozdavatel-logo-2015.jpg",/partners/partner/281362/,ru,2026-06-23T15:26:19+00:00
24514444,EaseUp,https://easeup.ru,"+7 993 545-38-50",info@easeup.ru,"https://www.1c-bitrix.ru/upload/iblock/816/hx1rbnl168jc0v82egh195jc54o0bdt9/Снимок экрана 2023-10-14 в 11.40.34.png",/partners/partner/24514444/,ru,2026-06-23T15:26:22+00:00
937811,Plexrise,https://plexrise.com,"+7 (351) 799-59-30",info@plexrise.com,https://www.1c-bitrix.ru/upload/iblock/9a9/logo_icon_512.png,/partners/partner/937811/,ru,2026-06-23T15:26:24+00:00
7845261,NOTA.DIGITAL,https://notadigital.ru,"89276641713, 89996002436",info@notadigital.ru,https://www.1c-bitrix.ru/upload/iblock/268/logodigital.png,/partners/partner/7845261/,ru,2026-06-23T15:26:26+00:00
20005534,АВС-Консалтинг,https://avs-consulting.pro,+79112708877,avs-konsulting@mail.ru,https://www.1c-bitrix.ru/upload/iblock/022/3v5z0ko3524o71gtdjvtwnvormgd07z3/черн.полн-2.png,/partners/partner/20005534/,ru,2026-06-23T15:26:29+00:00
14313278,Отдел24,https://otdel24.ru,+73412772799,otdel24.ru@ya.ru,https://www.1c-bitrix.ru/upload/iblock/25a/knos0yl08qoelcrysvhg5znp5boyagbb/лого_отдел24-removebg-preview.png,/partners/partner/14313278/,ru,2026-06-23T15:26:31+00:00
9293485,"Синхронизация решений",https://synclabs.ru/,+79123996690,ku4erov.a.a@gmail.com,"https://www.1c-bitrix.ru/upload/iblock/53f/u79hypb81coxehp39glq3fblbzpa819a/IMG_5451 (2).png",/partners/partner/9293485/,ru,2026-06-23T15:26:37+00:00
11659040,VisionLab,https://visionlabagency.ru/,+74954142232,sale@visionlabagency.ru,https://www.1c-bitrix.ru/upload/iblock/d82/5aweof1mx8puhmvabltk2150lvhg89ow/vision_logo_black.png,/partners/partner/11659040/,ru,2026-06-23T15:26:39+00:00
13636276,"CRM Project",https://crm-project.ru,+79204115554,info@crm-project.ru,"https://www.1c-bitrix.ru/upload/iblock/0b8/imj7hgro4miwnsxer6f4useit25jh0s4/Оригинал — копия.jpg",/partners/partner/13636276/,ru,2026-06-23T15:26:41+00:00
16630468,Интегратор,https://theintegrator.ru/,+73517995980,akhmina@theintegrator.ru,https://www.1c-bitrix.ru/upload/iblock/f80/i61sx09in504yp3mw6phonz7cykklk36/imgonline-com-ua-Resize-WH0yGxE3NiUB.png,/partners/partner/16630468/,ru,2026-06-23T15:26:44+00:00
6757307,"Алгоритм Успеха",https://algoritmuspeha.bitrix24site.ru/,89177537601,alltobest@mail.ru,"https://www.1c-bitrix.ru/upload/iblock/153/ЗВЁЗДНАЯ ЛАМПА.png",/partners/partner/6757307/,ru,2026-06-23T15:26:46+00:00
636421,Платформа,https://platforma.bz,+79644294178,info@platforma.bz,https://www.1c-bitrix.ru/upload/iblock/036/anom072ubmjlfvuqciowwjzxfbyt8ud0/imgonline-com-ua-Resize-swrVJQ7fJfolGWb.jpg,/partners/partner/636421/,ru,2026-06-23T15:26:48+00:00
31222,Хакасия.ру,http://www.khakasia.ru/,"8 (3902) 30-60-19",mail@khakasia.ru,https://www.1c-bitrix.ru/upload/iblock/3e6/Безымянный.png,/partners/partner/31222/,ru,2026-06-23T15:26:51+00:00
17098610,BenefitCRM,https://benefitcrm.ru/,+79209848384,reznikk.yu@yandex.ru,https://www.1c-bitrix.ru/upload/iblock/92b/825i3gbe906r0o0vcvtwoevkxg0x1k2d/4.jpg,/partners/partner/17098610/,ru,2026-06-23T15:26:53+00:00
15107164,ARWOX,https://arwox.ru/,"+7 928 705-11-99",info@arwox.ru,https://www.1c-bitrix.ru/upload/iblock/587/t4dgiwi0ezyf6fixwlt1veu3mbce4smu/1111.png,/partners/partner/15107164/,ru,2026-06-23T15:26:56+00:00
229378,ANIT,https://anit-b24.ru/,"+7 (4212) 51-64-67",info@anit.digital,https://www.1c-bitrix.ru/upload/iblock/c66/zaskxk5oe9k4w72hhueqlp9biqmyucp5/logo-01.png,/partners/partner/229378/,ru,2026-06-23T15:26:59+00:00
19414196,"ООО БС",https://ooobs.ru,+79067648456,ushkinsemen@gmail.com,"https://www.1c-bitrix.ru/upload/iblock/c30/ufkhb6zzq7libyn10p5cpc7dabl00nj3/2025-03-21 15.49.16.jpg",/partners/partner/19414196/,ru,2026-06-23T15:27:01+00:00
18212878,"Бизнес интеграция",https://bizint.online/,"+7 901 468-12-12",sale@bizint.online,"https://www.1c-bitrix.ru/upload/iblock/305/t2mfar35gdc3792gyks3dxb7mk1ogfhb/logo BiInt.jpeg",/partners/partner/18212878/,ru,2026-06-23T15:27:04+00:00
15284846,EnterSales,https://entersales.ru/?utm_source=bitrix,+79207672767,bitrix@entersales.ru,"https://www.1c-bitrix.ru/upload/iblock/3dc/bejchma1867wisf21xhildjhcy6p0rci/ES_5 (1).png",/partners/partner/15284846/,ru,2026-06-23T15:27:10+00:00
15798834,"Тарновец Эксперт",https://tarnovets-expert.ru,"8 800 444-24-24",company@tarnovets-expert.ru,"https://www.1c-bitrix.ru/upload/iblock/0f8/rg3q4016xiytb01fcj0m2at3f0ymrk1g/лого для Б24.png",/partners/partner/15798834/,ru,2026-06-23T15:27:13+00:00
2158035,Пластилин-арт,https://plastilin-art.ru/,"+7(4712) 74-56-46",info@plastilin-art.ru,https://www.1c-bitrix.ru/upload/iblock/d77/rigx8zlh34egr4ry7dmkpv4ghclcodi1/Логотип.png,/partners/partner/2158035/,ru,2026-06-23T15:27:16+00:00
15982360,CRM-vector,https://crmvector.ru/,79699996461,sales@srv1it.ru,"https://www.1c-bitrix.ru/upload/iblock/f21/u30zdm7cmfsr6u02lriwhurv0ldc4s7u/logo 111.jpg",/partners/partner/15982360/,ru,2026-06-23T15:27:19+00:00
10261758,Бизнес-Магнит,https://businessmagnum.ru,+79993387810,sales@businessmagnum.ru,"https://www.1c-bitrix.ru/upload/iblock/cd5/kbjqcvw23idu3ro4meyrg4wrql5d6rky/Бизнес-Магнит Мини.png",/partners/partner/10261758/,ru,2026-06-23T15:27:22+00:00
25009846,SellForce,https://sellforce.bitrix24site.ru/,"+7 993 901 9468",denis.prokopchenko@gmail.com,"https://www.1c-bitrix.ru/upload/iblock/b1e/w1hqfzmgokgedlwck84oy2b8yy9ttc6u/8d9215a1-b282-4c2c-baff-1bf094545e3a — копия.png",/partners/partner/25009846/,ru,2026-06-23T15:27:25+00:00
1255960,NSGroup,https://nsgroupp.ru/,+79655840034,nikolay@nsgroupp.ru,"https://www.1c-bitrix.ru/upload/iblock/d99/yzdeyj5tw696oo3ijrpz4m3ukkf65f64/Скриншот 22-08-2025 112421.jpg",/partners/partner/1255960/,ru,2026-06-23T15:27:28+00:00
21468970,cifro.pro,https://www.bitskills.ru/,,artem@cifro.pro,"https://www.1c-bitrix.ru/upload/iblock/96c/ljhn2ynqebix08t1i39xcp6d43p35902/cifro 175.png",/partners/partner/21468970/,ru,2026-06-23T15:27:30+00:00
9067171,iT-SECTOR,https://itsector.ru,"+7 (495) 414-37-88",office@itsector.ru,"https://www.1c-bitrix.ru/upload/iblock/340/738yswxlbvc0dbk4h650n6wh5n9c9w7i/Логотип ОРИГИНАЛ.png",/partners/partner/9067171/,ru,2026-06-23T15:27:33+00:00
16790888,К2soft,https://k2soft.ru/,"+7 (901) 469-13-31",info@k2soft.ru,"https://www.1c-bitrix.ru/upload/iblock/415/8yxord1kv21yqat2lenhadsb88fgqwsg/Лого k2soft.png",/partners/partner/16790888/,ru,2026-06-23T15:27:36+00:00
1152082,"ЗУБР Текнолоджис",https://zubr-b24.ru,8-800-100-97-15,b24@zubr-1c.ru,https://www.1c-bitrix.ru/upload/iblock/a0c/26o3z7jdog97txbtbnsxrttqrwrhvupo/135х135.png,/partners/partner/1152082/,ru,2026-06-23T15:27:39+00:00
23001542,STK,https://tarasovstk.ru/,89053471192,AT.Sl1me@yandex.ru,"https://www.1c-bitrix.ru/upload/iblock/d3c/sc0vgt9iupbbn8feglghcurccp976lg3/2025-07-14 13.46.45.jpg",/partners/partner/23001542/,ru,2026-06-23T15:27:41+00:00
10225314,BEZE,https://bezestar.ru/,"7(342)225-03-09, 89523333334",1@bezestar.ru,https://www.1c-bitrix.ru/upload/iblock/b69/53ftjxvskurqpie06hq3tshn4cu8am8c/лого2.jpg,/partners/partner/10225314/,ru,2026-06-23T15:27:48+00:00
21491772,KIT-technology,https://kittech27.ru/,+79241076725,bitrix24@kittech27.ru,"https://www.1c-bitrix.ru/upload/iblock/790/vt7g2b0kpw38n55pezghbkl2jy2fr2tt/Screenshot_16-fotor-2024051218739-Pd2KqoIG4-transformed-fotor-2024052131535 (1).png",/partners/partner/21491772/,ru,2026-06-23T15:27:51+00:00
11370808,"Мост данных (CRM для НКО)",https://crmnko.ru/,89265612717,root@databridge.website,https://www.1c-bitrix.ru/upload/iblock/673/mww6lf6h8zo9p2ebs1sdulcz0fmvvsue/Screenshot_8[1].png,/partners/partner/11370808/,ru,2026-06-23T15:27:53+00:00
7285609,Factory7,https://factory7.dev,"+7 (995) 799-47-06",heatman88@mail.ru,https://www.1c-bitrix.ru/upload/iblock/d5c/rbq6h8qwr67ti8qtfe8wn91vbdn4w64k/logo_small.png,/partners/partner/7285609/,ru,2026-06-23T15:27:56+00:00
1586269,Амадо,https://amado-id.ru,"+7 342 247-95-00, +7 342 247-91-56",info@amado-id.ru,https://www.1c-bitrix.ru/upload/iblock/8d5/175х135прозрачный-фон.png,/partners/partner/1586269/,ru,2026-06-23T15:27:59+00:00
1474140,MrTim,https://mrtim.ru,+7(951)0953574,mail@mrtim.ru,https://www.1c-bitrix.ru/upload/iblock/871/qjbqalps3f3ln5kq1lh0ea8yt7iqf7hj/logo-mrtim-2021.png,/partners/partner/1474140/,ru,2026-06-23T15:28:01+00:00
9920435,"Crystal Systems",https://crystalsystems.ru,+79381685985,sales@crystalsystems.ru,"https://www.1c-bitrix.ru/upload/iblock/ec8/4mbtdv9mks95cdpc6nqv7u7j60g8lf2z/crystalsystems logo2.png",/partners/partner/9920435/,ru,2026-06-23T15:28:04+00:00
67144,«ГЭНДАЛЬФ»,https://gendalf.ru/,"8 (863) 300-10-13",internet@gendalf.ru,https://www.1c-bitrix.ru/upload/iblock/b54/ppke9xpt56c2wavjy30tyzpetm1dk6er/logo.svg,/partners/partner/67144/,ru,2026-06-23T15:28:07+00:00
17211078,"Фаза данных",https://fazadannyh.ru/,,mfk_bwc@mail.ru,https://www.1c-bitrix.ru/upload/iblock/5b6/yo91av3x2ix5w9p47dk0a7jhby7pm0mt/пропвср.png,/partners/partner/17211078/,ru,2026-06-23T15:28:10+00:00
14216214,UCOM,https://ucomit.ru,+74953084617,hello@ucomit.ru,https://www.1c-bitrix.ru/upload/iblock/ef7/g4mosmajkh2wkyk69yv8lg0r3jyv5wcm/logoБитрикс24.png,/partners/partner/14216214/,ru,2026-06-23T15:28:13+00:00
13815388,"Архитекторы Бизнеса",https://www.arhitectorbiz.ru/,"+7 (929) 044-12-27",b-it-cons@yandex.ru,"https://www.1c-bitrix.ru/upload/iblock/fa8/fd6t0fnvs9oebb4ciqkb6bmph74pu24g/лого 1.png",/partners/partner/13815388/,ru,2026-06-23T15:28:15+00:00
7522327,Метод,https://mthd.ru,+79520228282,pavel@mthd.ru,https://www.1c-bitrix.ru/upload/iblock/094/Темный_220.png,/partners/partner/7522327/,ru,2026-06-23T15:28:18+00:00
12018854,"Лаборатория Павла Жукова",https://www.archeon.io,"+7 495 124-84-27",pavel@archeon.io,https://www.1c-bitrix.ru/upload/iblock/e9f/kree3mfehnjbfn3zov3h4rz0mumpyqql/plain_logo_small.jpg,/partners/partner/12018854/,ru,2026-06-23T15:28:24+00:00
24645724,"TataPlex Digital",https://plex.bitrix24site.ru/,89371689889,plex.ova@mail.ru,"https://www.1c-bitrix.ru/upload/iblock/e28/4rrp19duzpe2s1tu6tdfelhnm0mhg5m3/Вариант4 — копия.jpg",/partners/partner/24645724/,ru,2026-06-23T15:28:26+00:00
14341640,Решение,https://прорешение.рф/,"+7 812 467-82-52",proreshenie.ai@yandex.ru,"https://www.1c-bitrix.ru/upload/iblock/d90/6toc8nlpf1moa0uy3dhc4h41n44kguqc/Логотип Решение.png",/partners/partner/14341640/,ru,2026-06-23T15:28:29+00:00
12701994,IntPoint,https://intpoint.ru/,+79670272488,info@intpoint.ru,"https://www.1c-bitrix.ru/upload/iblock/b78/logo_intpoint6 copy copy.png",/partners/partner/12701994/,ru,2026-06-23T15:28:34+00:00
16102166,Wersis,https://wersis.ru/,"+7 923 192 4605",bitrix24@wersis.ru,"https://www.1c-bitrix.ru/upload/iblock/8f1/v33dhnbr0za0yhmnbob8x1ojbjxx293v/logo 175.png",/partners/partner/16102166/,ru,2026-06-23T15:28:37+00:00
9693581,"HED Systems",https://hedsystems.ru,+79370027934,mail@hedsystems.ru,https://www.1c-bitrix.ru/upload/iblock/289/l2r62whhmd4ywj3iok4fcc4aoyx2cdma/logotip-hed-VERTIKALЬNO-(tolьko-logo)-transformed.png,/partners/partner/9693581/,ru,2026-06-23T15:28:40+00:00
6347727,"Quick Deal",https://quick-deal.ru,+78112600300,support@quick-deal.ru,https://www.1c-bitrix.ru/upload/iblock/32d/bf2t816wamgd0980z9m55tvxufj4da2l/Logo.png,/partners/partner/6347727/,ru,2026-06-23T15:28:43+00:00
550325,"Цифровой Элемент",https://d-element.ru,"8 (351) 220-45-35",bitrix24@d-element.ru,https://www.1c-bitrix.ru/upload/iblock/dae/h_color_black.png,/partners/partner/550325/,ru,2026-06-23T15:28:46+00:00
6406127,АйФьюжин,https://ifusion.ru,8-423-206-00-80,info@ifusion.ru,https://www.1c-bitrix.ru/upload/iblock/a5d/iFusion-short-135x135.png,/partners/partner/6406127/,ru,2026-06-23T15:28:49+00:00
1182876,"Ferrum Studio",https://ferrumstudio.ru,"+7 (812) 407-17-88",sale@ferrum.spb.ru,https://www.1c-bitrix.ru/upload/iblock/4e8/vlf0jvpnoerexymf3l60p732qgumsl3s/ferrum_logo.png,/partners/partner/1182876/,ru,2026-06-23T15:28:52+00:00
6313495,CRMan,https://crman.ru,"+7 999 465 66 99",i@crman.ru,"https://www.1c-bitrix.ru/upload/iblock/a74/CRMan Logo 175x135 Сайт партнёров Б24.png",/partners/partner/6313495/,ru,2026-06-23T15:28:56+00:00
13570440,"СМАРТ СИСТЕМА",https://www.smart-crm.systems,+79685259021,smartcrmsystem@gmail.com,https://www.1c-bitrix.ru/upload/iblock/04a/rd6b64xqkf71n1q2q1znhuy6ojfwnelj/175x135.png,/partners/partner/13570440/,ru,2026-06-23T15:28:59+00:00
17392612,NextLevelCRM,https://nexlvl.ru/,+79802432888,nextlevel36@yandex.ru,"https://www.1c-bitrix.ru/upload/iblock/564/0qp5kwvn4frye13zu26ubtfppzvs0vf7/30341053 (1) (1).png",/partners/partner/17392612/,ru,2026-06-23T15:29:05+00:00
152768,АЙТЕК,https://aitek.agency/,"+7 (8172) 26-40-41",projekt@aitek.agency,https://www.1c-bitrix.ru/upload/iblock/374/AITEK_LOGO_Tolk.jpg,/partners/partner/152768/,ru,2026-06-23T15:29:08+00:00
11821556,Гедеон,https://gedeon63.bitrix24site.ru/,+79297012030,info@gedeon63.ru,https://www.1c-bitrix.ru/upload/iblock/2a7/j1lu4xcgt2fbccd1283upjzl23dgn1j2/Logo.png,/partners/partner/11821556/,ru,2026-06-23T15:29:11+00:00
21363538,"Научно-исследовательский Центр 3.0",https://it.nma.su,79257884288,info@nma.su,https://www.1c-bitrix.ru/upload/iblock/bba/o0h7yfw6jnnr4hyotxowxdcf5d2seye9/123.png,/partners/partner/21363538/,ru,2026-06-23T15:29:15+00:00
1590557,Слон-Электроникс,https://slon-e.ru/,"+7 343 3022628",welcome@slon-e.ru,https://www.1c-bitrix.ru/upload/iblock/72f/2aeb4h6ld7809hmwu4pnb0siupr5988f/slon-e.png,/partners/partner/1590557/,ru,2026-06-23T15:29:18+00:00
9450959,КА12,https://ka12.co,"+7 (495) 414-32-90",sale@ka12.co,https://www.1c-bitrix.ru/upload/iblock/bfd/g71pgtau4f7x12msy2vnqc3wb7eqa8jf/logo.jpg,/partners/partner/9450959/,ru,2026-06-23T15:29:20+00:00
14964738,"АЙТАТ ЦИФРОВИЗАЦИЯ",https://1c.itat.ru/,"+ 7 (843) 2513887",mail@i-tat.ru,"https://www.1c-bitrix.ru/upload/iblock/4c1/7rqk3hf8jdx1tk7rs3rx1tvve8sr31jr/логотип АЙТАТ.png",/partners/partner/14964738/,ru,2026-06-23T15:29:23+00:00
10427664,Трилемма,https://3lemma.ru,+79641168767,me@3lemma.ru,"https://www.1c-bitrix.ru/upload/iblock/a0b/bbqxzao7ggq0r059rktsdpqi0w7t6qi3/logo 3lemma.png",/partners/partner/10427664/,ru,2026-06-23T15:29:26+00:00
11768698,CRM-Сервис,https://karling.bitrix24site.ru,8(953)391-02-31,bitrix@karling24.ru,https://www.1c-bitrix.ru/upload/iblock/7e4/b9cs3emdtopgaec03r89y9qzkgl3otvs/text-1721223474802.png,/partners/partner/11768698/,ru,2026-06-23T15:29:28+00:00
18113342,"B&L Consulting",https://blconsl.ru,+79519030437,info@bislog.ru,"https://www.1c-bitrix.ru/upload/iblock/d9c/s1x8ci2pxiq035ywxt87ab1knqy149ys/B24 logo.png",/partners/partner/18113342/,ru,2026-06-23T15:29:31+00:00
9213157,"Onyx Systems",https://www.onyxsystems.ru,+79163804635,sales@onyxsystems.ru,"https://www.1c-bitrix.ru/upload/iblock/6eb/Onyx systems_ logo-01 175-135.jpg",/partners/partner/9213157/,ru,2026-06-23T15:29:35+00:00
587027,Asgardd.tech,https://asgardd.tech,"+7 (999) 848-55-90",erik@asgardd.tech,https://www.1c-bitrix.ru/upload/iblock/e4f/yinqdu85uf5xnpclnf18ocqoi32ul51f/asgardd_horizontal.png,/partners/partner/587027/,ru,2026-06-23T15:29:37+00:00
32329,"Progressive Media",https://progressivemedia.ru,"+7 495 777-65-36",sales@progressivemedia.ru,https://www.1c-bitrix.ru/upload/iblock/b4d/PM_logo_bitrix.jpg,/partners/partner/32329/,ru,2026-06-23T15:29:44+00:00
8054003,MAX_ROBOT'S,https://startintegra.com,+74999387856,info@startintegra.com,"https://www.1c-bitrix.ru/upload/iblock/618/t6y50m9qwrlkxu20j7fn6b4dgjf99ax0/ лого_микро 152х91 копия.png",/partners/partner/8054003/,ru,2026-06-23T15:29:47+00:00
15049958,Opti-IT,https://opti-it.ru,"+7 (919) 941-17-10",info@opti-it.ru,https://www.1c-bitrix.ru/upload/iblock/82f/e2cpg7uprm8stin2weaeyhiev8g2myve/logo_opti-it_1.png,/partners/partner/15049958/,ru,2026-06-23T15:29:51+00:00
11369950,/mingroup,https://min.group,"+7 (936) 237-23-72",public@min.group,https://www.1c-bitrix.ru/upload/iblock/f38/668lris080iogz8k3r919c402pw2zrv8/IMG_0002.jpg,/partners/partner/11369950/,ru,2026-06-23T15:29:53+00:00
8542911,ФинСпас,https://finspas.ru,+74951338784,crm@finspas.ru,https://www.1c-bitrix.ru/upload/iblock/03c/logo_finspas_pree.png,/partners/partner/8542911/,ru,2026-06-23T15:29:56+00:00
8924719,GINEO,https://inform-3s.ru/,"8(812)416 97 95",admin@gineo.ru,https://www.1c-bitrix.ru/upload/iblock/bb1/400_28022019.png,/partners/partner/8924719/,ru,2026-06-23T15:29:59+00:00
677744,ARTGK.,https://artgk.ru,"+7 (495) 225-50-67",sale@artgk.ru,https://www.1c-bitrix.ru/upload/iblock/be1/7wbjrwrrestq3absxw5evqq1yplnek5e/artgk_logo_5k.png,/partners/partner/677744/,ru,2026-06-23T15:30:02+00:00
12263974,"Тотал ТО",https://totalto.ru,+79260010883,info@totalto.ru,"https://www.1c-bitrix.ru/upload/iblock/bef/лого малый.png",/partners/partner/12263974/,ru,2026-06-23T15:30:05+00:00
26184712,FOR,https://focusedonresult.ru,+79322364444,main@focusedonresult.ru,"https://www.1c-bitrix.ru/upload/iblock/8ce/ru4l1vofbr5356o9mwwjr97zdlhnahyr/Frame 2609779.png",/partners/partner/26184712/,ru,2026-06-23T15:30:08+00:00
234672,NuevoWeb,https://nuevoweb.ru,"+7 980 073-50-21",info@nuevoweb.ru,https://www.1c-bitrix.ru/upload/iblock/7ba/5500tth6xwlb13fifeo55e9232h1u7al/logo1.jpg,/partners/partner/234672/,ru,2026-06-23T15:30:10+00:00
15164492,"Центр цифровых технологий и интернет-маркетинга Университета «МИР»",https://pr-imi.ru/,+79277592775,pr.yavis@gmail.com,https://www.1c-bitrix.ru/upload/iblock/9ed/v8rl4c1gqguhqfbsu09arr6q3h71rpl4/logo270.jpg,/partners/partner/15164492/,ru,2026-06-23T15:30:13+00:00
24487102,"Василенко Анна Евгеньевна",https://avgroup.bitrix24site.ru/,"+7 (926) 683-51-64",an-ann1@yandex.ru,https://www.1c-bitrix.ru/upload/iblock/194/34asvb3jxnbeccw4o4irmihwfmresvf0/photo_2025-03-03_16-25-22.jpg,/partners/partner/24487102/,ru,2026-06-23T15:30:15+00:00
1897631,TRIADA.DIGITAL,https://triada.digital,"8 (909) 44-54-654",mail@triada.digital,https://www.1c-bitrix.ru/upload/iblock/93e/logo-radius.png,/partners/partner/1897631/,ru,2026-06-23T15:30:21+00:00
10070625,GRED,https://gred.pro,+79130292356,gredpro@yandex.ru,https://www.1c-bitrix.ru/upload/iblock/fd4/LOGO_GRED_180_60.png,/partners/partner/10070625/,ru,2026-06-23T15:30:24+00:00
14847626,BigIntegrator,https://bigintegrator.ru,+79033280997,bigintegrator@gmail.com,https://www.1c-bitrix.ru/upload/iblock/832/54fqnrfjy9x7ntpiyj37k9cloheiacnf/175_135.jpg,/partners/partner/14847626/,ru,2026-06-23T15:30:27+00:00
6907669,"Master factor",https://masterfactor.ru,"+7 473 212-211-3",i@masterfactor.ru,https://www.1c-bitrix.ru/upload/iblock/584/Logo.png,/partners/partner/6907669/,ru,2026-06-23T15:30:30+00:00
16714122,CRM-ZAKON,https://crm-zakon.ru,89173987163,crm-zakon@yandex.ru,https://www.1c-bitrix.ru/upload/iblock/772/1a7151jxrf872n4nf8wiqa3nhdc200qt/Лого.jpg,/partners/partner/16714122/,ru,2026-06-23T15:30:33+00:00
17385384,KOU-STUDIO,http://koustudio.ru/,,Kseniakountrova@gmail.com,https://www.1c-bitrix.ru/upload/iblock/6ac/aj0y79xhs96s53288mwbxxnta6qcec9q/imgonline-com-ua-Resize-GQ5XS9s2MpTNZP7U.jpg,/partners/partner/17385384/,ru,2026-06-23T15:30:35+00:00
22801940,VEA,https://vea.ru/,"+7 (925) 372-13-58",6168@vea.dev,https://www.1c-bitrix.ru/upload/iblock/0ef/ovfrmn6xc5dp4o0s32zcu0xyyfyz3wib/e1d1566d-fd97-44aa-9a33-682d9629bd8e.png,/partners/partner/22801940/,ru,2026-06-23T15:30:38+00:00
17006160,Well-Group,https://well-group24.ru/,+79504344013,Egor.rusakov.85@mail.ru,https://www.1c-bitrix.ru/upload/iblock/fcd/vysjy3afzsuxjj3xg2tta69tj85fm1e3/imgonline-com-ua-Resize-E8SiniBUAY.png,/partners/partner/17006160/,ru,2026-06-23T15:30:41+00:00
9381721,"Бизнес Стратег",https://si25.ru/,+79510064929,kam.integrity@gmail.com,"https://www.1c-bitrix.ru/upload/iblock/32e/Лого ИПКАМ 80 80.png",/partners/partner/9381721/,ru,2026-06-23T15:30:43+00:00
11585832,VisWeb,https://visweb.ru,"+7 812 467-81-98",info@visweb.ru,https://www.1c-bitrix.ru/upload/iblock/704/e91z15weyxefbpl2cw8r3qncnh6fzcph/LogoNewCentr.png,/partners/partner/11585832/,ru,2026-06-23T15:30:46+00:00
471,MACHAON,https://machaon.ru,"+7 (499) 755 62 98",info@machaon.ru,"https://www.1c-bitrix.ru/upload/iblock/23f/vyauopp76aqy9amdmw16t78ez3g4y2yr/photo_2026-05-07 14.59.20.jpeg",/partners/partner/471/,ru,2026-06-23T15:30:49+00:00
18475364,AVIS,https://avis-it.ru/,89080626255,info@avis-it.ru,"https://www.1c-bitrix.ru/upload/iblock/e4f/4emjxo33qgedxdcr0brlx3u2k0ro7053/Лого Партнерский раздел.png",/partners/partner/18475364/,ru,2026-06-23T15:30:52+00:00
7948475,ITFormat,https://itformat.bitrix24.site,"8 (800) 2009397",contact@it-format.site,"https://www.1c-bitrix.ru/upload/iblock/fb0/imgonline-com-ua-Resize-DjiAavbITZU5 (1).jpg",/partners/partner/7948475/,ru,2026-06-23T15:30:58+00:00
17294456,ПОРТАЛ,https://portal-crm.ru,"+7 (906) 805-61-24",portalcrm@yandex.ru,"https://www.1c-bitrix.ru/upload/iblock/b03/wfwdjdu2t4zvhy389950mwyf5r1fg39m/ПорталБ24 (мал).png",/partners/partner/17294456/,ru,2026-06-23T15:31:01+00:00
9410811,"Qlipsa Digital",https://bitrix.qlipsa.ru,"+7 (928) 207-92-03",service@qlipsa.ru,https://www.1c-bitrix.ru/upload/iblock/342/ihm7mxr3pkf9buee29ntpdesrb2ixrok/qlipsa_logo_175.png,/partners/partner/9410811/,ru,2026-06-23T15:31:03+00:00
155627,"Аскарон Системс",http://bitrix24.askaron.ru/,"+7 863 310-27-99, +7-908-172-65-15, +7-961-285-79-09",mail@askaron.ru,https://www.1c-bitrix.ru/upload/iblock/b31/logob.jpg,/partners/partner/155627/,ru,2026-06-23T15:31:06+00:00
5819873,Тетра,https://tetra-comp.ru,+79653384288,sergey.fedotkin@gmail.com,https://www.1c-bitrix.ru/upload/iblock/8ca/nwix9deiv03v2r2xie3bs4icovhh7ztv/tetra.jpg,/partners/partner/5819873/,ru,2026-06-23T15:31:09+00:00
20714602,АЙТИРАЙЗ,https://itrise.pro,88003338053,info@itrise.pro,"https://www.1c-bitrix.ru/upload/iblock/3d4/2qvwhqv6w5fel5yo3ummorvehp2gr5n3/знак logo itrise черн.png",/partners/partner/20714602/,ru,2026-06-23T15:31:11+00:00
405456,JoyWin,https://joywin.ru,+74954144677,info@joywin.ru,"https://www.1c-bitrix.ru/upload/iblock/fef/9y2uuc27kraj3c9yn3q595bcinulgkpe/photo_2025-06-24 12.00.12 (2).jpeg",/partners/partner/405456/,ru,2026-06-23T15:31:15+00:00
23210544,Pro-adminov,https://pro-adminov.ru,+79673029588,info@pro-adminov.ru,https://www.1c-bitrix.ru/upload/iblock/3d6/08h0kfj6a5uhx0drfns7f0b98qzu2orj/pro.png,/partners/partner/23210544/,ru,2026-06-23T15:31:17+00:00
20965438,"Все просто",https://vseprosto.bitrix24site.ru,+79956005076,gusarova.kseniia@inbox.ru,"https://www.1c-bitrix.ru/upload/iblock/a39/rwv03zfee8y04gf3ddvtbkmulkm82wfr/ВСЕ ПРОСТО - Frame 1 (1).jpg",/partners/partner/20965438/,ru,2026-06-23T15:31:20+00:00
16946466,Крайон,https://www.krayon.ru,"+7 495 269 0584",info@krayon.ru,https://www.1c-bitrix.ru/upload/iblock/fbb/9ootijq6aawz0tligu8i89pbdd2w02qq/Крайон_лого.png,/partners/partner/16946466/,ru,2026-06-23T15:31:23+00:00
14660210,"Шевченко Групп",https://shevchenko.group/,+79282283074,hello@shevcnenko.group,"https://www.1c-bitrix.ru/upload/iblock/5c3/u1cphc8b0yb3v269b4glq0sypxkp2nq7/Shevchenko logo.png",/partners/partner/14660210/,ru,2026-06-23T15:31:26+00:00
7293385,"INTELLECT UNITY",https://in-u.ru,+79004777472,open.biz@yandex.ru,"https://www.1c-bitrix.ru/upload/iblock/221/53581hfq15lvxmlexh7tu8x3lqumkox4/2024-06-25_20-30-38 (1).png",/partners/partner/7293385/,ru,2026-06-23T15:31:29+00:00
23121894,"Метод Цифры",https://dm-tmn.ru/,+79129996070,info@dm-tmn.ru,"https://www.1c-bitrix.ru/upload/iblock/b3d/hj7w8tp26nc9ksv8jjeed8p70uvcn6t2/МЦ - основной.png",/partners/partner/23121894/,ru,2026-06-23T15:31:36+00:00
13928298,"ДИДЖИТАЛ БИЗНЕС СОЛЮШЕН",https://dbsolution.ru,+74952753550,info@dbsolution.ru,https://www.1c-bitrix.ru/upload/iblock/6a3/96dtzv78w851xb8ojstyk4bb9ai12679/Логотип1.png,/partners/partner/13928298/,ru,2026-06-23T15:31:39+00:00
10397460,Magnebiz,https://magnebiz.ru,,bitrix24@deep.town,"https://www.1c-bitrix.ru/upload/iblock/3ad/dm9mxwcsgk87onnyyny5kcxwzqengp0l/175x135 Logo Magnebiz.png",/partners/partner/10397460/,ru,2026-06-23T15:31:42+00:00
181608,"Хорошие решения",https://goodsol.ru/,"+7 (4722) 787-787",info@goodsol.ru,"https://www.1c-bitrix.ru/upload/iblock/445/u3kgb2du5hd351d11yyupp5uhccwdf2e/Веб-разработка и маркетинг лого без подстрочника.png",/partners/partner/181608/,ru,2026-06-23T15:31:45+00:00
1035616,"Обаяние продаж",http://charmsales.ru/,"8 (843) 226-11-00, 89172566579",info@charmsales.ru,"https://www.1c-bitrix.ru/upload/iblock/a9a/8c5i5u6k652it0jjvce7z9gaxj7htesh/лого обаяние.jpg",/partners/partner/1035616/,ru,2026-06-23T15:31:47+00:00
9561599,ТЕХНОЛА,https://technola.ru,"8 (499) 577 01 10",mail@technola.ru,https://www.1c-bitrix.ru/upload/iblock/c0f/lz4grxt40p8pdw708w1xddpijd1amirl/logoB.png,/partners/partner/9561599/,ru,2026-06-23T15:31:50+00:00
11205134,"Интегратор Анастасия Ставрова",https://crmstavrova.ru/,+79658552020,crm.stavrova@gmail.com,https://www.1c-bitrix.ru/upload/iblock/de6/bcrlfhp0fgrvl6e59m64lo9g5i3j9la4/Logo_CRM_квадрат.jpg.png,/partners/partner/11205134/,ru,2026-06-23T15:31:53+00:00
17454252,XMAi,https://xmai.ru/,+79272075050,crm@xmai.ru,https://www.1c-bitrix.ru/upload/iblock/121/0fl58s1nv6ciso2na7xcpdyhcisveere/3.png,/partners/partner/17454252/,ru,2026-06-23T15:31:56+00:00
21510472,ДелоБуст,https://Deloboost.ru,+79605046506,manager@deloboost.ru,https://www.1c-bitrix.ru/upload/iblock/3c7/e9jiaxrlijeid55bk0hup04u042eoom5/IMG_20240806_114535.png,/partners/partner/21510472/,ru,2026-06-23T15:31:58+00:00
91335,Импет,https://www.impet.ru,"+7 (915) 300-3900",info@impet.ru,https://www.1c-bitrix.ru/upload/iblock/2de/pns12wapaa1bgkz99msej459s0m9oz5r/logo6.png,/partners/partner/91335/,ru,2026-06-23T15:32:01+00:00
703317,"Мега Мир ИТ",http://crm-mmit.ru/,"+7 (3952) 60-77-28",expert@mmit.ru,https://www.1c-bitrix.ru/upload/iblock/42e/ЛогоММИТ.JPG,/partners/partner/703317/,ru,2026-06-23T15:32:03+00:00
11750136,Rockmedia,https://rockmedia.ru,"+7 (495) 127 05 33",crm@rockmedia.ru,https://www.1c-bitrix.ru/upload/iblock/f6c/rmlogo_dark.png,/partners/partner/11750136/,ru,2026-06-23T15:32:07+00:00
14157254,KM-CORPCONSALT,https://km-corpconsalt.bitrix24site.ru,+79853316372,marsel_i.k@bk.ru,"https://www.1c-bitrix.ru/upload/iblock/0b7/z9ju6rf71ekkh9ws4fwsrzhhh3g6m6o8/Снимок экрана 2024-07-09 003744.png",/partners/partner/14157254/,ru,2026-06-23T15:32:13+00:00
9116745,"Butin Marketing Group",https://butin-marketing.ru,+79178002255,info@butin-marketing.ru,"https://www.1c-bitrix.ru/upload/iblock/eef/Butin logo.png",/partners/partner/9116745/,ru,2026-06-23T15:32:16+00:00
10926942,Alfa-Software,https://www.alfa-software.ru,"+7 (843) 207 02 33",info@alfa-software.ru,https://www.1c-bitrix.ru/upload/iblock/4ac/as2_red_circle_175-135.png,/partners/partner/10926942/,ru,2026-06-23T15:32:19+00:00
18969966,Цифра,https://cifra.one,+79609419959,info@cifra.one,"https://www.1c-bitrix.ru/upload/iblock/3d4/0uoiisyncq4z9orbau8c5c538xq59o1d/generated-image (20).png",/partners/partner/18969966/,ru,2026-06-23T15:32:21+00:00
11284862,ITRex,https://itrexb24.ru/,"8 (831) 419-15-57",info@rex-it.ru,https://www.1c-bitrix.ru/upload/iblock/c36/fbd1p62pqaoy4nnf4tqrr2xaaube7w32/ЛОГО.jpg,/partners/partner/11284862/,ru,2026-06-23T15:32:24+00:00
908435,Web-AiM,https://web-aim.ru,"8 800 201-07-68",hello@web-aim.ru,https://www.1c-bitrix.ru/upload/iblock/69e/web-aim-logo-square.png,/partners/partner/908435/,ru,2026-06-23T15:32:28+00:00
24577420,"АМБ Логика",https://amblogic.ru/,79226713150,head@amblogic.ru,https://www.1c-bitrix.ru/upload/iblock/b1e/jprjsz7laflnd3n5xb5sqmxsmk1taf23/logo_amb.png,/partners/partner/24577420/,ru,2026-06-23T15:32:31+00:00
10560868,"Edem Technology",https://edemtech.ru,"+7 (901) 132-62-42",edem.agency1@gmail.com,"https://www.1c-bitrix.ru/upload/iblock/fe8/Без имени-2jpg.jpg",/partners/partner/10560868/,ru,2026-06-23T15:32:34+00:00
4913753,Альтернативные-Технологии,https://it.alttechno.ru,+79787271759,info@alttechno.ru,https://www.1c-bitrix.ru/upload/iblock/58b/ib6twgp33rezy3qv311tqs7sfg9qob62/logo_at_b24.png,/partners/partner/4913753/,ru,2026-06-23T15:32:36+00:00
11408584,3click,https://3click-it.ru,+78124673133,zabota@3click-it.ru,https://www.1c-bitrix.ru/upload/iblock/855/ict9ul9ifkh4p10qb2dzvc06pahev0tt/Логотип_120.png,/partners/partner/11408584/,ru,2026-06-23T15:32:39+00:00
1808299,Cassoft,https://cassoft.ru,"+7 933 015-80-58",info@cassoft.ru,"https://www.1c-bitrix.ru/upload/iblock/ee2/logo kriv_2_222_55.png",/partners/partner/1808299/,ru,2026-06-23T15:32:42+00:00
14074366,"Ардис Медиа",https://implementation.bitrix24.site/,"+7 9950551586",ardis-media.ru@yandex.ru,https://www.1c-bitrix.ru/upload/iblock/6d6/38hf1f85nbh4y0szry8n2s8f850zvzgi/Ардис.png,/partners/partner/14074366/,ru,2026-06-23T15:32:45+00:00
16165848,Be-Up,https://be-up.ru,"+7 (952) 850-48-08",mds@be-up.ru,"https://www.1c-bitrix.ru/upload/iblock/6c9/eha8w9br0pdhyw8z5jct2ddfr6jhyesx/2 (2) (1).png",/partners/partner/16165848/,ru,2026-06-23T15:32:51+00:00
17583296,"Ведущий интегратор",https://vi24.tech/,"+7 938 417 89 89",sale@vi24.tech,"https://www.1c-bitrix.ru/upload/iblock/ded/y33mrvt9gyvpo1wnhgcwgxswi4qkveo9/лого мелкое.png",/partners/partner/17583296/,ru,2026-06-23T15:32:54+00:00
7205929,LUCKRU,https://luckru.ru/?utm_source=bitrix24_partners,"+7 (343) 302-20-71",bitrix24@luckru.ru,https://www.1c-bitrix.ru/upload/iblock/b32/yyqmey0gtw70ag3o60y0lloj28njhl3n/logo.jpg,/partners/partner/7205929/,ru,2026-06-23T15:32:57+00:00
10799850,ШаркиБит,https://sharkybit.ru,,sharkybit.sales@gmail.com,https://www.1c-bitrix.ru/upload/iblock/9d6/ml128l9lcm2q1e2ieq8xpho4la1o8rec/Webp.net-resizeimage.jpg,/partners/partner/10799850/,ru,2026-06-23T15:33:00+00:00
18362942,"Complex Help",https://compleks-help.ru/,"+79104269966,+74951182783",info@compleks-help.ru,"https://www.1c-bitrix.ru/upload/iblock/2c1/9cg1uq4hhew2g2ofentnsw2longzx3h8/db85bf56cd2a436594925f307357a9dd (1).png",/partners/partner/18362942/,ru,2026-06-23T15:33:03+00:00
16585330,OLRATION,https://olration.ru,"+7 499 325-90-51",info@olration.ru,https://www.1c-bitrix.ru/upload/iblock/d4b/robw3qof9199t0n9dl1fdmzzi8puz3w9/olration.png,/partners/partner/16585330/,ru,2026-06-23T15:33:05+00:00
18883356,"Base Integrator",https://www.baseintegrator.ru,+74950213333,mail@baseintegrator.ru,"https://www.1c-bitrix.ru/upload/iblock/788/91uf5czrrz51new4afdjmhmrdlvtza0l/Base Integrator_logo_new1.001.jpg",/partners/partner/18883356/,ru,2026-06-23T15:33:08+00:00
19311868,"Бизнес Интегратор",https://biz-integrator.ru,+79122222588,info@biz-integrator.ru,https://www.1c-bitrix.ru/upload/iblock/b76/hh6gcqp6w7ncaebqxw01yhkiwtkkxlpa/logo_1x.jpg,/partners/partner/19311868/,ru,2026-06-23T15:33:10+00:00
25701968,ИнфоЛинк,https://www.info-link.su,"+7 (342) 255-44-18",info@info-link.su,"https://www.1c-bitrix.ru/upload/iblock/b35/0oh59g9ogtlp0v32t5vaqds6pmugj9gh/логотип инфолинк_5.png",/partners/partner/25701968/,ru,2026-06-23T15:33:13+00:00
1308808,"MMP Group",https://mmp-group.ru,"+7 (495) 10-66-888",sale@mmp-group.ru,"https://www.1c-bitrix.ru/upload/iblock/92f/xm49imlsdq3cnjig69r6dg33uskwr5bz/Logo MMP new (175 на 135).png",/partners/partner/1308808/,ru,2026-06-23T15:33:16+00:00
14251338,"Алексей Тюшин",https://alextyushin.ru,+79666667196,info@kitsmol.ru,"https://www.1c-bitrix.ru/upload/iblock/3e8/p50mqatx911dm38vy2ohrw7lxos15337/Лого Алексей Тюшин.jpg",/partners/partner/14251338/,ru,2026-06-23T15:33:19+00:00
8753359,VITALAB,https://24upgrade.ru,+79218880435,itascrm@mail.ru,https://www.1c-bitrix.ru/upload/iblock/97a/no75z0fdmwtylubvtje8twh8iku6gqj9/2024-08-13_19-31-31.jpg,/partners/partner/8753359/,ru,2026-06-23T15:33:22+00:00
48907,2B-Design,https://2b-design.ru,"+7 (499) 397-7215, +7 (903) 243-0480",po4ta@2b-design.ru,https://www.1c-bitrix.ru/upload/iblock/1d7/2b_design_logo_middle.jpg,/partners/partner/48907/,ru,2026-06-23T15:33:28+00:00
1569437,"Реклама и веб-разработка",https://www.advertsolutions.ru,"+7(925)878 58 45",info@advertsolutions.ru,https://www.1c-bitrix.ru/upload/iblock/c44/logo_AdvertSolytions-02.png,/partners/partner/1569437/,ru,2026-06-23T15:33:31+00:00
2534655,NORMIK,https://normik.ru,"+7 (495) 201-87-55",info@normik.ru,https://www.1c-bitrix.ru/upload/iblock/01f/mlv043k7f9tjxgmmv3yowf1uzwgl7p6k/logo_kv_500.png,/partners/partner/2534655/,ru,2026-06-23T15:33:34+00:00
13006818,Malevin,https://systemrost.ru/,+79134792427,1@malevin.com,"https://www.1c-bitrix.ru/upload/iblock/c16/pbhifcui2q31n6fdoa10qktcm4u6ufo7/image_2024-03-22_08-31-19 (1).png",/partners/partner/13006818/,ru,2026-06-23T15:33:37+00:00
5432219,mediaSol,https://crm.mediasol.su,"+7 (495) 481-32-30",info@mediasol.su,https://www.1c-bitrix.ru/upload/iblock/c84/ltvg9jb2d0np9zdu2rsi4ud27xx3beka/mediaSol_logo.jpg,/partners/partner/5432219/,ru,2026-06-23T15:33:40+00:00
9763029,"Sales Boost",https://sales-boost.ru/,"+7 9955972479",info@sales-boost.ru,https://www.1c-bitrix.ru/upload/iblock/e75/anhlm2w914oz4lau3sufilh7wzyi5ufp/sblogo_black_175.png,/partners/partner/9763029/,ru,2026-06-23T15:33:42+00:00
14978586,"Rest-Art CRM",https://rest-art-crm.bitrix24.site,89192138140,cardin11@mail.ru,https://www.1c-bitrix.ru/upload/iblock/383/n803w5l2rmf2vhv4lksoda4dpyw4twvr/Лого_Телега.jpg,/partners/partner/14978586/,ru,2026-06-23T15:33:45+00:00
12585014,Залтекс,https://www.zaltex24.ru,+79213071349,hello@zaltex24.ru,"https://www.1c-bitrix.ru/upload/iblock/e57/nzux2k1agjv5ysdtnt2nxatucbidj9xi/ФБ с дескриптором.jpg",/partners/partner/12585014/,ru,2026-06-23T15:33:47+00:00
11410034,Практика,https://pr-ka.ru/,+79043943580,rn@pr-ka.ru,"https://www.1c-bitrix.ru/upload/iblock/6db/67hu0b57e8eiogtw28ei09atxxtz8ke8/Практика 3 (2).png",/partners/partner/11410034/,ru,2026-06-23T15:33:50+00:00
15469902,NetworkING,https://nwi.su,89380103433,office@nwi.su,"https://www.1c-bitrix.ru/upload/iblock/aeb/cuakfqhvtgnibnze28l57z3fun6848fh/Frame 67.png",/partners/partner/15469902/,ru,2026-06-23T15:33:53+00:00
419825,34web,http://34web.ru,+79033174046,mail@34web.ru,"https://www.1c-bitrix.ru/upload/iblock/7c9/svva9g2qh1r0bu2zlu8vtyu1p9o4myav/лого 2026 175х108.png",/partners/partner/419825/,ru,2026-06-23T15:33:55+00:00
10125068,ITSPB,https://it-expert.su,+79217907905,info@it-expert.su,"https://www.1c-bitrix.ru/upload/iblock/9e4/h8iqa6djnavtqjqfughqtini5tfa0fwf/IT-SPB (1) (1) (1) (2).png",/partners/partner/10125068/,ru,2026-06-23T15:33:59+00:00
15406552,"DO.BRO COFFEE",https://dobro-consalting.ru/,"+7 (914) 567 78-76",consalting@dobro-coffee.com,https://www.1c-bitrix.ru/upload/iblock/07e/wed206hfmw4l4bu81im4yaas4naf1u9i/DO.BRO.jpg,/partners/partner/15406552/,ru,2026-06-23T15:34:05+00:00
20326390,Интерстеллар,https://inter-stellar.ru,+79177028998,info@inter-stellar.ru,"https://www.1c-bitrix.ru/upload/iblock/939/i0yui4oydgzfhoa8qyebudwj87fzkusc/logo_interstellar_blue — копия.jpg",/partners/partner/20326390/,ru,2026-06-23T15:34:09+00:00
189374,"ANYKEY development",https://a-de.ru,"+7 (495) 960-74-38",studio@a-de.ru,https://www.1c-bitrix.ru/upload/iblock/551/3zjvi66ylllpkv2nu1gskg83umbq0gr0/ade-logo.png,/partners/partner/189374/,ru,2026-06-23T15:34:12+00:00
2236181,INFULL,https://infullbroker.ru,"+7 (812) 467–37–98",digital@infullbroker.ru,https://www.1c-bitrix.ru/upload/iblock/3e9/Infull-Logo-.png,/partners/partner/2236181/,ru,2026-06-23T15:34:14+00:00
20591470,НЕКСТ,https://td-crm.ru/,"7 901 132-15-15",info@td-crm.ru,"https://www.1c-bitrix.ru/upload/iblock/637/hw8mryqb5blwkdhljdj16ivp87g14djc/Некст логотип (1).jpg",/partners/partner/20591470/,ru,2026-06-23T15:34:17+00:00
9990869,F1,https://f1-ural.ru,"+7 (343) 344 45 44",info@f1-ural.ru,https://www.1c-bitrix.ru/upload/iblock/834/09mvboi0mi92f6wyrgomlqp5qj13a4zz/logof1red.png,/partners/partner/9990869/,ru,2026-06-23T15:34:20+00:00
22690152,"АБ Маркетинг",https://abmarketing.pro/,"+7 (804) 700-13-34",sale1@abmarketing.pro,https://www.1c-bitrix.ru/upload/iblock/bda/m6m0x53opzk2bzn0rm189t3dl09gkoxq/abmlogo.png,/partners/partner/22690152/,ru,2026-06-23T15:34:24+00:00
16492976,"IT ИНТЕГРАЦИЯ",https://itb2b.ru/,+79994588888,info@itb2b.ru,https://www.1c-bitrix.ru/upload/iblock/500/ppf595p74dqthrfyplz8tl7usz9woes6/logo.png,/partners/partner/16492976/,ru,2026-06-23T15:34:29+00:00
9024535,"Системный софт",https://www.syssoft.ru/,84956461471,info@syssoft.ru,https://www.1c-bitrix.ru/upload/iblock/649/3kh97fwi547ijujxatp4h4e40ldkj5ix/logo_RGB_RU_W-02.png,/partners/partner/9024535/,ru,2026-06-23T15:34:32+00:00
11285640,"ЦИФРОВОЕ ОБЛАКО",https://dva-expert.ru,"+7(908) 196 18 46",info@dva-expert.ru,https://www.1c-bitrix.ru/upload/iblock/2a6/nmnu9y0djwgguzofv2pamcegip0177ee/175.116.png,/partners/partner/11285640/,ru,2026-06-23T15:34:35+00:00
17265192,AiSputnik,https://aisputnik.ru/,+79672967506,info@aisputnik.ru,"https://www.1c-bitrix.ru/upload/iblock/7e0/vul20hcalhkd7et47addxl5s97v2udrk/Group 90.jpg",/partners/partner/17265192/,ru,2026-06-23T15:34:39+00:00
10159726,INNOLIX,https://innolix.ru/,+7-908-512-20-90,crm@innolix.ru,"https://www.1c-bitrix.ru/upload/iblock/b29/innolix_ru 22.png",/partners/partner/10159726/,ru,2026-06-23T15:34:42+00:00
16832594,ОПТИМАТЕЛ,https://optimatel.ru,,info@optimatel.ru,https://www.1c-bitrix.ru/upload/iblock/557/i6886j0gepvmn7sp3nzupxw1g1ts8ujy/ok.PNG,/partners/partner/16832594/,ru,2026-06-23T15:34:48+00:00
8349419,dploit,https://dploit.pro/,"+7 (983) 390-06-00",hello@dploit.pro,https://www.1c-bitrix.ru/upload/iblock/4ae/0zym3ad8s6aq7ueomup5ujydb3ibbup5/Logo.png,/partners/partner/8349419/,ru,2026-06-23T15:34:51+00:00
16190830,"СИСТЕМА 24",https://sistema-24.ru/,"+7 499 938-66-70",info@sistema-24.ru,"https://www.1c-bitrix.ru/upload/iblock/103/j6mxb16zhyt1xfdixomogg0nilkd7p3m/logo 1 (1).png",/partners/partner/16190830/,ru,2026-06-23T15:34:54+00:00
17209504,"ПЕРСОНАЛЬНЫЙ БИЗНЕС ПАРТНЁР",https://pbp-group.ru,+74951878887,zakaz@pbp-group.ru,"https://www.1c-bitrix.ru/upload/iblock/79a/d391jozv8nj550z95mf9mjf4lcw9uow0/logo синий для Битрикс 24.png",/partners/partner/17209504/,ru,2026-06-23T15:34:57+00:00
25296592,Стратеджем,https://strategame-crm.ru/,+79221301396,sale@strategame-crm.ru,"https://www.1c-bitrix.ru/upload/iblock/868/yazy1qr026xlrz0bqktl1obv9umdovwb/logoza.ru (1).png",/partners/partner/25296592/,ru,2026-06-23T15:35:00+00:00
7624321,MR-CRM,https://mr-crm.ru,"8 (953) 914-47-28",artem.logarev@yandex.ru,"https://www.1c-bitrix.ru/upload/iblock/7c9/hs20qahatanuuxquqiiyqypz5xw1x6eo/mrcrmlogo big.png",/partners/partner/7624321/,ru,2026-06-23T15:35:02+00:00
14822048,"Мурзакаев консалтинг",https://murzakaev.ru/,"+7 (900) 264-60-75",bitrix@clivery.ru,"https://www.1c-bitrix.ru/upload/iblock/33a/00oyhk2ds8vvnmwa6uag5tod1bgcunbn/Modern Black Beige Initial Fashi.png",/partners/partner/14822048/,ru,2026-06-23T15:35:05+00:00
11354434,eVolga,https://integratorcrm.ru,89067730599,bitrix24@integratorcrm.ru,https://www.1c-bitrix.ru/upload/iblock/e5b/rrpjtnw83vz0b9rglw2pd7l9por137cj/evolga-mini.png,/partners/partner/11354434/,ru,2026-06-23T15:35:08+00:00
13808924,"Профессиональные Решения",http://crm-gpr.ru/,84951252595,b24@garant-pr.ru,"https://www.1c-bitrix.ru/upload/iblock/af1/6j0up3feavjmj9td86wxtxsdfd22rwu0/Общий-логотип-с-надписью (1).png",/partners/partner/13808924/,ru,2026-06-23T15:35:10+00:00
24135094,PortLab,https://portnovlab.bitrix24site.ru/,+79999891064,info@portnovlab.ru,"https://www.1c-bitrix.ru/upload/iblock/619/l6o0jg5rzhd0cxz26vw5xvbb1wxd2dvd/logo — копия.png",/partners/partner/24135094/,ru,2026-06-23T15:35:13+00:00
11286124,"Grow Zone",https://grow-z.one,"7 911 922 60 04, 7 996 777 00 24",info@grow-z.one,"https://www.1c-bitrix.ru/upload/iblock/aec/m0gtetwm7m2if4tv66pujq9axyaidooy/logo 135-135.jpg",/partners/partner/11286124/,ru,2026-06-23T15:35:16+00:00
10739346,Саби-Партнер,http://www.ubf-corp.com/,+74991366063,info@ubf-corp.com,"https://www.1c-bitrix.ru/upload/iblock/a24/d6vk94vyczkjzel4fcr6hk4skilezpdc/saby_partner_vertical 2.jpg",/partners/partner/10739346/,ru,2026-06-23T15:35:18+00:00
19513102,DIVIZION,https://divizionsoft.ru,+78312177787,contact@divizionsoft.ru,"https://www.1c-bitrix.ru/upload/iblock/e6d/odd4yvo3bqv8pumc365yxvpmd76kl76o/лого битрикс.jpg",/partners/partner/19513102/,ru,2026-06-23T15:35:25+00:00
18034402,"Команда Парвиза",https://parviz-team.ru,+79630350101,support@parviz-team.ru,https://www.1c-bitrix.ru/upload/iblock/d99/0jbogqr0gnl1kgh5nyort0wtrw3hx1xn/_rtl_65785ef667da5.jpg,/partners/partner/18034402/,ru,2026-06-23T15:35:27+00:00
288148,QQ,https://qq-agency.ru,"‭+7 980 709-92-89‬",info@qq-agency.ru,https://www.1c-bitrix.ru/upload/iblock/f59/qq.png,/partners/partner/288148/,ru,2026-06-23T15:35:30+00:00
24307460,"Smart Rise",https://smart-rise.bitrix24site.ru/,+79950306327,info@smart-rise.ru,https://www.1c-bitrix.ru/upload/iblock/fb4/0w7zenu03be15hocbfedv01w9b5p573h/осн11.png,/partners/partner/24307460/,ru,2026-06-23T15:35:33+00:00
144727,Космос-Веб,https://www.cosmos-web.ru,"+7 (495) 604-14-27; +7 (383) 363-363-1",bitrix@cosmos-web.ru,https://www.1c-bitrix.ru/upload/iblock/38f/cosmos_web1.png,/partners/partner/144727/,ru,2026-06-23T15:35:36+00:00
202278,Интернет-Эксперт,https://internet-expert.ru,"+7 (495) 152-72-55",info@internet-expert.ru,https://www.1c-bitrix.ru/upload/iblock/cfb/335xu70x619h26yfra1p0xdcdt5xzweq/logo_r-b.png,/partners/partner/202278/,ru,2026-06-23T15:35:38+00:00
11878480,BitCode,https://bitcode24.ru,"8 (967) 555-24-47",sale@bitcode24.ru,https://www.1c-bitrix.ru/upload/iblock/d2c/0w2soajahx1bdgow0ciy6ast4uz2axti/bitrix.png,/partners/partner/11878480/,ru,2026-06-23T15:35:41+00:00
13846350,"TRINFI DIGITAL",https://trinfi.ru/,+79992215911,info@trinfidigital.ru,"https://www.1c-bitrix.ru/upload/iblock/ec5/l22vv1i9pz8dkg66sne8s2v62aaqwjf0/лого темный вертикаль узк.png",/partners/partner/13846350/,ru,2026-06-23T15:35:44+00:00
11666018,"API Media",https://apimedia.ru,"+7 (901) 468-30-25",info@apimedia.ru,https://www.1c-bitrix.ru/upload/iblock/aae/62xzswpp1da8336wa09ghdeet7k8s75t/full_logo.png,/partners/partner/11666018/,ru,2026-06-23T15:35:46+00:00
7260261,"TJ Art",https://Tj-art.ru,+79175955542,support@tj-art.ru,https://www.1c-bitrix.ru/upload/iblock/0c0/v4355xk3tq9tl8pgzebltg2cvbuiko79/58b023e2e815fdcb667440977e6e2553.png,/partners/partner/7260261/,ru,2026-06-23T15:35:49+00:00
5673085,NEWT,https://newtcrm.ru/,"+7 495 291-10-86",info@newtcrm.ru,"https://www.1c-bitrix.ru/upload/iblock/b56/0f4g54eo12ijkgnxb8bqausaog1brw2v/лого newt (1).jpg",/partners/partner/5673085/,ru,2026-06-23T15:35:52+00:00
2343011,"Цифровые технологии",https://e-one.digital,"+7 (861) 211-41-04",info@e-one.digital,https://www.1c-bitrix.ru/upload/iblock/30f/4m2lj5lh0pciygfaq1l0l4k9p9udl729/ct-logo.jpg,/partners/partner/2343011/,ru,2026-06-23T15:35:54+00:00
10225912,"Отдел Z",https://otdelz.ru,"+7 (987) 281 51 21",saleotdelz@yandex.ru,"https://www.1c-bitrix.ru/upload/iblock/2de/WhatsApp Image 2019-10-08 at 14.24.04.jpeg",/partners/partner/10225912/,ru,2026-06-23T15:36:01+00:00
11104644,4IAS,https://4ias.ru,+79218869990,sazykin@4ias.ru,https://www.1c-bitrix.ru/upload/iblock/156/dy5oqhenr5qd63d1docpvww78wzrurld/main_logo_4ias_micro.png,/partners/partner/11104644/,ru,2026-06-23T15:36:04+00:00
9787261,MySDS,https://mediagramm.com,+79109080685,mysds_office@mediagramm.com,https://www.1c-bitrix.ru/upload/iblock/544/9l55pmzvury2ny6fz92jm1eiz4091h3u/logomysds135-135.png,/partners/partner/9787261/,ru,2026-06-23T15:36:06+00:00
10175660,"БЛЮ ФАРЭВЭЙ",https://bluefaraway.bitrix24site.ru/,+79095020600,tradeengine@mail.ru,"https://www.1c-bitrix.ru/upload/iblock/486/лого blue faraway 175.jpg",/partners/partner/10175660/,ru,2026-06-23T15:36:09+00:00
15477834,"Just Soft",https://just-soft.ru/,89114905776,sales@just-soft.ru,"https://www.1c-bitrix.ru/upload/iblock/0c7/i4xdaadmxwgtyvi0gxkm8hkhpdm96v1b/полное пнг.png",/partners/partner/15477834/,ru,2026-06-23T15:36:11+00:00
18450064,RemoteSpace,https://crm.my-remote.space/,+79953658612,sales@my-remote.space,https://www.1c-bitrix.ru/upload/iblock/165/ehievbg3dx6wf7rziiuys3pstfd81bmv/horizontal-black(175).png,/partners/partner/18450064/,ru,2026-06-23T15:36:14+00:00
12181674,"Культура продаж",https://salesculture.ru/,+79053731397,info@salesculture.ru,https://www.1c-bitrix.ru/upload/iblock/747/k81lf4golnalk6yohfskgih4xweyxdhg/IMG_0552.jpeg,/partners/partner/12181674/,ru,2026-06-23T15:36:17+00:00
5395699,IZIFIR,https://izifir.ru/,"8 (800) 550-88-14",info@izifir.ru,"https://www.1c-bitrix.ru/upload/iblock/8dd/tdqfphd2andftvzjgdvc9uhj0f93gls0/Изифир (2) копия.jpg",/partners/partner/5395699/,ru,2026-06-23T15:36:21+00:00
5813371,"АйТи Лаб",https://itl33.ru,+79209330171,info@itl33.ru,https://www.1c-bitrix.ru/upload/iblock/c2b/IT_lab_Logo.175.png,/partners/partner/5813371/,ru,2026-06-23T15:36:24+00:00
7087231,"IT TECHNOLOGIES",https://b24karlov.ru/,"+7 928 777 10 12",Karlov-vs@yandex.ru,https://www.1c-bitrix.ru/upload/iblock/e01/r8kzb2s00oejr0b10htu8bl6i7pgiwnl/VK_IT_Technologies_Vladimir_Karlov_512x512_transparent.png,/partners/partner/7087231/,ru,2026-06-23T15:36:27+00:00
10141894,TunePage,https://tunepage.ru,+74993259108,info@tunepage.ru,https://www.1c-bitrix.ru/upload/iblock/f7f/tunepage-logo-mini.png,/partners/partner/10141894/,ru,2026-06-23T15:36:30+00:00
5809799,"Веб-студия 048",https://048-design.ru,"8 (4942) 543-048",info@048-design.ru,https://www.1c-bitrix.ru/upload/iblock/eae/048logo.jpg,/partners/partner/5809799/,ru,2026-06-23T15:36:34+00:00
12539524,Юрбит,https://yurbit.ru/,+79020477976,kkolpakov@bk.ru,"https://www.1c-bitrix.ru/upload/iblock/3d2/6dn1txz5acvqd3c5vcapf7uaytvesxkp/Frame ыы3.png",/partners/partner/12539524/,ru,2026-06-23T15:36:43+00:00
335710,DIAL,http://it-dial.ru/,"+7 (906) 535-91-65",kolondar@dialweb.ru,https://www.1c-bitrix.ru/upload/iblock/1f2/0ae/logo.png,/partners/partner/335710/,ru,2026-06-23T15:36:47+00:00
281925,"Решения Плюс",https://r-pl.ru,"(4212) 25-75-81",info@r-pl.ru,https://www.1c-bitrix.ru/upload/iblock/a0f/erdjwbv2fxzg6r0alcutlrt7r4rfkbl6/logo_re.png,/partners/partner/281925/,ru,2026-06-23T15:36:50+00:00
26137052,"Business Driver",https://bdriver.ru/,89134518565,admin@bdriver.ru,https://www.1c-bitrix.ru/upload/iblock/7f3/nv7pisozknczn3j13g3n7fj9xz00duag/IMG_9872-photoaidcom-cropped.png,/partners/partner/26137052/,ru,2026-06-23T15:36:52+00:00
13568032,ITune,https://itune.bitrix24site.ru,+79136760327,info@itune.space,"https://www.1c-bitrix.ru/upload/iblock/098/g7yhjcmflq2398srbsxljtrwgm1i2ozl/Лого использовать.PNG",/partners/partner/13568032/,ru,2026-06-23T15:36:55+00:00
3591317,АА-С,https://aa-c.ru,+79516652753,info@aa-c.ru,https://www.1c-bitrix.ru/upload/iblock/9bd/logo_small.png,/partners/partner/3591317/,ru,2026-06-23T15:36:57+00:00
1851889,"Системная Автоматизация Управления",https://sau24.ru,"+ 7 (921) 189 7070",info@sau24.ru,"https://www.1c-bitrix.ru/upload/iblock/5f7/5tx15x0bhkwffakmz5mq5enacira4f4k/Логотип на белом.jpg",/partners/partner/1851889/,ru,2026-06-23T15:36:59+00:00
9075881,Веб-Интеграции,https://web-int.ru,"+7 495 476-67-07",info@web-int.ru,https://www.1c-bitrix.ru/upload/iblock/2d7/2dcc7gnnn2nlohxlhg8e3ytvjcd4d3fj/logo.png,/partners/partner/9075881/,ru,2026-06-23T15:37:02+00:00
17089416,SHLYKOV.PRO,https://shlykov.pro,"+7 (900) 937 38 68",contact@shlykov.pro,https://www.1c-bitrix.ru/upload/iblock/b52/2o4tsrjwqyeu227qedf2dtf6t8o5qbqo/Лого.png,/partners/partner/17089416/,ru,2026-06-23T15:37:04+00:00
16970880,Saltwort,https://saltwort.ru,"+7 8007004485",info@saltwort.ru,"https://www.1c-bitrix.ru/upload/iblock/eb7/mpd4qlyt7m569u41jdd1ezbeqny343l4/Frame 40220.jpg",/partners/partner/16970880/,ru,2026-06-23T15:37:07+00:00
9857011,LeadoDeal,https://leadodeal.ru,"+7 (499) 229-98-98",sales@leadodeal.ru,"https://www.1c-bitrix.ru/upload/iblock/fa8/dm1dzkbyoaywn1onttqdlbm79st7bpe9/Логотип LeadoDeal.png",/partners/partner/9857011/,ru,2026-06-23T15:37:09+00:00
8701,Ленсайт,https://lensite.ru/,8(812)645-1512,info@lensite.ru,"https://www.1c-bitrix.ru/upload/iblock/4b1/bby1d5u9ykld021jvtokjj4krc6l7yxz/Лого Ленсайт 1х1 копия.png",/partners/partner/8701/,ru,2026-06-23T15:37:11+00:00
13540736,CatCreative,https://catcreative.ru/,+79313171335,catcreative.ru@mail.ru,https://www.1c-bitrix.ru/upload/iblock/3bd/i87e7z5kglo4ew23msbhc1kfqsao26xa/logo-white.png,/partners/partner/13540736/,ru,2026-06-23T15:37:17+00:00
211976,"DD Planet",https://www.ddplanet.ru/,"+7 495 646-87-29",info@ddplanet.ru,https://www.1c-bitrix.ru/upload/iblock/e9c/ddplogo.jpg,/partners/partner/211976/,ru,2026-06-23T15:37:19+00:00
330111,Автомакон,https://automacon.ru/,"8(495) 6642393",its@automacon.ru,https://www.1c-bitrix.ru/upload/iblock/85f/esg4p0lm4d8hokzf9bbqsn7f01p6baj5/Group_1.jpg,/partners/partner/330111/,ru,2026-06-23T15:37:22+00:00
13062798,Метод,https://mymetod.ru,+79011478847,Info@mymetod.ru,https://www.1c-bitrix.ru/upload/iblock/a1e/xbptnmlqw3rlpx8yqjj6ryklp4lzibin/Лого-ПНГ-_1_.png,/partners/partner/13062798/,ru,2026-06-23T15:37:24+00:00
16472730,"Branching space",https://branching.space/,,office@branching.space,"https://www.1c-bitrix.ru/upload/iblock/d26/90jdm9wr92uzc2j79ju76ye7vmkl3x6f/лого для партнерка.png",/partners/partner/16472730/,ru,2026-06-23T15:37:27+00:00
19558360,"Простое решение",https://prostoe-reshenie-crm.ru,"+7 (918) 524-69-49",dovgan.group@gmail.com,"https://www.1c-bitrix.ru/upload/iblock/e82/p19vh7eo74zmtkb18jwm536y2ofjs65s/Лого для Б24.jpg",/partners/partner/19558360/,ru,2026-06-23T15:37:29+00:00
585039,МИР,https://2462535.ru,+7(347)246-25-35,mail@2462535.ru,"https://www.1c-bitrix.ru/upload/iblock/aa9/0yf5yi27c05rlj35hwedjli8uc7pjlzj/МИР мини лого.png",/partners/partner/585039/,ru,2026-06-23T15:37:31+00:00
10586010,Anysystem,https://anysystem.ru,"+7993 398-93-90",any_system@mail.ru,"https://www.1c-bitrix.ru/upload/iblock/e81/02p4fbhkh7dv4m0293fkbzd05u7r752d/Лого для сайта3_1.jpg",/partners/partner/10586010/,ru,2026-06-23T15:37:34+00:00
14748072,AAA78,https://aaa78.bitrix24site.ru/,+79632000401,a.rodichev59@yandex.ru,https://www.1c-bitrix.ru/upload/iblock/4ec/5am6lv425li8eu1p872c3dwe5wzsc9y8/logoza.ru.png,/partners/partner/14748072/,ru,2026-06-23T15:37:36+00:00
4241969,B-CRM,https://www.b-crm.ru,+79284600314,baza@b-crm.ru,https://www.1c-bitrix.ru/upload/iblock/505/blp2lvu84kwvanwrlqpb7up0fuknik46/B-CRM_logo_135.png,/partners/partner/4241969/,ru,2026-06-23T15:37:39+00:00
15883016,РИЧ-АР,https://richar.bitrix24.site,89526365547,sales@richar.ru,https://www.1c-bitrix.ru/upload/iblock/26e/1f6vrcw4m8yjp80kl76zzlfbz9q31sh9/bitrix.jpg,/partners/partner/15883016/,ru,2026-06-23T15:37:41+00:00
7710927,"АЛЬФА БЕТА ГАММА",https://alpha-beta-gamma.ru,+79581114770,serge-crm@yandex.ru,"https://www.1c-bitrix.ru/upload/iblock/6f7/7b2mfc3oi2zdcmynhjh18elzscrcnv9f/logo_abg small.jpg",/partners/partner/7710927/,ru,2026-06-23T15:37:43+00:00
5568313,Технология24,https://technology24.bz/,"+7 999 131 0880",sample@techcnology24.bz,https://www.1c-bitrix.ru/upload/iblock/05d/6x5nhpq7hcrz08nm5t0qlk2udrh85jz2/photo_2019-11-30_172.jpeg,/partners/partner/5568313/,ru,2026-06-23T15:37:49+00:00
53507,Lidbox,http://lidbox.ru,"(861) 203-47-97",bitrix24@lidbox.ru,https://www.1c-bitrix.ru/upload/iblock/66a/9oy2n2wyy2ydxzrln4v2xanfnlpu45q2/b.png,/partners/partner/53507/,ru,2026-06-23T15:37:52+00:00
8919123,"Инновационные Онлайн Сервисы",https://sheikman.ru/,"+7 (861) 204-00-55",mail@sheikman.ru,https://www.1c-bitrix.ru/upload/iblock/c58/logo_black_transp_395x220.png,/partners/partner/8919123/,ru,2026-06-23T15:37:54+00:00
14755896,"РЕШЕНИЕ 24",https://solution39.bitrix24site.ru,+79097893975,tkoll@mail.ru,"https://www.1c-bitrix.ru/upload/iblock/65c/g6gccn5v1bgq8bpcoh8x6l76umrkio9i/Лого 24 -1 (2).png",/partners/partner/14755896/,ru,2026-06-23T15:37:57+00:00
16146172,POLYSOFT,https://poly-soft.ru/,+79681865894,info@poly-soft.ru,https://www.1c-bitrix.ru/upload/iblock/dcb/4y9gsqcbnt3maj8pdpnq8lmm1qsnas9g/Узкий2.png,/partners/partner/16146172/,ru,2026-06-23T15:37:59+00:00
14594386,"ИТ-решения для продаж | Digital for Sales",https://digitalforsales.com,+79055676113,sales@digitalforsales.com,"https://www.1c-bitrix.ru/upload/iblock/c3a/3eivovjibuxjz9ma0anfqp2wv3kiyms2/Лого DFS-4250.png",/partners/partner/14594386/,ru,2026-06-23T15:38:01+00:00
17761788,"Дедяев Максим",https://dm-marketing.pro,"+7 906 588 98 97",expert@dm-marketing.pro,"https://www.1c-bitrix.ru/upload/iblock/9dc/mou29db8xnv6so38fukh12edxllmvtl4/Group999 (1) (1).png",/partners/partner/17761788/,ru,2026-06-23T15:38:04+00:00
5572469,НЕМИНД,https://nemind.com,"8 800 301-92-17",info@nemind.com,"https://www.1c-bitrix.ru/upload/iblock/71b/Logo Transparent Outlines 2.2.png",/partners/partner/5572469/,ru,2026-06-23T15:38:06+00:00
20978148,"СИБИРЬ АЙТИ",https://sibir-it.ru,+79537857829,info@sibir-it.ru,"https://www.1c-bitrix.ru/upload/iblock/63c/8vdr1b24xod763as5g4w2t0qk216vqug/Sibir-it — в одну строку(основной).jpg",/partners/partner/20978148/,ru,2026-06-23T15:38:09+00:00
7754023,"Цифровые решения",https://cifresh.ru,+79650348852,ar.fetisov@gmail.com,"https://www.1c-bitrix.ru/upload/iblock/40a/k8pf6t7h9sxdm0mxcgl7jdzm1y2mg5ug/МИНИ лого.jpg",/partners/partner/7754023/,ru,2026-06-23T15:38:11+00:00
17226436,IT-МОЁ,https://itmoe.ru/,"+7(342)270-07-91(доб 8)",klimina@avtomoe.com,https://www.1c-bitrix.ru/upload/iblock/6ea/zdnbq8qua0nb633itoi0053thsv0o7ou/itmoe.png,/partners/partner/17226436/,ru,2026-06-23T15:38:13+00:00
1812473,Крон,https://cron.ooo,88722560010,info@cron.ooo,https://www.1c-bitrix.ru/upload/iblock/833/vngtyt6ezlgzumvsgix7hd35fnj31t3r/лого175х135.png,/partners/partner/1812473/,ru,2026-06-23T15:38:16+00:00
15142626,"Коршунов продажи",https://salesgood.bitrix24site.ru/,"+7 922 923-86-88",Bitrix24.korshunov@yandex.ru,https://www.1c-bitrix.ru/upload/iblock/81f/910frnal0h4175wtwic6b3t12qxwzvhn/Лого.jpg,/partners/partner/15142626/,ru,2026-06-23T15:38:22+00:00
19796846,"Реноме Консалтинг",https://renome-consult.com,88123339301,b24@renome-consult.com,https://www.1c-bitrix.ru/upload/iblock/9b0/43vu4l53z9eo3er79xps71mr6vlvm6zq/b24-4.jpg,/partners/partner/19796846/,ru,2026-06-23T15:38:24+00:00
14689660,"База Бизнеса",https://bazabz.ru,+79115640258,info@bazabz.ru,"https://www.1c-bitrix.ru/upload/iblock/260/giv7p2zjq9v2q2loho0r6k7z51pkdurz/Логотип база бизнеса 135x135.jpg",/partners/partner/14689660/,ru,2026-06-23T15:38:26+00:00
1117967,hands.center,https://hands.center,"+7 (8482) 78-12-99 (Тольятти, главный офис)",info@hands.center,"https://www.1c-bitrix.ru/upload/iblock/0c4/logo (1).png",/partners/partner/1117967/,ru,2026-06-23T15:38:29+00:00
12482248,"Мастерская бизнес-процессов",https://masterskaya.bitrix24site.ru/,+79539217261,malakhovonline@yandex.ru,"https://www.1c-bitrix.ru/upload/iblock/6cf/etk3qvuvmigsbafqwcdp6wcqz9p3j3pn/Qleads мбп.png",/partners/partner/12482248/,ru,2026-06-23T15:38:31+00:00
190078,"Аврора Интернет",https://www.aurorainternet.ru/,"8-800-555-777-6, доб.2",mail@aurorainternet.ru,https://www.1c-bitrix.ru/upload/iblock/6fa/2dhqgq2u1d5rkk4bh54rpr5mfm41j9i0/AuroraInternet_DT_green_RU_logo.png,/partners/partner/190078/,ru,2026-06-23T15:38:33+00:00
8926537,Arergard,https://arergard.ru,+79993331578,info@arergard.ru,https://www.1c-bitrix.ru/upload/iblock/a48/logo_b24.jpg,/partners/partner/8926537/,ru,2026-06-23T15:38:36+00:00
13538866,ВЕБМОБИЛЬ,https://webmobil-agency.ru/,"+7 (495) 065-25-85",cmo@dvg-project.com,https://www.1c-bitrix.ru/upload/iblock/70d/23tdkan7fv8d4sruft2z1rstydd4qoqi/ВМ_Лого_битрикс.png,/partners/partner/13538866/,ru,2026-06-23T15:38:38+00:00
9040947,Авелайт,https://awelite.ru,+74994744704,info@awelite.ru,https://www.1c-bitrix.ru/upload/iblock/125/qj7jgg0c08xtm8hjqgmb468u72lw513k/logo-Awelite-175x44.png,/partners/partner/9040947/,ru,2026-06-23T15:38:40+00:00
1846851,Баланс,https://balns.bitrix24.site/,+74852-20-10-20,crm@balns.ru,https://www.1c-bitrix.ru/upload/iblock/c34/logotip_balans_240_240_png.png,/partners/partner/1846851/,ru,2026-06-23T15:38:43+00:00
16195876,"Kaidzen 7",https://www.kaidzen7.ru,"+7(916) 556-14-38",info@kaidzen7.ru,"https://www.1c-bitrix.ru/upload/iblock/1a6/8serc2574lgg2wlxck8nt0na7akbhll2/лого для сайта Б24.png",/partners/partner/16195876/,ru,2026-06-23T15:38:45+00:00
18365866,"Предприниматель Яковлев",https://5436business.ru,+79030636431,vpcomer@yandex.ru,https://www.1c-bitrix.ru/upload/iblock/8f6/3rb56nxvzurgm9qgjwhfulka9tnz81iw/Предприниматель.jpg,/partners/partner/18365866/,ru,2026-06-23T15:38:48+00:00
11530666,Веб-Советник,https://my-webadviser.ru,"8 (999) 228-52-03",info@my-webadviser.ru,https://www.1c-bitrix.ru/upload/iblock/1ae/usrmau1p266n9ebkff4slwlxifldlcyq/24f618bf-7038-4919-93e1-1d55213141bd.jpg,/partners/partner/11530666/,ru,2026-06-23T15:38:53+00:00
16869974,Generation-P,https://generation-p.ru/,"+7 (912) 045-41-30",crm@generation-p.ru,https://www.1c-bitrix.ru/upload/iblock/4bf/ckk1pmukrlvnlva3g79r2gepzm28wyda/Лого.jpg,/partners/partner/16869974/,ru,2026-06-23T15:38:56+00:00
1469188,"ВЕБКО • WEBCO",https://webco.one,89959051789,mail@webco.one,https://www.1c-bitrix.ru/upload/iblock/213/ehgotnaklpa97ggg7h2vxipa43upn14a/logotype.png,/partners/partner/1469188/,ru,2026-06-23T15:38:58+00:00
18319984,Kurz,https://kurzmedia.ru,+79034558873,k.korotkiy@kurzmedia.ru,https://www.1c-bitrix.ru/upload/iblock/d81/9gycu0hyeyhmdoa542mfsz68s7zdwyge/Логотип_вертикальный1.png,/partners/partner/18319984/,ru,2026-06-23T15:39:00+00:00
7256991,"Бюро важных дел",https://aso24.ru,7-902-933-6944,info@aso24.ru,https://www.1c-bitrix.ru/upload/iblock/f77/logo175х80.png,/partners/partner/7256991/,ru,2026-06-23T15:39:03+00:00
7353119,A&A,https://it-uu.ru,"+7 3012 599-513",bitrix@it-uu.ru,https://www.1c-bitrix.ru/upload/iblock/e20/a3.png,/partners/partner/7353119/,ru,2026-06-23T15:39:05+00:00
11109490,ОБИТ,https://www.obit.ru,"8 (812) 622-00-03",ao@obit.ru,https://www.1c-bitrix.ru/upload/iblock/658/3qxlp2naylhq1kx8nrzcvg9y4munx978/лого_гор_обит.png,/partners/partner/11109490/,ru,2026-06-23T15:39:07+00:00
452966,"NORRA Digital",https://norra.digital,"+7 (499) 938-77-00",nikita@norra.team,https://www.1c-bitrix.ru/upload/iblock/8d0/nyy9a53r1f1bii3np8j8ft27gxty856q/logo_mob.png,/partners/partner/452966/,ru,2026-06-23T15:39:10+00:00
21378766,kakтус.про,https://kaktus.pro/,"+7 (3532) 48-74-76",info@kaktus.pro,"https://www.1c-bitrix.ru/upload/iblock/214/w90rffdibofigoyhtpmgb20j92mz18re/Для Б24 рус.jpg",/partners/partner/21378766/,ru,2026-06-23T15:39:12+00:00
14821940,К2-9б,https://k2-9b.bitrix24site.ru,"+7 (952) 549-43-18",info@k2-9b.com,https://www.1c-bitrix.ru/upload/iblock/2ec/l1bfburlhlv9yvsikbs2hvqm8oxwxm7b/mailrusigimg_zkjePsny.png,/partners/partner/14821940/,ru,2026-06-23T15:39:14+00:00
15192318,AUSDV,https://abpb24.bitrix24.site/,"+7 931 111 86 89",mbp_abp@mail.ru,"https://www.1c-bitrix.ru/upload/iblock/546/xafmphcgg45xlukbni4gc86x1cfeh2ls/Дизайн АЮСДВ.png",/partners/partner/15192318/,ru,2026-06-23T15:39:17+00:00
175629,Софтмажор,https://softmajor.ru,"(343) 214-81-51",info@softmajor.ru,https://www.1c-bitrix.ru/upload/iblock/311/7ce3gv13z1hmbxrqw17ep7m9dred3bxr/logo150-98.gif,/partners/partner/175629/,ru,2026-06-23T15:39:19+00:00
7282427,COMLY,https://comly.dev/,"+7(3412) 33-11-26",hi@comly.ru,https://www.1c-bitrix.ru/upload/iblock/270/5rzvz7c13u8lxj33wcm6yxrpsd31ywkq/Comly-02.png,/partners/partner/7282427/,ru,2026-06-23T15:39:25+00:00
143380,Гигабайт,https://webgiga.ru/,"8 (800) 551 30 84",web@gigansk.ru,"https://www.1c-bitrix.ru/upload/iblock/683/j0y8emul8oa7ql78fja6gn3rvm3zdfj6/logo 2 (1).png",/partners/partner/143380/,ru,2026-06-23T15:39:27+00:00
10633456,Ex-Digital,https://ex-digital.ru,"+7 (951) 427-63-63",info@ex-digital.ru,"https://www.1c-bitrix.ru/upload/iblock/aa7/Без имен.png",/partners/partner/10633456/,ru,2026-06-23T15:39:30+00:00
26581568,GEM.CRM,https://gemcrm.ru,84993256464,hello@gemcrm.ru,https://www.1c-bitrix.ru/upload/iblock/f0e/gow6yvsetqoljprrq0hdi7hnr4oppudh/Untitled-5_page-0001-2.jpg,/partners/partner/26581568/,ru,2026-06-23T15:39:32+00:00
17410518,РВМ-Софт,https://rvm-soft.bitrix24site.ru/,"+7 (499) 325-86-95",info@rvm-soft.ru,https://www.1c-bitrix.ru/upload/iblock/0ec/w5eksfmsc3t5bu8zibfmg1mnhr7lqp35/135х97.png,/partners/partner/17410518/,ru,2026-06-23T15:39:34+00:00
8809035,Kommutator.net,https://kommutator.net/,+78126451817,info@kommutator.net,https://www.1c-bitrix.ru/upload/iblock/b03/xcxxh70f0oyk0bg6fvjyqfbgzk7qo6ba/Kommutator.net.jpg,/partners/partner/8809035/,ru,2026-06-23T15:39:37+00:00
9611133,Estrilda,https://estrilda.ru/,+79958830352,info@estrilda.ru,https://www.1c-bitrix.ru/upload/iblock/bd0/Logo_mini.png,/partners/partner/9611133/,ru,2026-06-23T15:39:39+00:00
11881732,WebSun,https://websun.studio,"+7 (906) 698-92-15",info@websun-com.ru,https://www.1c-bitrix.ru/upload/iblock/156/rsztno3u1n7vhx5p2fkyxhj73isv3e7z/logo_mxsgl7re0b.png,/partners/partner/11881732/,ru,2026-06-23T15:39:42+00:00
18754082,"Borkovsky CRM",https://www.ivanborkovsky.ru/,+79151796861,info@iborkovsky.ru,"https://www.1c-bitrix.ru/upload/iblock/2fb/l2h5io1wcjj9i3kg3flbeu7fn9cc2dr9/Черный и Белый Линии Архитектурный Логотип(135-135).png",/partners/partner/18754082/,ru,2026-06-23T15:39:44+00:00
15218984,Medved.CRM,https://medvedcrm.bitrix24.site/,+79911161607,alamedvedev@gmail.com,https://www.1c-bitrix.ru/upload/iblock/831/pawenxiogfl3slyihqhp3h1hu5xns1gg/Иллюстрация_без_названия.png,/partners/partner/15218984/,ru,2026-06-23T15:39:46+00:00
65641,Виктори,https://victory.su,"8 909 052 03 42",pvl@victory.su,"https://www.1c-bitrix.ru/upload/iblock/e55/7wljjo6a5n7u3m4i45rc34y3vxstdi8e/Аватар — копия.png",/partners/partner/65641/,ru,2026-06-23T15:39:49+00:00
21769106,AIDCRM,https://aidcrm.ru,89055423322,info@aidcrm.ru,"https://www.1c-bitrix.ru/upload/iblock/c30/gy8tpy8fxelr27nhtqnfa8y0b3vb6nzk/ЛОГО AIDCRM (1).jpeg",/partners/partner/21769106/,ru,2026-06-23T15:39:51+00:00
18506564,Arcana,https://arcana-web.ru/,"+7 951 177 30 83",Arcana-web@yandex.ru,"https://www.1c-bitrix.ru/upload/iblock/5f2/gv1y0p3iz768lkuwbx3urzw3cliwcd4e/175 на 135.png",/partners/partner/18506564/,ru,2026-06-23T15:39:57+00:00
314535,Skyfish,https://skyfish.ru,"+7 (343) 382-37-55",info@skyfish.ru,https://www.1c-bitrix.ru/upload/iblock/f5b/90ba06ctxla0gxum8xq74b24npqwss2l/skf_logo_main200.png,/partners/partner/314535/,ru,2026-06-23T15:39:59+00:00
14132084,"Web Бизнес",https://web-buisness.ru/,"+7 (901) 417-67-67",sale@web-buisness.ru,https://www.1c-bitrix.ru/upload/iblock/569/c0tnvau3ppnsgyl2zyxzqxmi5ovxcyv3/logoz.png,/partners/partner/14132084/,ru,2026-06-23T15:40:02+00:00
24459606,"Pegas IT",https://pegasit.ru,+74951526872,info@pegasit.ru,"https://www.1c-bitrix.ru/upload/iblock/e24/w7b2wyosf725vgaljarel0yb7s3r2kd5/Коняшка 175 135.jpg",/partners/partner/24459606/,ru,2026-06-23T15:40:04+00:00
1015118,"Matus & Kvits",https://mkws.ru,"+7 812 339-33-22",b24@mkws.ru,https://www.1c-bitrix.ru/upload/iblock/a3c/logo-mkws.png,/partners/partner/1015118/,ru,2026-06-23T15:40:06+00:00
10984152,"Мастерская бизнеса ДА",https://www.business-workshop.ru,+79165831593,da@business-workshop.ru,"https://www.1c-bitrix.ru/upload/iblock/372/Синий — 135 на 135.png",/partners/partner/10984152/,ru,2026-06-23T15:40:09+00:00
11303484,Делай,https://4b2b.bitrix24.site/,89202125055,79525404234@ya.ru,"https://www.1c-bitrix.ru/upload/iblock/0dc/Логотип Делай.jpg",/partners/partner/11303484/,ru,2026-06-23T15:40:11+00:00
10720972,"Андрей Серков",https://serkovstudio.ru,89087177111,info@serkovstudio.ru,https://www.1c-bitrix.ru/upload/iblock/99b/ud9dbet37ik59jekrq0q8w5bct0nxesy/111.png,/partners/partner/10720972/,ru,2026-06-23T15:40:14+00:00
16183242,"Red Dynamics",https://www.red-dynamics.ru,+79853100747,hello@red-dynamics.ru,"https://www.1c-bitrix.ru/upload/iblock/33f/iw1kf7ikyg4f6ywsib1s0bys52r9pp75/Без названия.png",/partners/partner/16183242/,ru,2026-06-23T15:40:16+00:00
19272496,"Юбс консалтинг",https://ubsconsult.ru/,+79230494046,info@ubsconsult.ru,"https://www.1c-bitrix.ru/upload/iblock/2be/1euzlx1c4epgfi99qi12k07ke9lh1f9w/рус.png для сайта.png",/partners/partner/19272496/,ru,2026-06-23T15:40:18+00:00
14848374,ФорестCRM,https://22forest.ru/,+79133608538,forest.crm@yandex.ru,"https://www.1c-bitrix.ru/upload/iblock/71f/dahw99elix2fo91nm2xipp7u68qqf96p/logoza.ru (1) (1).png",/partners/partner/14848374/,ru,2026-06-23T15:40:21+00:00
15846110,Integralab,https://integralab.pro/,"+7 (4212) 203-701",info@integralab.pro,https://www.1c-bitrix.ru/upload/iblock/3dd/ko3o4s0wia73j6abi7yyag2f8wsk3npd/integralab.pro.png,/partners/partner/15846110/,ru,2026-06-23T15:40:23+00:00
2916149,boxedyou,https://boxedyou.ru,+79308126667,crm@boxedyou.ru,https://www.1c-bitrix.ru/upload/iblock/e64/xoww8u95lrpquheui4u6qqv2il0ct8ig/logo.png,/partners/partner/2916149/,ru,2026-06-23T15:40:29+00:00
13503948,WideCRM,https://widecrm.ru,+79014178076,info@widecrm.ru,https://www.1c-bitrix.ru/upload/iblock/7be/msfc72qt5fasdu2705uhjfgux1z0kdot/lockup-color.png,/partners/partner/13503948/,ru,2026-06-23T15:40:31+00:00
2431997,JinBit,https://jinbit.ru/,89614420111,help-line@inbox.ru,https://www.1c-bitrix.ru/upload/iblock/c9e/ovfj48z5wsp5am3bm18dylxazzgn7wfh/JIN.BIT.png,/partners/partner/2431997/,ru,2026-06-23T15:40:33+00:00
420615,ITDON,https://www.it-don.ru/,"8 (800) 500-15-68",sale@it-don.ru,https://www.1c-bitrix.ru/upload/iblock/373/logotip_IT-DONs1.png,/partners/partner/420615/,ru,2026-06-23T15:40:37+00:00
9668897,#ДЛЯПРОДАЖ,https://www.4prodazh.pro/,"+7 499 325-38-58",contact@4prodazh.pro,"https://www.1c-bitrix.ru/upload/iblock/ea6/3ztwkc0qm5nxzly16h0ttby2ide2yxny/Лого Для продаж PNG.png",/partners/partner/9668897/,ru,2026-06-23T15:40:39+00:00
18992198,Интеллектик,https://intellektik.bitrix24site.ru,+79525893464,klepicheng@gmail.com,https://www.1c-bitrix.ru/upload/iblock/a9b/qr2xjh0c0vwct3u05y4o0codjffq72qw/логотип.png,/partners/partner/18992198/,ru,2026-06-23T15:40:42+00:00
5891289,КУРАТОВ,https://kuratov.ru,89506812687,info@kuratov.ru,https://www.1c-bitrix.ru/upload/iblock/d4b/logo_175.png,/partners/partner/5891289/,ru,2026-06-23T15:40:45+00:00
9080211,bb.pp,https://bb.pp.ru/,"+7 (912) 282 63 64",schukin.igor@mail.ru,https://www.1c-bitrix.ru/upload/iblock/b7f/bbpp_175.png,/partners/partner/9080211/,ru,2026-06-23T15:40:47+00:00
19327584,ПРОГМАТИКА,https://progmatika.pro,88001019820,info@progmatika.pro,https://www.1c-bitrix.ru/upload/iblock/6ce/b28azvxr79hk4g22rhn9m0624axj0ecf/logo.png,/partners/partner/19327584/,ru,2026-06-23T15:40:51+00:00
19359484,"CRM ЭТО ПРОСТО",https://crm-eto-prosto.ru,+79397897355,2792330@gmail.com,https://www.1c-bitrix.ru/upload/iblock/a47/shvuom6ymbq9keostjsxvzoabzxgiq0u/photo_5352922401227870795_m.jpg,/partners/partner/19359484/,ru,2026-06-23T15:40:53+00:00
517218,SunWeb,https://sunweb.pro/,"+7 (3452) 606-507",info@sunweb.pro,https://www.1c-bitrix.ru/upload/iblock/61e/logo1.jpg,/partners/partner/517218/,ru,2026-06-23T15:40:55+00:00
9839091,wbe70,https://wbe70.ru,89609694567,info@wbe70.ru,"https://www.1c-bitrix.ru/upload/iblock/dc0/kej9s5fnq2dzx7sa41lm7evdz8jb4hrh/wbe70 (1).png",/partners/partner/9839091/,ru,2026-06-23T15:40:58+00:00
7230991,"ГК Системный Администратор",https://admin-samara.ru/,"8 927 692-30-54",sale@admin-samara.ru,"https://www.1c-bitrix.ru/upload/iblock/353/y6cndilsow0ltq2vu1pje10mk5qu7dh6/LOGO-SYSTEM-ADMIN (1).png",/partners/partner/7230991/,ru,2026-06-23T15:41:04+00:00
5485179,"Cubic Consulting",https://cubic-pro.ru,+79274200857,info@cubic-pro.ru,"https://www.1c-bitrix.ru/upload/iblock/5b4/9jwq60ac2dt3nwz3cndyuuf4vxxzv83d/Лого Кубик.png",/partners/partner/5485179/,ru,2026-06-23T15:41:06+00:00
389446,X-Form,http://x-form.ru/,"8 (4852) 60-86-80",clients@x-form.ru,"https://www.1c-bitrix.ru/upload/iblock/1b5/logo final +vmuxx.jpg",/partners/partner/389446/,ru,2026-06-23T15:41:09+00:00
15402456,"Ваш интегратор",https://yint.ru/,"+7 (499) 961-61-70",crm@infocom-s.ru,https://www.1c-bitrix.ru/upload/iblock/15d/13eeh7splk7hqp6dspuu7dtfvlq3pvhi/3434365.png,/partners/partner/15402456/,ru,2026-06-23T15:41:11+00:00
21657060,"Цифровые инструменты бизнеса",https://digitalbt.ru/,+79029401187,2401187@mail.ru,"https://www.1c-bitrix.ru/upload/iblock/59c/zg4tpyaqg24ot3cev48g3jvjj7wbm4gl/Логотип DBT 166х135.png",/partners/partner/21657060/,ru,2026-06-23T15:41:14+00:00
11419278,Алтын-Маркетинг,https://altynmarketing.ru,+79600412010,aig@altynmarketing.ru,"https://www.1c-bitrix.ru/upload/iblock/407/jum6xixua26vjj083y0miozwhjcrvjh6/Логотип Алтын-Маркетинг new Б24.png",/partners/partner/11419278/,ru,2026-06-23T15:41:16+00:00
19680686,24БИТСЕРВИС,https://24bitservice.bitrix24site.ru/#,"+7 (995) 504-22-96",DigitalUp.gainulina@yandex.ru,"https://www.1c-bitrix.ru/upload/iblock/bd2/h33d4qx3ma6fb5pvdqbxqr0c68uzrrs6/Rectangle 13.png",/partners/partner/19680686/,ru,2026-06-23T15:41:18+00:00
177501,Natalie,https://nataliemaster.info,"+7 982 658-73-64",info@nataliemaster.info,https://www.1c-bitrix.ru/upload/iblock/cb3/Natalie-logo-175-135.png,/partners/partner/177501/,ru,2026-06-23T15:41:21+00:00
12950918,InstallBiz,https://installbiz.ru/,+79639489799,n.vitsko@installbiz.ru,"https://www.1c-bitrix.ru/upload/iblock/d83/nejokzz8o4lvypwwduj3y9uo1usuyld9/Group 1 (1).png",/partners/partner/12950918/,ru,2026-06-23T15:41:23+00:00
9409707,Кайдзен,https://it-kaizen.ru/,+79025098585,info@it-kaizen.ru,https://www.1c-bitrix.ru/upload/iblock/fa4/567657.png,/partners/partner/9409707/,ru,2026-06-23T15:41:26+00:00
25443498,"Сергей Шинкарский",https://xn--80apbecbs0aj8d.xn--p1ai/,+79146589949,s.shinkarskiy@mail.ru,"https://www.1c-bitrix.ru/upload/iblock/932/0g1i17vfxsagfd4rcl2ehvsnhpymlylm/ChatGPT Image 12 мая 2025 г., 17_16_21.png",/partners/partner/25443498/,ru,2026-06-23T15:41:28+00:00
10608438,КидумТЕХ,https://kidumtech.ru/,"+7 (929) 370-71-21",info@kidumtech.ru,https://www.1c-bitrix.ru/upload/iblock/6ba/85g02cagbzvgtji9tg72a2kyigrw99ei/b5523ed0-f088-11f0-8a57-b19a86f18f10.png,/partners/partner/10608438/,ru,2026-06-23T15:41:30+00:00
580712,Webcat,https://web2cat.ru,"+7 (3537) 42-00-20",info@web2cat.ru,https://www.1c-bitrix.ru/upload/iblock/5b2/0rbvsccnah8rvl1nykw4hw1b27d54k30/54a6e92261d140478c9212b8a90197b2ZNEGwMDfqIVF67wV-2.png,/partners/partner/580712/,ru,2026-06-23T15:41:37+00:00
12606888,"СДЭК CRM",https://cdek-crm.bitrix24site.ru,"+7 906 859-99-39",99939@list.ru,"https://www.1c-bitrix.ru/upload/iblock/a63/4pvy1ets6icmpb0wz90ktxu059reuc9j/Лого СДЭК АОП.001.png",/partners/partner/12606888/,ru,2026-06-23T15:41:40+00:00
15290818,Goodrun,https://goodrun.ru,+79124451327,goodrun@internet.ru,https://www.1c-bitrix.ru/upload/iblock/9be/3u63bibsxf76sxigqv0vwqs4a7xmbtbk/изображение_2022-07-03_224555410.png,/partners/partner/15290818/,ru,2026-06-23T15:41:42+00:00
8180817,"Serko consulting",https://serko.pro,+79955012754,siarko.vigi62@gmail.com,"https://www.1c-bitrix.ru/upload/iblock/3b6/nl0uzheiwwyssjh602q33fg0rc4o6cze/Black Illustrative Business Coaching Logo (175 x 135 пикс.).png",/partners/partner/8180817/,ru,2026-06-23T15:41:45+00:00
12766670,"Prom Digital",https://prom-digital.ru,"+7 995 222 59 59",hello@prom-digital.ru,https://www.1c-bitrix.ru/upload/iblock/76a/husl1p4zrus4cl4duwc70h2d4lvgkwx0/logo-1-2-2.png,/partners/partner/12766670/,ru,2026-06-23T15:41:47+00:00
10431988,"ОБЪЕДИНЕНИЕ ИЮЛЬ'",https://ijul.website,"+7 (812) 467-35-20",info@ijul.website,https://www.1c-bitrix.ru/upload/iblock/fe8/7a0mf0o520d112kva2sr405ctxrevypu/JULE(135).png,/partners/partner/10431988/,ru,2026-06-23T15:41:50+00:00
19434044,CRMboosty,https://crmboosty.ru,,info@crmboosty.ru,"https://www.1c-bitrix.ru/upload/iblock/d4b/wribp1iy8lill4yo1lodguq2p0u7puu9/для битрикс.png",/partners/partner/19434044/,ru,2026-06-23T15:41:52+00:00
9994945,NIHILIST,https://nihilist.bitrix24.site,+79952228644,B24@NIHILIST.RU,https://www.1c-bitrix.ru/upload/iblock/a93/logoza.ru.png,/partners/partner/9994945/,ru,2026-06-23T15:41:54+00:00
11276680,"AMG GROUP",https://amg.bitrix24.site,+74951085908,sales@amggroup.pro,https://www.1c-bitrix.ru/upload/iblock/ca0/axnjyj8iwfku51zrgn30xanm9t6yw4s0/logo-amg-groupMontazhnaya-oblast-1_1x.png,/partners/partner/11276680/,ru,2026-06-23T15:41:57+00:00
14258842,"Мега Бизнес",https://start.mega-business.ru/bitrix24/,"+7 995 299-63-26",m.s.89777464534@yandex.ru,"https://www.1c-bitrix.ru/upload/iblock/148/mb8wz9puo6tx53jqnhypmc0luax24y3g/Монтажная область 11.5x-100.jpeg",/partners/partner/14258842/,ru,2026-06-23T15:41:59+00:00
18803356,"Дело в CRM",https://delovcrm.ru/,+79626192909,delovcrm@ya.ru,"https://www.1c-bitrix.ru/upload/iblock/2e9/dccksf0pvjgv30f496x7m01yge9nwee4/Новый проект (3).png",/partners/partner/18803356/,ru,2026-06-23T15:42:01+00:00
7640607,"GOOD SOFT",https://soft-good.ru/,"+7 (910) 364-50-93",sales@ra-leader.ru,"https://www.1c-bitrix.ru/upload/iblock/6af/ld5zdbosb1mgt3py3tog1c22qtib9o1r/ширина 175.png",/partners/partner/7640607/,ru,2026-06-23T15:42:04+00:00
281878,Интернет-системы,https://www.inetsys.ru/,"(495) 724-90-65",info@inetsys.ru,https://www.1c-bitrix.ru/upload/iblock/2c8/header-logo.png,/partners/partner/281878/,ru,2026-06-23T15:42:10+00:00
4788719,БИЗНЕС-ПАРТНЕР,https://b2b-partner.ru/?utm_source=b24,"+7 906-112-24-24",bitrix@b2b-partner.ru,https://www.1c-bitrix.ru/upload/iblock/384/logo_bp_175x43.png,/partners/partner/4788719/,ru,2026-06-23T15:42:12+00:00
9277395,"Лаас Татьяна",https://laastv.ru,"+7(913) 099-9678",laastv@gmail.com,https://www.1c-bitrix.ru/upload/iblock/e84/zq2043hpw1bc0wlhhah7xwedhz0ctbrv/83074949-2-3.png,/partners/partner/9277395/,ru,2026-06-23T15:42:15+00:00
12742374,"B2B CONSULTING",https://vnedreniecrm.bitrix24site.ru/,89020057000,info.seomtech@gmail.com,https://www.1c-bitrix.ru/upload/iblock/665/159vkauat89od5n95ob64q6dctnmmtul/f0i87p5zcea3d2v6mse8c9jr5t2ar3dd.png,/partners/partner/12742374/,ru,2026-06-23T15:42:17+00:00
10993634,CRMBRAINS,https://crmbrains.ru,89688603479,sa@crmbrains.ru,https://www.1c-bitrix.ru/upload/iblock/36c/photo_2020-03-18_14-56-50.jpg,/partners/partner/10993634/,ru,2026-06-23T15:42:19+00:00
11796974,MarketFun,https://marketfun.ru,+79265631942,info@marketfun.ru,https://www.1c-bitrix.ru/upload/iblock/ba3/dlljbaamdxgcepaymh2uqx0pr6yih7x1/photo.png,/partners/partner/11796974/,ru,2026-06-23T15:42:22+00:00
13069478,Диджитех,https://www.dgteh.ru,+74950202022,hello@dgteh.ru,https://www.1c-bitrix.ru/upload/iblock/12f/2qcoxyclzw5wgl8hje33z0ebri1h1qdj/logo.jpg,/partners/partner/13069478/,ru,2026-06-23T15:42:24+00:00
11390368,"МБ Костецкого",https://ka-agency.ru,89219565070,artem@k-artem.ru,"https://www.1c-bitrix.ru/upload/iblock/cfb/o8ilxoytsuxqy2z510rr03am16cizw11/Screenshot 2024-05-16 at 16.14.55.png",/partners/partner/11390368/,ru,2026-06-23T15:42:26+00:00
16790690,"Миша Линукс",https://mishalinux.ru/,+79237743340,kosak4@list.ru,https://www.1c-bitrix.ru/upload/iblock/db2/nj4gndu0unhvxyjra3212sb3903yd84n/MishaLinuxLogo110px.png,/partners/partner/16790690/,ru,2026-06-23T15:42:29+00:00
17211340,Сиера,https://sieracrm.ru,89226182979,okrochun@yandex.ru,https://www.1c-bitrix.ru/upload/iblock/3be/rmd1hnusd2gkaiigz7q87i2x4r87p00p/IMG_7824.JPG,/partners/partner/17211340/,ru,2026-06-23T15:42:31+00:00
19503106,LERAIT,https://lerait.ru,+74994449920,lerait.it@yandex.ru,https://www.1c-bitrix.ru/upload/iblock/743/5h9g31tz4cimtvpjngckl0wb3bi4phcm/лерайт1.png,/partners/partner/19503106/,ru,2026-06-23T15:42:33+00:00
15893970,PB-NSK,https://pb-nsk.org/,+79831399529,o.y.popov.nsk@gmail.com,"https://www.1c-bitrix.ru/upload/iblock/a47/1jm5z5br0uang4smctum5c7yt8vl1yci/ЛОГО 1.png",/partners/partner/15893970/,ru,2026-06-23T15:42:36+00:00
20881666,"CRM БУСТ",https://crmboost.ru/,"+7 (981)299-64-24",hello.crmboost@ya.ru,https://www.1c-bitrix.ru/upload/iblock/b5e/fmtcsq4xddtqe1me03enwvs2mjxmsxid/175х135.jpg,/partners/partner/20881666/,ru,2026-06-23T15:42:42+00:00
16406870,hosta.finance,https://hostafinance.ru/,89127700750,hello@hostafinance.ru,https://www.1c-bitrix.ru/upload/iblock/a9f/mkk0uddvv8bzjszhtivbcgmqyo943n2e/logo1cb.jpg,/partners/partner/16406870/,ru,2026-06-23T15:42:44+00:00
345711,Ипол,https://ipol.ru,"+7 495 989-45-50, +7 495 500-94-15",info@ipol.ru,https://www.1c-bitrix.ru/upload/iblock/869/xh4sfh3vnblo0qmbe67nm02pyjsldr5u/240.png,/partners/partner/345711/,ru,2026-06-23T15:42:46+00:00
4917893,Тренд,https://trend1c.com,84952553012,1ctrend.1c@gmail.com,https://www.1c-bitrix.ru/upload/iblock/739/imgonline-com-ua-Resize-ClwOVe3yqhGz.jpg,/partners/partner/4917893/,ru,2026-06-23T15:42:49+00:00
11619818,i1-Pro,https://www.i1-pro.ru,+74993505470,a.blinov@i1-pro.ru,https://www.1c-bitrix.ru/upload/iblock/05d/887zxlsdnjrxgv8tn4lfks3a0agnzl6x/i1Pro.jpg,/partners/partner/11619818/,ru,2026-06-23T15:42:51+00:00
9159349,"Верзилы продаж",https://verzily.pro,"+7 343 247-29-00",info@verzily.pro,"https://www.1c-bitrix.ru/upload/iblock/825/verzily_logo_S JPG.jpg",/partners/partner/9159349/,ru,2026-06-23T15:42:54+00:00
13205132,"Savchenko Group",https://savchenko.group/,89956400975,main@sav4enkods.ru,https://www.1c-bitrix.ru/upload/iblock/42a/20myyhiq11fvv2wim30ot46z3ca4v2ds/logo_no_text_135px.png,/partners/partner/13205132/,ru,2026-06-23T15:42:56+00:00
10182428,ПрофиCRM,https://proficrm.ru,"+7 495-256-29-09",sale@proficrm.ru,https://www.1c-bitrix.ru/upload/iblock/04c/c5wi656s0z7in7tck907jh6grl3luvx1/bitrix_175.png,/partners/partner/10182428/,ru,2026-06-23T15:42:58+00:00
15335686,DIGITAL-STAFF,https://digital-staff.ru,"+7 983 510-01-59",info@digital-staff.ru,"https://www.1c-bitrix.ru/upload/iblock/f5a/qg0cnuf7loo64i0qpgps17hp3rpulsee/DS прозрачный 600x600.png",/partners/partner/15335686/,ru,2026-06-23T15:43:01+00:00
13865902,"ИТ отдел",https://it-dep.ru,+79951011280,info@it-dep.ru,https://www.1c-bitrix.ru/upload/iblock/7e5/1yedpov1hhejdbv26j61t9cxlebceh7j/logo.png,/partners/partner/13865902/,ru,2026-06-23T15:43:03+00:00
12165664,"ON INC.",https://oninc.ru,"+7 (982) 910-99-93",a.on@oninc.ru,"https://www.1c-bitrix.ru/upload/iblock/1d3/00nzktyr3q2rja2097eam2yodyqzfjjo/logo-oninc (2).png",/partners/partner/12165664/,ru,2026-06-23T15:43:05+00:00
14029720,"ILINE GROUP",https://iline-group.ru,+7(499)490-54-13,info@iline-group.ru,https://www.1c-bitrix.ru/upload/iblock/a6a/2df7gato11n4o5u66jxzdfxzohf2mcnu/iline-group.XaYov.jpg,/partners/partner/14029720/,ru,2026-06-23T15:43:08+00:00
518012,"IS4B.PRO (Информационные решения для бизнеса ПРО)",https://www.is4b.pro,"+7 499 938-67-38",sales@is4b.pro,https://www.1c-bitrix.ru/upload/iblock/a43/0wlk6wbl4x5fm3x4fcg6232ycf3jo433/image_6622851_12207495.png,/partners/partner/518012/,ru,2026-06-23T15:43:14+00:00
6807141,Ел.Ки.,https://el-ki.su,+7(950)2005911,mail@el-ki.su,https://www.1c-bitrix.ru/upload/iblock/c15/vldctbutphcmmf91kbzah4r848vjzium/elki.jpg,/partners/partner/6807141/,ru,2026-06-23T15:43:16+00:00
21272460,А'МКонсалт,https://a-mconsult.ru/,+79102096622,a-mconsult@avista-center.ru,"https://www.1c-bitrix.ru/upload/iblock/8dd/t5usbnbh6njc4d1qsttmi9t4vma1t4g2/лого амконсалт 2 (1).jpg",/partners/partner/21272460/,ru,2026-06-23T15:43:19+00:00
356027,Аngar-Interactive,https://it-aura.ru,"+7 (925) ЗЗ268-2З",we@it-aura.ru,https://www.1c-bitrix.ru/upload/iblock/cda/eo801i0vqq75c18eaoza4nx25bptt4vg/logo.png,/partners/partner/356027/,ru,2026-06-23T15:43:21+00:00
4153181,Hay.Agency,https://hay.agency,"+7 495 220 2225",gev@hay.agency,https://www.1c-bitrix.ru/upload/iblock/c5b/rzdjs92uk2eoeys0a4jgppmvx7pb7nat/New.jpg,/partners/partner/4153181/,ru,2026-06-23T15:43:24+00:00
2175109,"Смарт Проект",http://spstart.ru,"+7 (927) 729-52-66",info@spstart.ru,https://www.1c-bitrix.ru/upload/iblock/052/logo_c1.png,/partners/partner/2175109/,ru,2026-06-23T15:43:26+00:00
6228321,К)Сервис,https://kserv.pro,7(8332)715-077,info@kserv.pro,"https://www.1c-bitrix.ru/upload/iblock/416/Логотип компании К)Сервис.png",/partners/partner/6228321/,ru,2026-06-23T15:43:28+00:00
12254632,"Skill Up System",https://crm-skillup.ru/,+78462535336,info@edmet.ru,https://www.1c-bitrix.ru/upload/iblock/c3b/5sdjwyethdehheluxj7sbdke0oco3ozt/Logo_Skill_Up_System-mini.png,/partners/partner/12254632/,ru,2026-06-23T15:43:31+00:00
1431489,СофтСноу,https://softsnow.ru/,"+7 812 320-11-30",info@softsnow.ru,"https://www.1c-bitrix.ru/upload/iblock/583/31lour91wv8pj69mwh0fhpvmotuj88so/logo soft snow.jpg",/partners/partner/1431489/,ru,2026-06-23T15:43:33+00:00
4935923,IT-Power,https://itpw.ru,8-905-2800657,ivanov@itpw.ru,"https://www.1c-bitrix.ru/upload/iblock/3b5/5ziuy2u5u6qnbzgo1kasbkc37s94d33v/LOGO OF 135.png",/partners/partner/4935923/,ru,2026-06-23T15:43:36+00:00
14944792,"VT DIGITAL",https://studio-vt.ru,"+7 (4212) 51-64-91",inbox@crmassist.ru,https://www.1c-bitrix.ru/upload/iblock/dba/xs1olwt4ra6nl9sw6k3t8bk1lm0rvbwc/2024-11-12_18-54-22.jpg,/partners/partner/14944792/,ru,2026-06-23T15:43:38+00:00
16384176,ВВВ,https://vorontsovvv.bitrix24.site/,+79137091940,vladimir-vorontsov@yandex.ru,https://www.1c-bitrix.ru/upload/iblock/4bd/z41lrbumn7rw4iidb50bkucqgqdfba43/logoввв33.png,/partners/partner/16384176/,ru,2026-06-23T15:43:40+00:00
18429388,Лиднёвка,https://crmproject.ldme.ru/,+79054947935,crm@ldme.ru,https://www.1c-bitrix.ru/upload/iblock/cd9/3xlp93fhxla8he6u60kppymq11wgn7vy/Picsart_25-07-17_18-53-40-482.png,/partners/partner/18429388/,ru,2026-06-23T15:43:46+00:00
15446,Треугольник,https://trigran.ru,+78452-49-50-30,web@trigran.ru,https://www.1c-bitrix.ru/upload/iblock/cc8/zilcxry1ndwj1by4k18eriy4qk3vp4yy/dy23113qgg8x53xtcdpr838napu2k7yx.png,/partners/partner/15446/,ru,2026-06-23T15:43:48+00:00
53157,PWEB,https://pweb.ru,"(993) 911-85-95",info@pweb.ru,https://www.1c-bitrix.ru/upload/iblock/69b/pweb_p_logo.jpg,/partners/partner/53157/,ru,2026-06-23T15:43:51+00:00
7831157,"Роза Ветров",https://rozav.com/,+79052340105,info@rozav.com,https://www.1c-bitrix.ru/upload/iblock/359/ym1pg2cyzykaeh9r90d9wwcfvevhmgpw/logo_.png,/partners/partner/7831157/,ru,2026-06-23T15:43:53+00:00
16711822,Террабайт,https://terrabait.ru/,+79965572081,terrabyte-top@yandex.ru,"https://www.1c-bitrix.ru/upload/iblock/9e4/eqlx6hm54ljlz27fw7w5qxd70wd2iifi/Frame 1.png",/partners/partner/16711822/,ru,2026-06-23T15:43:55+00:00
26368978,"Oganov Digital",https://www.Oganov.Digital,+79311070133,sales@oganov.digital,https://www.1c-bitrix.ru/upload/iblock/aac/5bs1x7b16toajhjwx8putpwxdv0m920c/ТРЕУГОЛЬНИК__FACEBOOK.png,/partners/partner/26368978/,ru,2026-06-23T15:43:58+00:00
38811,АКРИТ,http://www.acrit-studio.ru/,"+7 499 938 8452",design@acrit.ru,"https://www.1c-bitrix.ru/upload/iblock/f4b/logo facebook.png",/partners/partner/38811/,ru,2026-06-23T15:44:00+00:00
968372,AddNoise,https://addnoise.su,"8 (831) 235-13-08",mrr@addnoise.su,https://www.1c-bitrix.ru/upload/iblock/481/1e38azu11p4bb6ccmg3dy2i0jwpm9bif/addnoiselogo175x135.png,/partners/partner/968372/,ru,2026-06-23T15:44:03+00:00
14887212,"Бизнес просто",https://business-prosto.ru,+7999634253,info@business-prosto.ru,"https://www.1c-bitrix.ru/upload/iblock/b53/kx2dh4yz53up59arspsc8leiik2mosqu/Бизнес просто логотип 11.png",/partners/partner/14887212/,ru,2026-06-23T15:44:05+00:00
38164,Teamscore,https://teamscore.ru/,"+7 (963) 915-92-73",b24leaders@teamscore.ru,https://www.1c-bitrix.ru/upload/iblock/a15/7xeqmeyxwq9aru65uqjc0fyjt0gvs2e8/logo2.png,/partners/partner/38164/,ru,2026-06-23T15:44:07+00:00
524994,"Blast Bit",https://blast-bit.ru,+7(846)252-42-85,info@blast-bit.ru,https://www.1c-bitrix.ru/upload/iblock/7aa/vrx0j0yf5m5nzbv2e66a20lu52m4ndes/color_logo_bb_2023_small.png,/partners/partner/524994/,ru,2026-06-23T15:44:10+00:00
10166170,ForSales,https://forsalescrm.com/,"+7(343) 226 46 29",aasomov@icloud.com,"https://www.1c-bitrix.ru/upload/iblock/50b/4i86gb0pig6dk02b68zsamki2w5f2fa9/Лого ForSales.jpg",/partners/partner/10166170/,ru,2026-06-23T15:44:12+00:00
26840814,IT-Azanotorious,https://it-azanotorious.bitrix24site.ru,89898869126,azanotorious@mail.ru,https://www.1c-bitrix.ru/upload/iblock/390/p2r7f3oppillemptx5l01857ax3ts1bf/IT-Azanotorious_175x135.png,/partners/partner/26840814/,ru,2026-06-23T15:44:18+00:00
27836516,AILOCA,https://ailoca.ru,+79615945499,info@ailoca.ru,"https://www.1c-bitrix.ru/upload/iblock/17d/w0k8ttht4hkuyggvudtyno32m5gntk2s/Screenshot_2 (2).png",/partners/partner/27836516/,ru,2026-06-23T15:44:20+00:00
12595664,"ANDREY SPASSKY",https://aspassky.bitrix24.site/,+79055636699,aispassky1994@gmail.com,https://www.1c-bitrix.ru/upload/iblock/c4d/volgqsv3neg9i544mdxg101futs3mbyg/лого2.jpg,/partners/partner/12595664/,ru,2026-06-23T15:44:23+00:00
16491024,SeveroStudio,https://severostudio.ru,"+7 995 965-47-60",severostudio.inc@gmail.com,https://www.1c-bitrix.ru/upload/iblock/4ae/3g4gcfiit724wj1k02osl8vtpq1znd4q/лого.png,/partners/partner/16491024/,ru,2026-06-23T15:44:25+00:00
24756904,sholokhovbusiness,https://sholokhovbusiness.ru,+79952828699,sholokhovbusiness@yandex.ru,"https://www.1c-bitrix.ru/upload/iblock/bb8/vyr9f84ogoo4htze1g6ph5d3x0iehppx/result_Typography Initial Letter Brand Logo-2.png",/partners/partner/24756904/,ru,2026-06-23T15:44:28+00:00
7942993,"Sale Media",https://salemedia.pro,+74951288976,info@salemedia.pro,https://www.1c-bitrix.ru/upload/iblock/2a1/tiu02ff5wj8rzuwu44ztw4sqavh9heo9/logo_135.png,/partners/partner/7942993/,ru,2026-06-23T15:44:30+00:00
1481105,Olprime,https://олпрайм.рф,+78312128981,tis@olprime.ru,https://www.1c-bitrix.ru/upload/iblock/cd5/jesy8l6sng6h24i3218v3x4b3ve9nfes/Olprimelogo.png,/partners/partner/1481105/,ru,2026-06-23T15:44:32+00:00
8744557,Flottgroup,https://flottgroup.com,+79155510202,shavolin@flottgroup.com,https://www.1c-bitrix.ru/upload/iblock/95c/logo-flott.png,/partners/partner/8744557/,ru,2026-06-23T15:44:35+00:00
19178334,E.BAEV,https://ebaev.ru/,"+7 (391) 216-97-88",evb@ebaev.ru,"https://www.1c-bitrix.ru/upload/iblock/106/ciav1artfp1yztb83fzeg3z8ksykfeqi/лого_Монтажная область 1 копия 8 3.png",/partners/partner/19178334/,ru,2026-06-23T15:44:37+00:00
12217282,Эффективен.ру,https://effektiven.ru,89502991222,effektiven@gmail.com,https://www.1c-bitrix.ru/upload/iblock/c03/rg4hk66bnbo09o0sw4se01ceo3moe3nj/Лого1.png,/partners/partner/12217282/,ru,2026-06-23T15:44:40+00:00
12762212,CrmPro,https://crmpro.bitrix24.site/,89832600090,crmpro19@yandex.ru,"https://www.1c-bitrix.ru/upload/iblock/f69/CrmPro_logo (1).png",/partners/partner/12762212/,ru,2026-06-23T15:44:42+00:00
2946917,Денвик,https://www.denvic.ru,+78212400410,info@denvic.ru,https://www.1c-bitrix.ru/upload/iblock/55b/8f7/logo.png,/partners/partner/2946917/,ru,2026-06-23T15:44:45+00:00
11141574,NbiHub,https://nbihub.ru/,"8 (904) 441-11-60",sales@nbihub.ru,"https://www.1c-bitrix.ru/upload/iblock/e52/Логотип партнерка3.png",/partners/partner/11141574/,ru,2026-06-23T15:44:51+00:00
10160948,"CRM effect",https://crm-effect.ru/,+79211378242,mail@crm-effect.ru,"https://www.1c-bitrix.ru/upload/iblock/865/o8rbq5ieen20bqdrgmn7x1btcpnma5jd/ava pb24.png",/partners/partner/10160948/,ru,2026-06-23T15:44:54+00:00
14522172,ИнтеГрация,http://makarov-b24.ru/,+79159965729,jon4eg04@yandex.ru,https://www.1c-bitrix.ru/upload/iblock/917/vh1rau3uj4srqm4f99pc8omg7d8w96nk/Безымянный.png,/partners/partner/14522172/,ru,2026-06-23T15:44:56+00:00
13924776,Корпсет,https://corpset.ru,+79959212826,bitrix24@corpset.ru,"https://www.1c-bitrix.ru/upload/iblock/5e6/oxj1iny86kbu2zfdw17t08jbnaxavzy1/175х25 Упрощенная версия логотипа на белом фоне SVG.png",/partners/partner/13924776/,ru,2026-06-23T15:44:59+00:00
16615716,Лабораториум,https://lbtrm.ru,"+7 812 237-30-38",info@lbtrm.ru,"https://www.1c-bitrix.ru/upload/iblock/b72/83f6bfuslwu017mgmnyfjvka4uvz23l9/new logo sq 200.png",/partners/partner/16615716/,ru,2026-06-23T15:45:02+00:00
23401692,Синапс,https://sinaps24.ru,+79850112856,hello@sinaps24.ru,https://www.1c-bitrix.ru/upload/iblock/608/d04kgl2bomtf6temx4x1kacq4dpcpysh/175-135.png,/partners/partner/23401692/,ru,2026-06-23T15:45:04+00:00
8266587,ГикСтартер,https://www.geekstarter.org,"+7 495 476-67-57",info@geekstarter.org,https://www.1c-bitrix.ru/upload/iblock/614/imgonline-com-ua-Resize-G16YfK6B0GPL8N.png,/partners/partner/8266587/,ru,2026-06-23T15:45:06+00:00
18694832,ДЕС,https://b24.digitalend.ru/,"+7 (812) 429-72-43",t.jasup@yandex.ru,https://www.1c-bitrix.ru/upload/iblock/be5/mljeebv8z25ogh8xunqqemzoaf5zi11g/des_black_b24.png,/partners/partner/18694832/,ru,2026-06-23T15:45:09+00:00
385027,"АйТех Консалтинг",https://www.itechconsult.ru,"+7 843 500-49-95",sup@itech-consult.ru,https://www.1c-bitrix.ru/upload/iblock/8aa/bab/logo.png,/partners/partner/385027/,ru,2026-06-23T15:45:11+00:00
15992978,CRMbooster,https://crmbooster.ru,"+7 495 476-54-76",vl@crmbooster.ru,https://www.1c-bitrix.ru/upload/iblock/8d5/tc52gvx7nk0ynld2k6j2408fkx5tucp0/Logo1.png,/partners/partner/15992978/,ru,2026-06-23T15:45:13+00:00
354513,KISLOROD,https://b24.o2k.ru/,"8 800 77 55 127",hello@o2k.ru,https://www.1c-bitrix.ru/upload/iblock/6d2/2312.png,/partners/partner/354513/,ru,2026-06-23T15:45:16+00:00
10808504,"Автоматизация Бизнеса",https://ab-onlinekassa.ru/,"+7 (928) 440-06-35",sale@a-b.ru,https://www.1c-bitrix.ru/upload/iblock/fe5/qln8qhnx0qm3xab596spuzjzn2z0oe69/ab.png,/partners/partner/10808504/,ru,2026-06-23T15:45:18+00:00
18172246,"Системные решения",https://system-solutions.bitrix24site.ru/,"+7 902 809 38 69",systemic.solutions@yandex.ru,https://www.1c-bitrix.ru/upload/iblock/64f/e2bnisisj65tycuwyjt50zw0t3l11yuy/ЛОГОТИП-.jpg,/partners/partner/18172246/,ru,2026-06-23T15:45:24+00:00
17202708,"Торговый Дом КРАСТ",https://tdkrast.bitrix24site.ru,+79131820538,tdkrast@tdkrast.ru,"https://www.1c-bitrix.ru/upload/iblock/e81/4hqlpobujqiz3j9ln39axzszawxvf81i/Logo Krast brown (1).png",/partners/partner/17202708/,ru,2026-06-23T15:45:26+00:00
15177734,PESAM,https://pesam.ru,"+7 (967) 555-24-25",one@pesam.ru,https://www.1c-bitrix.ru/upload/iblock/277/2yr4ezup8l0gendn6le7rh44deop6vqq/Лого3.png,/partners/partner/15177734/,ru,2026-06-23T15:45:29+00:00
6192127,Эйтибит,https://80bit.ru,"+7 (4822) 650-240",info@80bit.ru,https://www.1c-bitrix.ru/upload/iblock/4a8/gwvw0fikud0dgpvugngswzxi78u7h1hp/logo.png,/partners/partner/6192127/,ru,2026-06-23T15:45:31+00:00
10034729,"CLEAR STUDIO",https://clearstudio.ru,89991950233,dimawebstudio@yandex.ru,https://www.1c-bitrix.ru/upload/iblock/b7c/123.png,/partners/partner/10034729/,ru,2026-06-23T15:45:34+00:00
221151,Гуднэт,https://goodnet.ru,"+7 (495) 414-41-24",sale@goodnet.ru,https://www.1c-bitrix.ru/upload/iblock/9b7/60e834qdqe0pphmznurmt3ale9chk2xx/logo_goodnet_300px.jpg,/partners/partner/221151/,ru,2026-06-23T15:45:36+00:00
413042,ITLeader,https://lp4u.ru/,"+7 927 460-76-99",info@lp4u.ru,https://www.1c-bitrix.ru/upload/iblock/d53/logo_itl.png,/partners/partner/413042/,ru,2026-06-23T15:45:38+00:00
773705,ANWEB,https://www.anweb.ru,"+7 (347) 258 65 77",mail@anweb.ru,https://www.1c-bitrix.ru/upload/iblock/0d2/anweb_logo.jpg,/partners/partner/773705/,ru,2026-06-23T15:45:41+00:00
10271520,"Упаковка бизнеса",https://upakovka-biznesa.ru,+79991470009,info@upakovka-biznesa.ru,https://www.1c-bitrix.ru/upload/iblock/13b/a7cxlwqbn1se38w0g2snbxhcohq7l2sb/logo-upakovka_175x135.jpg,/partners/partner/10271520/,ru,2026-06-23T15:45:44+00:00
243042,РуМастер,https://ru-master.ru,"+7 (8482) 65-12-25",info@ru-master.ru,https://www.1c-bitrix.ru/upload/iblock/975/58o6x6wn6ai8nud1nipe035e5xtlm8s1/logo03.png,/partners/partner/243042/,ru,2026-06-23T15:45:46+00:00
14600158,HelpExcel,https://www.helpexcel.pro,+79651431411,info@helpexcel.pro,"https://www.1c-bitrix.ru/upload/iblock/05f/8dmv2eej9dyqac87maczblpgr11dy3s5/Телеграм (10) 1.png",/partners/partner/14600158/,ru,2026-06-23T15:45:49+00:00
7902267,НОРБИТ,https://www.norbit.ru,"+7 495 787-29-92",info@norbit.ru,https://www.1c-bitrix.ru/upload/iblock/038/915jia2pofjlkd6r10gzzvs31wcsh096/2024_05_05_logo_vertikal_color_black.png,/partners/partner/7902267/,ru,2026-06-23T15:45:51+00:00
525529,Альма,https://alma-com.ru,+7-4832-36-69-37,box@alma-com.ru,"https://www.1c-bitrix.ru/upload/iblock/58a/Логотип Альма.png",/partners/partner/525529/,ru,2026-06-23T15:45:57+00:00
26675626,Принципы.,https://principy.pro/,+79199480918,i@pma1999.ru,"https://www.1c-bitrix.ru/upload/iblock/86f/j55ldqvrm2j3eh8d0m1fq7mzwhsnbihe/Снимок экрана 2025-12-01 в 19.16.04.png",/partners/partner/26675626/,ru,2026-06-23T15:45:59+00:00
11412982,Pro-IT,https://pro-it.online,+79108528138,pro-it.online@internet.ru,"https://www.1c-bitrix.ru/upload/iblock/b92/60wxco8iw4awr5coykx95vq0vcqpnt8h/Логотип Pro-IT светлый желтый для сайта Б24.png",/partners/partner/11412982/,ru,2026-06-23T15:46:02+00:00
5758037,Амалистер,https://amalister.bitrix24site.ru/,89997980627,darya.sereychikas@gmail.com,https://www.1c-bitrix.ru/upload/iblock/dda/9sbeqi6j64fuv62n82koaag7yw5cwxp1/logo.png,/partners/partner/5758037/,ru,2026-06-23T15:46:04+00:00
10810230,"IT Case",https://itcase.dev,+79221084545,info@itcase.dev,"https://www.1c-bitrix.ru/upload/iblock/bac/2qvv3js30ew905cuinj8w8fhvymz4ie6/itcase 2026-horizontal-logo-full refresh175.png",/partners/partner/10810230/,ru,2026-06-23T15:46:07+00:00
17948642,Bit2B,https://bit2b.pro,+79011323291,bi2b.corp@gmail.com,https://www.1c-bitrix.ru/upload/iblock/e16/svultx3fo8orqa3o23jkqtk683nn14w6/logo1.png,/partners/partner/17948642/,ru,2026-06-23T15:46:09+00:00
19272640,24Team,https://24team.bitrix24site.ru/,+79639461556,154.24team@gmail.com,"https://www.1c-bitrix.ru/upload/iblock/ebc/cj1ls7egxmr4rkzzktamqbs1n4zfn7w0/Untitled Project.jpg",/partners/partner/19272640/,ru,2026-06-23T15:46:11+00:00
13985992,Russia-Promo,https://russia-promo.ru/,+79139208788,vitaliy@russia-promo.ru,https://www.1c-bitrix.ru/upload/iblock/e1d/5v5s4cqzoobx9am0vynraawke70fdfm2/logo-2.png,/partners/partner/13985992/,ru,2026-06-23T15:46:14+00:00
508519,Electron,https://bit.bitrix24.site/,"+7 800 302 0247",office@web-electron.ru,https://www.1c-bitrix.ru/upload/iblock/071/mip6w5c2lb3li9ia1kgibye7nb19si04/logo.png,/partners/partner/508519/,ru,2026-06-23T15:46:16+00:00
13453320,Графит,https://bitux.ru/,+79770548386,info@bitux.ru,https://www.1c-bitrix.ru/upload/iblock/78e/8muj94jqqosvdq7lhug6y00cwodr1kpw/Логотип-(горизонт+красная-полоса).png,/partners/partner/13453320/,ru,2026-06-23T15:46:18+00:00
11129296,YELMO,https://Yelmo.ru,+74954765424,info@yelmo.ru,"https://www.1c-bitrix.ru/upload/iblock/741/8blnx8fcrw52w1i2hmh1jihk3stiwsxw/Лого квадрат жёлтый_200.png",/partners/partner/11129296/,ru,2026-06-23T15:46:21+00:00
8736247,GrifonLab,https://gr-lab.ru,"+7 (925) 423-63-84",info@gr-lab.ru,"https://www.1c-bitrix.ru/upload/iblock/9c2/1e2h2u3rqqv0zjr98n5uq3313k2dhls2/логотип GrifonLab.png",/partners/partner/8736247/,ru,2026-06-23T15:46:23+00:00
10436214,2ДИМ,https://cc-adm.ru,"+7 (831) 424-06-40",support@cc-adm.ru,https://www.1c-bitrix.ru/upload/iblock/578/aswebtlhculd8l6mb6w7azqfaa8nqhkz/logo.png,/partners/partner/10436214/,ru,2026-06-23T15:46:29+00:00
23486948,Руна-IT,https://www.runa-it.ru/,+79262070431,im@imkr.pro,"https://www.1c-bitrix.ru/upload/iblock/04c/tews7b3kyl33ijbkzmxqksczgw37dz2x/Лого для Битрикса.jpg",/partners/partner/23486948/,ru,2026-06-23T15:46:31+00:00
262590,"ИТ Центр",https://itcenter.pro/,"+7 (861) 205-54-04",bitrix24@itcenter.pro,https://www.1c-bitrix.ru/upload/iblock/6f8/foxszlnnrtu76da5z0p30l2gryaonghe/itcenter175.png,/partners/partner/262590/,ru,2026-06-23T15:46:34+00:00
5590517,Протобайт,https://protobyte.ru,+7-962-205-23-21,info@protobyte.ru,https://www.1c-bitrix.ru/upload/iblock/755/logo-for-bx.png,/partners/partner/5590517/,ru,2026-06-23T15:46:36+00:00
9678729,Ectem,https://ectem.ru/,78126655155,info@ectem.ru,https://www.1c-bitrix.ru/upload/iblock/6f6/5v7urugv6o2fn1k61vuq6a4ump3qcxmb/e1.png,/partners/partner/9678729/,ru,2026-06-23T15:46:38+00:00
19781430,BitProSystem,https://bitprosystem.ru,"+7 (995) 116-06-07",info@bitprosystem.ru,"https://www.1c-bitrix.ru/upload/iblock/089/egthqlk0lts9hfguw23wo9sos0ytnkw8/Frame 1.png",/partners/partner/19781430/,ru,2026-06-23T15:46:41+00:00
20602386,sf_projekt,https://dadaev24.ru,89887884801,dadaev_projekt@mail.ru,"https://www.1c-bitrix.ru/upload/iblock/0d7/ubribkmxjofs3e41e6fr6u0upq5yf2av/лого дс.png",/partners/partner/20602386/,ru,2026-06-23T15:46:43+00:00
1256275,Splash,https://splash.su/,"+7 (4942) 632-404",sale@splash.su,"https://www.1c-bitrix.ru/upload/iblock/7e9/4wz3ra2ow0064eqfih7yj6m0n7d8nbmw/175 на 53.jpg",/partners/partner/1256275/,ru,2026-06-23T15:46:46+00:00
18145336,DEIWW24,https://deiww24.bitrix24site.ru/,"+7 925 235-54-39",deiww24@yandex.ru,https://www.1c-bitrix.ru/upload/iblock/3fa/e5qqe1f7om14b584i9mysql9whrxxk4n/logomin.png,/partners/partner/18145336/,ru,2026-06-23T15:46:48+00:00
3688131,Колибри,https://kolibbri.ru/,"+7 (342) 230 80 70",info@kolibbri.ru,https://www.1c-bitrix.ru/upload/iblock/0f9/kolibbri.png,/partners/partner/3688131/,ru,2026-06-23T15:46:50+00:00
9372627,ЛИЧИ,https://lichi24.ru/,+78452990837,info@lichi24.ru,https://www.1c-bitrix.ru/upload/iblock/099/ly4xl80q01f06zx6wy9pkbn35v8n70d4/YandexTelemost_mKXk7aTjbM.png,/partners/partner/9372627/,ru,2026-06-23T15:46:53+00:00
9781209,k2group,https://studio.k2group.su,+7(343)300-97-91,studio@k2group.su,https://www.1c-bitrix.ru/upload/iblock/49f/blogos.png,/partners/partner/9781209/,ru,2026-06-23T15:46:55+00:00
9854861,BXG,https://bxg-24.ru/,+79128014767,info@bxg24.ru,"https://www.1c-bitrix.ru/upload/iblock/c40/bxg копия3.png",/partners/partner/9854861/,ru,2026-06-23T15:47:01+00:00
12099840,Иджен,https://ejensoft.com,88123853344,v.razumovskiy@ejensoft.com,https://www.1c-bitrix.ru/upload/iblock/654/hm7jqbumu3t65l13zxt8dg1veiz6j6iy/logo_bit.jpg,/partners/partner/12099840/,ru,2026-06-23T15:47:03+00:00
16584148,"White Byte",http://w-byte.ru,"+7938 549-19-88",info@w-byte.ru,https://www.1c-bitrix.ru/upload/iblock/483/t0i3ktqlz2os1o3l00gj640g78ulvx28/Ґ†©в.png,/partners/partner/16584148/,ru,2026-06-23T15:47:06+00:00
12274,"Центр Веб-решений",http://cwr.ru/,"+7 (3952) 550-571",sales@cwr-team.ru,https://www.1c-bitrix.ru/upload/iblock/63a/c77vasvqypc7ss2llkn769sxl9ie2n6v/CWR_Logo.png,/partners/partner/12274/,ru,2026-06-23T15:47:08+00:00
19140052,YaHelp,https://yahelp.bitrix24site.ru,89613971983,tenderisbroker@gmail.com,https://www.1c-bitrix.ru/upload/iblock/9b2/00xw1b305t0pvn9tqwicztqrn9puzmb0/logo_prototip_a6ziop6cp_transfor_1x_png.png,/partners/partner/19140052/,ru,2026-06-23T15:47:11+00:00
6457663,КАНАПЕ,https://kanape.pro,89097757447,hi@kanape.pro,https://www.1c-bitrix.ru/upload/iblock/43e/p2et3999hg5nr3163fe2q6wnqo3650eb/LOGO_CANAPE_B24.png,/partners/partner/6457663/,ru,2026-06-23T15:47:13+00:00
17182510,"Лид Экшн",https://leadaction.ru,+79059592752,info@leadaction.ru,"https://www.1c-bitrix.ru/upload/iblock/e84/lzpy6x39jcwwg4xtfmfurwbvquhr6fja/Логотип-Lead-Action-без-текста (2).jpg",/partners/partner/17182510/,ru,2026-06-23T15:47:16+00:00
1716805,Кодерлайн,http://www.koderline.ru,"+7(812) 565-15-31 (доб. 1112)",integrator_b24@koderline.com,https://www.1c-bitrix.ru/upload/iblock/836/imgonline-com-ua-resizeYDT0Aaz24rVe.jpg,/partners/partner/1716805/,ru,2026-06-23T15:47:18+00:00
11860362,ICONICA,https://iconica.site,"+7 812 244 70 93",cda@iconica.site,"https://www.1c-bitrix.ru/upload/iblock/42d/5aerdrry3a62z73q0fj2psizvf40z6gr/Rectangle 1.jpg",/partners/partner/11860362/,ru,2026-06-23T15:47:20+00:00
24133088,DARX,https://darx-it.ru,"+7 928 298 81 75",darx-it@yandex.ru,"https://www.1c-bitrix.ru/upload/iblock/f18/sbzur67dqbdqt383vhnkew8ysbmk4iz9/darx logo 2 (1).png",/partners/partner/24133088/,ru,2026-06-23T15:47:23+00:00
5238225,Профсервис,https://profservice.bitrix24site.ru/,+78126022052,bitrix@obcom.su,"https://www.1c-bitrix.ru/upload/iblock/ea4/d6mpyz3ixd7ej45ih1kbprn5t41cyhxo/лого_с._зеленый@1x (1).png",/partners/partner/5238225/,ru,2026-06-23T15:47:25+00:00
7413347,"Коленников АС",https://dao-crm.bitrix24site.ru,73832359935,dao-crm@yandex.ru,https://www.1c-bitrix.ru/upload/iblock/b25/t9gaw2ivi0k8ahh8mtpfnv3d4pchig3n/Лого.png,/partners/partner/7413347/,ru,2026-06-23T15:47:28+00:00
712923,Крайт,https://krayt.ru/,"8(800)555-13-01, 8(812)425-60-30",mail@krayt.ru,https://www.1c-bitrix.ru/upload/iblock/357/johqrqyhca9v1v9reo51z5zckbyo46d1/logo_krayt.png,/partners/partner/712923/,ru,2026-06-23T15:47:34+00:00
10721495,TripleBit,https://triplebit.ru/bitrix24,"+7978 716-48-80",office@triplebit.ru,https://www.1c-bitrix.ru/upload/iblock/cf2/imgonline-com-ua-Resize-k1aEcZNnDf.jpg,/partners/partner/10721495/,ru,2026-06-23T15:47:36+00:00
11727416,ОНКОММ,https://oncomm.ru/,"8 (800) 500-20-69",info@oncomm.ru,https://www.1c-bitrix.ru/upload/iblock/3e4/soh6936pb009z2jwcnhipkok3fj2t7lj/3ddd1e2f-832a-42fb-a056-16d555e7c2d5.jpg,/partners/partner/11727416/,ru,2026-06-23T15:47:39+00:00
14830964,"Толк Ай Ти",https://tolkit.top,+74996479547,team@tolkit.top,https://www.1c-bitrix.ru/upload/iblock/9c0/zpp1y5va1gza8e8vtkwgynnf7ooeg8d4/logo_sm.png,/partners/partner/14830964/,ru,2026-06-23T15:47:41+00:00
4687913,"Центр ПТРИА",https://cptria.ru,"+7 (8172) 70-15-85",info@cptria.ru,"https://www.1c-bitrix.ru/upload/iblock/7b5/we5q5337xny7x3ltt7f8nvx2kvhu7h4l/logotip6_138 на 135 пикселей.jpg",/partners/partner/4687913/,ru,2026-06-23T15:47:43+00:00
9279491,"Digital CashFlow",https://cashruflow.ru?utm_source=bitrix,+79501787217,bitrix24@cashruflow.ru,"https://www.1c-bitrix.ru/upload/iblock/10a/92f5gr1y5iqnndeu9rlkpuw6mnatzu3y/Партнер Битрикс24.svg",/partners/partner/9279491/,ru,2026-06-23T15:47:46+00:00
18395772,"EWO Group",https://ewocrm.ru/,+79831321366,ewocrm@gmail.com,https://www.1c-bitrix.ru/upload/iblock/459/y3fzwzbaqkizvdjsvwm207z0s496n8rv/logo_resized_175x135.png,/partners/partner/18395772/,ru,2026-06-23T15:47:48+00:00
169311,WAYDEV,https://waydev.ru,"8 (800) 200 85 80",contact@waydev.ru,"https://www.1c-bitrix.ru/upload/iblock/2fc/w5c5kzntjnm18geg8rgfo6z10esm32ia/Коммерческое предложение по продвижению сайта - TextMaker.jpg",/partners/partner/169311/,ru,2026-06-23T15:47:51+00:00
291200,Б24Партнер,https://b24partner.ru/,+79234649065,sale@b24partner.ru,https://www.1c-bitrix.ru/upload/iblock/e6e/1b24.png,/partners/partner/291200/,ru,2026-06-23T15:47:53+00:00
6770679,Корзилла,https://korzilla.ru,8-800-700-31-63,info@korzilla.ru,"https://www.1c-bitrix.ru/upload/iblock/c35/Logo_korzilla_,bnhbrc.png",/partners/partner/6770679/,ru,2026-06-23T15:47:56+00:00
1263514,Libercode,https://www.libercode.ru,"+7 (812)-425-62-13",sales@libercode.ru,https://www.1c-bitrix.ru/upload/iblock/fec/logotip_R.png,/partners/partner/1263514/,ru,2026-06-23T15:47:58+00:00
9252277,maxed.pro,https://maxed.pro,"+7 (343) 302-00-72",info@maxed.pro,"https://www.1c-bitrix.ru/upload/iblock/9bb/b7vl37bxydd70f2h0iq6cohiy0utqlbh/Снимок экрана 2022-03-22 в 14.42.42.png",/partners/partner/9252277/,ru,2026-06-23T15:48:00+00:00
8820795,"АЭР Сервис",https://aersrv.ru,+7-861-944-17-45,sale@aersrv.ru,"https://www.1c-bitrix.ru/upload/iblock/445/ti1t7y1ten6ionhgjwxoewwitgvz71at/Лого АЭР Сервис175.png",/partners/partner/8820795/,ru,2026-06-23T15:48:23+00:00
21958058,RISE,https://risecrm.ru/,,risecrm@mail.ru,"https://www.1c-bitrix.ru/upload/iblock/69c/ye0a0z97d4c2lo4wnd2p5zy323bv8ixq/logo 1.jpg",/partners/partner/21958058/,ru,2026-06-23T15:48:25+00:00
25227564,AMOBIT,https://amobit.ru,+79066566959,info@amobit.ru,https://www.1c-bitrix.ru/upload/iblock/79d/eqamoli3235p4ej5pfv4s3m2dxm081wk/175x135.jpg,/partners/partner/25227564/,ru,2026-06-23T15:48:28+00:00
8211841,"STG SOFT",https://stgsoft.site/,+73412918652,mail@stgsoft.pro,https://www.1c-bitrix.ru/upload/iblock/261/logo1.png,/partners/partner/8211841/,ru,2026-06-23T15:48:30+00:00
11032894,АНТИР,https://antir.ru,"+7 (499) 938-58-75",info@antir.ru,https://www.1c-bitrix.ru/upload/iblock/939/logo-for-1c-bitrix.png,/partners/partner/11032894/,ru,2026-06-23T15:48:33+00:00
14001604,NOXXA,https://noxxa.ru,+79953831808,s.korshunov@noxxa.ru,"https://www.1c-bitrix.ru/upload/iblock/b53/ey0kb1y073zibe4a7w4rcyyxuxd4hskt/NOXXA_LOGO-маленкий — копия.jpg",/partners/partner/14001604/,ru,2026-06-23T15:48:35+00:00
21290296,"Business Evolution",https://b-evo.ru,+79120180355,info@b-evo.ru,https://www.1c-bitrix.ru/upload/iblock/d34/of7rm7nm8e02bcpzax3ghrc6tcua6fm2/logo.png,/partners/partner/21290296/,ru,2026-06-23T15:48:38+00:00
24195178,ITCO,https://itco-group.ru/,"+7 343 288-07-97",info@itco-group.ru,"https://www.1c-bitrix.ru/upload/iblock/4e8/0550y60cf3bylfzpwk62wfv39o9b0jz4/ITCO-13 — копия(1).png",/partners/partner/24195178/,ru,2026-06-23T15:48:40+00:00
1102128,WebToday,https://webtoday.pro/,"8 (800) 201-34-68, 8 (812) 924-29-14",info@webtoday.pro,https://www.1c-bitrix.ru/upload/iblock/e86/logo_bitrix.jpg,/partners/partner/1102128/,ru,2026-06-23T15:48:43+00:00
1992845,СайтГлобал,https://siteglobal.ru/,"+7 831 2350490",info@siteglobal.ru,https://www.1c-bitrix.ru/upload/iblock/f0c/l24.png,/partners/partner/1992845/,ru,2026-06-23T15:48:45+00:00
10515378,"Parfenov Consult",https://parfenovconsult.bitrix24site.ru/,"+7 (915) 006-52-52",a@parfenovconsult.ru,"https://www.1c-bitrix.ru/upload/iblock/2da/b7fafbvzrksmck6ecop2ywx7k1onybpk/image (4).png",/partners/partner/10515378/,ru,2026-06-23T15:48:48+00:00
9941715,"Елена Полисадова",https://polisadova-int.bitrix24site.ru,89046524143,polisadova.info@gmail.com,"https://www.1c-bitrix.ru/upload/iblock/9dc/Дизайн без названия-3.png",/partners/partner/9941715/,ru,2026-06-23T15:48:50+00:00
21630302,"Умные продажи",http://bitrix.abs7.ru/,+7(953)659-86-46,admin@abs7.ru,"https://www.1c-bitrix.ru/upload/iblock/94b/zguabrx75w49595nc8fvx35ckyla642s/лого УП_короче_135_совсем короткий.png",/partners/partner/21630302/,ru,2026-06-23T15:48:56+00:00
6871539,BPIM,https://bpim.ru,89057940511,info@bpim.ru,https://www.1c-bitrix.ru/upload/iblock/cab/71symavkfml2fmynexv0xwmokwfxp540/bpim1.png,/partners/partner/6871539/,ru,2026-06-23T15:48:58+00:00
17995270,TeamIdea,https://teamidea.ru/,"+7 (495) 215 21 78",contact@teamidea.ru,https://www.1c-bitrix.ru/upload/iblock/a65/1ipi4lup85dncdvejwp6wy00k6ua7wa5/2025-07-16_18-54-08.jpg,/partners/partner/17995270/,ru,2026-06-23T15:49:00+00:00
19139706,"Korolev Group",https://korolev.group/,"+7 495 476-53-03",office@korolev.group,https://www.1c-bitrix.ru/upload/iblock/cb8/z2udl3h6dum9u7npukn1rwjl8sqvuh2e/logo.png,/partners/partner/19139706/,ru,2026-06-23T15:49:03+00:00
22563818,Рион,https://rion.bitrix24site.ru,+79961291512,info@rion.su,https://www.1c-bitrix.ru/upload/iblock/f46/g80drza919ocrvb53bwklvhhuptxqsn2/43.png,/partners/partner/22563818/,ru,2026-06-23T15:49:05+00:00
11921254,"Palex Soft",https://www.palex-soft.ru,"+7 (3822) 49-13-45",info@palex-soft.com,https://www.1c-bitrix.ru/upload/iblock/1bf/Logo175-95.jpg,/partners/partner/11921254/,ru,2026-06-23T15:49:11+00:00
1500563,"Новые Решения",https://www.neosoft.pro,"8 800 234-14-43",info@neosoft.pro,https://www.1c-bitrix.ru/upload/iblock/c06/green_leaf.png,/partners/partner/1500563/,ru,2026-06-23T15:49:14+00:00
464728,Leann,https://leann.ru,+74997041714,sales@leann.ru,https://www.1c-bitrix.ru/upload/iblock/c30/jl2vv55ua6m2enyhxox9b7nxt2236w03/logo131.png,/partners/partner/464728/,ru,2026-06-23T15:49:17+00:00
7342909,Factern,https://factern.ru,+79993336541,hello@factern.ru,https://www.1c-bitrix.ru/upload/iblock/995/175x121.png,/partners/partner/7342909/,ru,2026-06-23T15:49:20+00:00
292306,Beweis,https://beweis.ru,"+7 961 76 76 138",info@beweis.ru,https://www.1c-bitrix.ru/upload/iblock/fdc/150.png,/partners/partner/292306/,ru,2026-06-23T15:49:23+00:00
15290896,Soma,https://soma-agency.com/,+7-968-515-98-70,hello@soma-agency.com,https://www.1c-bitrix.ru/upload/iblock/961/tw305d18vqpzxm5e0c89pnnyvfyhv7rl/soma-—-копия.png,/partners/partner/15290896/,ru,2026-06-23T15:49:25+00:00
13470280,WorldCashBox,https://WorldCashBox.ru,"7 (423) 2-799-759, 7 (994) 008-60-60",vl@worldcashbox.ru,"https://www.1c-bitrix.ru/upload/iblock/6db/9r0koqvpfq4lt6xkrpsl81dlo4k2le3f/Логотип 112.jpg",/partners/partner/13470280/,ru,2026-06-23T15:49:28+00:00
6613039,OX8.RU,https://ox8.ru,"+7 (961) 527-0-528",support@ox8.ru,https://www.1c-bitrix.ru/upload/iblock/b22/oei55w9yg5b8wblnkmp453nos2n123r4/Пингвин-500.jpg,/partners/partner/6613039/,ru,2026-06-23T15:49:31+00:00
9913181,Subbota.Online,https://subbota.online/,+7(9825)199-699,info@subbota.online,https://www.1c-bitrix.ru/upload/iblock/641/66yydu24abhegou0blj5tiaxirfkl1ld/logo_new_small.png,/partners/partner/9913181/,ru,2026-06-23T15:49:33+00:00
16210754,Интрасети,https://intraseti.ru/,+79219424289,alexei@intraseti.ru,https://www.1c-bitrix.ru/upload/iblock/5c1/156gqlbrv58d5coly5s7gj9sf2q3syhl/logo-scroll22.jpg,/partners/partner/16210754/,ru,2026-06-23T15:49:36+00:00
20849846,KIZHTECH,https://kizhtech.ru,,info@kizhtech.ru,https://www.1c-bitrix.ru/upload/iblock/c68/jiff2adtgc2690qaa7d18ujcc07suol4/2024-04-08_09-51-01.png,/partners/partner/20849846/,ru,2026-06-23T15:49:38+00:00
10006231,ВЭЛА,https://velaweb.ru/,"+7 (499) 350-27-55",info@velaweb.ru,https://www.1c-bitrix.ru/upload/iblock/b97/r4kws55p21b5n0hig5jltgvwufq5lgbz/logo_bitrix24.png,/partners/partner/10006231/,ru,2026-06-23T15:49:40+00:00
10519756,PotokBit,https://potokbit.ru/,,potok.for.biz@yandex.ru,"https://www.1c-bitrix.ru/upload/iblock/b5b/f1x4x7dbnopk1xqjlejkrpy4qkt0v382/лого Б24.jpg",/partners/partner/10519756/,ru,2026-06-23T15:49:46+00:00
5074789,Бизнес24,https://b24.company/,"+7 499 577-04-24",mail@b24.company,https://www.1c-bitrix.ru/upload/iblock/8d8/logo_h135.png,/partners/partner/5074789/,ru,2026-06-23T15:49:49+00:00
1468592,LYNXOFT,http://lynxoft.ru,"+7 (922) 151-71-45",m@lynxoft.ru,https://www.1c-bitrix.ru/upload/iblock/e47/lx1.png,/partners/partner/1468592/,ru,2026-06-23T15:49:51+00:00
18790280,"МФС Консалтинг",https://bitrix.mfs.su/,+78129446565,mfs@mfs.su,https://www.1c-bitrix.ru/upload/iblock/62e/ztc1xypu90uql7p9ohb2sr27qytcfxhm/Logo_MFS.jpg,/partners/partner/18790280/,ru,2026-06-23T15:49:53+00:00
24449164,SalesX,https://salesx.bitrix24site.ru,"+7906 389-76-11",sales-x@mail.ru,https://www.1c-bitrix.ru/upload/iblock/524/3bgm8qg1hd2b1trog8qh1m09sh2hfjn2/1234.jpg,/partners/partner/24449164/,ru,2026-06-23T15:49:56+00:00
11351262,Инфотех,https://b24uk.itekh.ru,+78332789652,b24@itekh.ru,https://www.1c-bitrix.ru/upload/iblock/3a1/bdd/logo.jpg,/partners/partner/11351262/,ru,2026-06-23T15:49:58+00:00
60880,Notamedia,https://integrator.nota.media,"+7 (495) 995-15-21",integrator@notamedia.ru,https://www.1c-bitrix.ru/upload/iblock/767/e7xgo95pn4yr0pqaj7oc443jbg8hzton/logo1.png,/partners/partner/60880/,ru,2026-06-23T15:50:01+00:00
723607,Адвантика,https://advantika.ru,"+7 (4212) 55-01-01",info@advantika.ru,https://www.1c-bitrix.ru/upload/iblock/155/jpg_center_whitebg_big_lowquality.jpg,/partners/partner/723607/,ru,2026-06-23T15:50:03+00:00
16788698,ITEM,https://item.expert/,"8 (812) 309 94 00",info@item.expert,"https://www.1c-bitrix.ru/upload/iblock/4ce/p2dg4dl5hf6xjrowferzhe2y1ileq3el/Лого Item.png",/partners/partner/16788698/,ru,2026-06-23T15:50:05+00:00
1768211,"Ай Ти Веб",https://itweb-spb.ru,"8 800 301-79-48",info@itweb-spb.ru,https://www.1c-bitrix.ru/upload/iblock/2bc/728png-512.png,/partners/partner/1768211/,ru,2026-06-23T15:50:08+00:00
6901987,"Проект Интеграция",https://проект-интеграция.рф,+79213701024,sales@ip-ltd.ru,https://www.1c-bitrix.ru/upload/iblock/927/icon-ip.png,/partners/partner/6901987/,ru,2026-06-23T15:50:10+00:00
11080288,Melabs,https://melabs.ru,"+7 495 532 36-26",info@melabs.ru,https://www.1c-bitrix.ru/upload/iblock/60e/doqz5cz39cz5tup181osn780246z42mu/logo2.jpg,/partners/partner/11080288/,ru,2026-06-23T15:50:13+00:00
7867887,"roi agent",https://roiagent.ru/,+79670358205,info@roiagent.ru,"https://www.1c-bitrix.ru/upload/iblock/025/5pll5alb5u3b3bi91tyxa7zj0ztco10v/Group 12.png",/partners/partner/7867887/,ru,2026-06-23T15:50:19+00:00
17696996,Петрасофт,https://petrasoft.bitrix24site.ru/,"+7 916 434-33-99",p.tokmakov@mail.ru,"https://www.1c-bitrix.ru/upload/iblock/59e/ymagr961l09l9m0e2tx11a2sf4jtnrfo/Логотип компании.jpg",/partners/partner/17696996/,ru,2026-06-23T15:50:21+00:00
18250750,BARROZ,https://barroz.ru,"+7 925 360-40-06",ib@barroz.ru,https://www.1c-bitrix.ru/upload/iblock/d4c/3oxuxun0ge844zsxyk2eglns0kqhvb1z/1.png,/partners/partner/18250750/,ru,2026-06-23T15:50:24+00:00
22381702,CTR1,https://ctr1.ru/crm_v_bizness,+79112972462,info@ctr1.ru,"https://www.1c-bitrix.ru/upload/iblock/191/94de1km3uxmyo0l0s5u6u3vtt5rqwg8n/Креатив без названия (3).png",/partners/partner/22381702/,ru,2026-06-23T15:50:26+00:00
5512593,WebМодуль,https://bitrix24.webmodule.ru/,"+7 (383) 212 66 12",web-module@mail.ru,https://www.1c-bitrix.ru/upload/iblock/014/2wovqktwyb4dikqjyhgma8mn4p9rw0hy/logoWM.png,/partners/partner/5512593/,ru,2026-06-23T15:50:29+00:00
6635719,ALMIROS,https://almiros.bitrix24.site/,+79175024071,abulanov27@yandex.ru,https://www.1c-bitrix.ru/upload/iblock/2b9/nut3f5esbal9k4eqc4hp578z2lgj3n1s/Logo_175.png,/partners/partner/6635719/,ru,2026-06-23T15:50:31+00:00
19438568,"1С Франчайзи- Системы автоматизации",https://1cca.ru/,"+7 (495) 021-43-00",zakaz@1cca.ru,"https://www.1c-bitrix.ru/upload/iblock/6d2/9ovw1ath5udlzlubta1u3huwbtk02qdd/логотип (1) (1) (1).jpg",/partners/partner/19438568/,ru,2026-06-23T15:50:34+00:00
873320,SimbirSoft,http://www.simbirsoft.com,"8 (800) 200 99 24",bitrix@simbirsoft.com,"https://www.1c-bitrix.ru/upload/iblock/cfb/8gn3rmys8iz46mnxcb8yinu9d2alhi8u/ss-logo-symbol-blue-2 (1).png",/partners/partner/873320/,ru,2026-06-23T15:50:36+00:00
969820,Дизайнкод,https://designcodes.ru,"+7 (926) 290-14-20",ask@designcodes.ru,https://www.1c-bitrix.ru/upload/iblock/2db/65ciqdf2gkjnqjrxidel1hg9udf6m694/dc-logo.jpg,/partners/partner/969820/,ru,2026-06-23T15:50:39+00:00
13743612,Kenejda,https://b24.kenejda.ru,89202067473,sdv@kenejda.ru,https://www.1c-bitrix.ru/upload/iblock/8dd/ty43i041mv2us9naxwph3pby9ghne1em/horizontal_tagline_on_corporate_by_logaster.png,/partners/partner/13743612/,ru,2026-06-23T15:50:41+00:00
11549594,"КОМПАС БИЗНЕСА",https://fourlines.ru,89819993030,mail@fourlines.ru,"https://www.1c-bitrix.ru/upload/iblock/4b8/ldkjiu7x67qiq4iz6vfhwq0pn2fni9xv/компас_лого 3.png",/partners/partner/11549594/,ru,2026-06-23T15:50:43+00:00
193047,INTEC,https://intecweb.ru,"+7 (351)777-80-70, 8 (800) 100-45-85",golub@intecweb.ru,https://www.1c-bitrix.ru/upload/iblock/ae3/24FBDAF9-AF42-466B-AB53-C7DC61CB6949.jpeg,/partners/partner/193047/,ru,2026-06-23T15:50:46+00:00
43636,"Южная Софтверная Компания",https://www.usk.ru,8-800-700-8-863,info@usk.ru,https://www.1c-bitrix.ru/upload/iblock/9b8/logo_usk.png,/partners/partner/43636/,ru,2026-06-23T15:50:52+00:00
14116556,"Альфа-Центр. Консалтинг",https://a-center.bitrix24.site,+79290387668,a.kolbin@sila-shop.com,https://www.1c-bitrix.ru/upload/iblock/cff/kbt1bir2njeisk3mellx6nm9ey0whjdc/175-135.jpg,/partners/partner/14116556/,ru,2026-06-23T15:50:54+00:00
7385695,"Абаканские Интернет Технологии",https://ait19.ru,89235997220,ait19@yandex.ru,https://www.1c-bitrix.ru/upload/iblock/d59/ait2.jpg,/partners/partner/7385695/,ru,2026-06-23T15:50:56+00:00
11660058,"One Cloud Space",https://ocs-1c.ru,+78126700090,info@ocs-1c.ru,https://www.1c-bitrix.ru/upload/iblock/7f7/aevl9wq1vsrwphcq7n6t03ncpq4av29z/logo.png,/partners/partner/11660058/,ru,2026-06-23T15:50:59+00:00
23328402,HubIT,https://hubit-tech.bitrix24site.ru,79186460163,hub-it.tech@yandex.ru,https://www.1c-bitrix.ru/upload/iblock/0b7/5ihh5zzvbpfhmaptdeq8cbyux29nb1nd/HubITsmall.png,/partners/partner/23328402/,ru,2026-06-23T15:51:01+00:00
25512608,Севрюгин,https://b24-c7jwkr.bitrix24site.ru/,"+7 999 071-15-89",ipsevryugin@mail.ru,"https://www.1c-bitrix.ru/upload/iblock/1bc/hg4mi8o9q1bylz3dazaprnihjdjb4qrx/Screenshot at Nov 19 09-23-12.png",/partners/partner/25512608/,ru,2026-06-23T15:51:04+00:00
335707,ИТС,https://its46.ru,"+7 920 701 14 30",info@its46.ru,https://www.1c-bitrix.ru/upload/iblock/90d/jd13wn1vh4olsscwa0u2qh4efwf1lskz/logo.png,/partners/partner/335707/,ru,2026-06-23T15:51:06+00:00
15281242,LDE-PROD,https://lde-prod.ru/,+79930721518,blurredbg@gmail.com,"https://www.1c-bitrix.ru/upload/iblock/e8c/g6nkhkcwds5fuvhkguc7by7p3df18411/Безымянный-1_Монтажная область 1.png",/partners/partner/15281242/,ru,2026-06-23T15:51:08+00:00
1313205,Атма,https://atma.company,"+7 (962) 542-42-42",post@atmapro.ru,https://www.1c-bitrix.ru/upload/iblock/135/153/logo.png,/partners/partner/1313205/,ru,2026-06-23T15:51:11+00:00
6857845,Юпитер,https://buisnes-partner.bitrix24.shop,+7(951)105-55-07,auermann@bk.ru,"https://www.1c-bitrix.ru/upload/iblock/3f4/знак синий 135.png",/partners/partner/6857845/,ru,2026-06-23T15:51:13+00:00
8991969,Decima,https://hi.decimaweb.ru,"+7 906 355 11 17",office@decimaweb.ru,"https://www.1c-bitrix.ru/upload/iblock/eb4/tdsdrh725m4fu50g0ur4so25f8gqfvyf/decima logo.jpg",/partners/partner/8991969/,ru,2026-06-23T15:51:16+00:00
13266910,"Аллес Принт",https://89872997779.ru/,89872997779,it@it-zhuravlev.ru,https://www.1c-bitrix.ru/upload/iblock/1bd/v7limiuy1x03j74uf7tvypthf288uzjo/1.jpg,/partners/partner/13266910/,ru,2026-06-23T15:51:18+00:00
908053,"Умный цвет",https://clever-color.ru,+7(951)5000880,info@clever-color.ru,https://www.1c-bitrix.ru/upload/iblock/1b2/elxyu1xhweppdgef0p2sg32tjprwfho2/Logo_Clever-Color_Horizontal_Color.jpg,/partners/partner/908053/,ru,2026-06-23T15:51:24+00:00
598237,Icorporate,https://icorporate.ru/,"(3952) 48-20-84",web@icorporate.ru,"https://www.1c-bitrix.ru/upload/iblock/a65/1n3pejkbidibb3c2qxk8byoxsgxqddrj/логотип и цвет-02 (1) (1).png",/partners/partner/598237/,ru,2026-06-23T15:51:27+00:00
1205633,crmplace,https://crmplace.ru/,"+7 9144056832",info@crmplace.ru,https://www.1c-bitrix.ru/upload/iblock/7c6/75s0g8dl19u9tc6t2ol7tzddbd8gfgak/logo.png,/partners/partner/1205633/,ru,2026-06-23T15:51:29+00:00
10417220,БКН-promotion,https://bkn-promo.ru/,"+7 (995) 623-53-25",bkn-promo@yandex.ru,https://www.1c-bitrix.ru/upload/iblock/245/vc3pvgnw35bm1bnihcm9yzbnvs2rwdm7/horizontal_on_transparent_3000x1349px.png,/partners/partner/10417220/,ru,2026-06-23T15:51:32+00:00
10757668,"ITV Студия",https://studio.itv.ru/,8-800-550-2185,www@itv.ru,https://www.1c-bitrix.ru/upload/iblock/b1b/3t0mv10w5rx0ttwcslwxskgztxda4zhg/лого-Студиа.png,/partners/partner/10757668/,ru,2026-06-23T15:51:34+00:00
13352412,IT-Kert,http://crm.it-kert.ru/,+79215982768,info@it-kert.ru,https://www.1c-bitrix.ru/upload/iblock/68c/t7douwb03azsbfkkpk4h910ebjmb5gzr/ЛОГО1.png,/partners/partner/13352412/,ru,2026-06-23T15:51:37+00:00
14985852,IT-OBEREG,https://itobereg.ru,83433020506,info@itobereg.ru,https://www.1c-bitrix.ru/upload/iblock/034/wt3g9jvgokpdqotzbfjozsbl5c1in5zv/itobereg.jpg,/partners/partner/14985852/,ru,2026-06-23T15:51:39+00:00
1511060,Bewave,https://bewave.ru,"+7 (499) 938-68-10",info@bewave.ru,https://www.1c-bitrix.ru/upload/iblock/715/yxo5762mvkb6gj7xb8z9uhcz5nva6z25/oie_1920637HRijfK2y.png,/partners/partner/1511060/,ru,2026-06-23T15:51:41+00:00
15954506,SPRT,https://sprt-service.ru/,88004443312,sales@sprt-service.ru,https://www.1c-bitrix.ru/upload/iblock/687/t1f8i1j7d7l6d5fcveh5wbga7re12qtt/sprt_175.png,/partners/partner/15954506/,ru,2026-06-23T15:51:44+00:00
24673420,SyncPro,https://syncpro.bitrix24site.ru,89385245498,syncpro@mail.ru,"https://www.1c-bitrix.ru/upload/iblock/9d5/f53vuzf0ehq47zt2y0tv2r2ovoj14kud/Без имени.png",/partners/partner/24673420/,ru,2026-06-23T15:51:46+00:00
769442,VILKA,https://vilka.cc,+7(930)830-11-01,info@vilka-ready.ru,https://www.1c-bitrix.ru/upload/iblock/bd6/vilka_logo.png,/partners/partner/769442/,ru,2026-06-23T15:51:49+00:00
7637029,NAVIPOINT,https://navipoint.ru,+79697775020,b24@navipoint.ru,https://www.1c-bitrix.ru/upload/iblock/cee/gj68x6jal9gkrmkm18639dymotsl1wvj/logo-N-only-square-135x135.png,/partners/partner/7637029/,ru,2026-06-23T15:51:51+00:00
22728446,"Crm Software Engineering",https://crmsoftwareengineering.bitrix24site.ru,89536767195,crmsoftware@yandex.ru,https://www.1c-bitrix.ru/upload/iblock/74c/dyhgjg47dwoiig00p10978y2gm2mbs38/logo2.png,/partners/partner/22728446/,ru,2026-06-23T15:51:57+00:00
9815123,StandartCRM,https://standart-crm.bitrix24site.ru/,"+7 931 952-51-22",tishelburg@gmail.com,"https://www.1c-bitrix.ru/upload/iblock/fa8/s5x0cxts6mf6b0k3o3ujshs5635hqzct/Лого (1).jpg",/partners/partner/9815123/,ru,2026-06-23T15:52:00+00:00
253826,e-Krit,https://e-krit.ru,"8 (930) 165-10-07",info@e-krit.ru,"https://www.1c-bitrix.ru/upload/iblock/565/a4kezgin3y6bu0ufpqzlx4l5cpdsmqlr/Frame 13.png",/partners/partner/253826/,ru,2026-06-23T15:52:02+00:00
18835714,"FastSync CRM",http://fastsync-crm.ru/,"+7952 311-00-07",info@fastsync-crm.ru,"https://www.1c-bitrix.ru/upload/iblock/93a/zj3m8vgpm3gk6zmel00rczu4muino9kd/лого 175 на 135.jpg",/partners/partner/18835714/,ru,2026-06-23T15:52:05+00:00
15082,"Гротеск Групп",https://grotesk.net,+79272494330,info@grotesk.net,https://www.1c-bitrix.ru/upload/iblock/bb4/yjhasq73kx9eda48182noxgjhbe1x4u2/logo_500x500.png,/partners/partner/15082/,ru,2026-06-23T15:52:07+00:00
14815054,ВиатекМедиа,https://viatekmedia.ru,89103606392,viatekmedia@mail.ru,"https://www.1c-bitrix.ru/upload/iblock/4c5/tby4kg2iyqn9wiwbyfrjhdjlwmuw6dfo/logo 01.png",/partners/partner/14815054/,ru,2026-06-23T15:52:09+00:00
10937602,UNKle,https://unkle.pro/,"+7 (800) 200-43-51",info@unkle.pro,https://www.1c-bitrix.ru/upload/iblock/092/yxif97k9jpsh6rglm3hqyi7m0dv7ugew/Unkle-black.png,/partners/partner/10937602/,ru,2026-06-23T15:52:12+00:00
18248160,CRM-Партнер,https://crm-partner.bitrix24site.ru/,+79258880121,alromsol@ya.ru,"https://www.1c-bitrix.ru/upload/iblock/7af/wqhca76d3cs781cchs2lpjoc53i8v68u/Снимок экрана 2025-02-03 в 20.34.40.jpg",/partners/partner/18248160/,ru,2026-06-23T15:52:14+00:00
877150,RUNECT,https://runect.ru,"+7(4832) 50-50-25",info@runect.ru,"https://www.1c-bitrix.ru/upload/iblock/346/suif6leieszmu5njtsv73nasthy0v9g9/Лого-ЧБ прозрачн.png",/partners/partner/877150/,ru,2026-06-23T15:52:17+00:00
1477782,"Бизнес UP",https://biznesup.com,"+7 (831) 217 52 42, +7 (800) 333 06 52",info@biznesup.com,https://www.1c-bitrix.ru/upload/iblock/263/logo135.png,/partners/partner/1477782/,ru,2026-06-23T15:52:19+00:00
557035,"АБМ ИТ-интегратор",https://abm-it.ru,"+7 (495) 182-90-77",sale@abm-it.ru,https://www.1c-bitrix.ru/upload/iblock/3d7/h5i1d5t8f1dacmq997d2wrhg979iwsek/logo_1.1.1.1.1.jpg,/partners/partner/557035/,ru,2026-06-23T15:52:22+00:00
17495342,КосмосСтар,https://cosmosstar.ru,89673300097,manager2@cosmosstar.ru,https://www.1c-bitrix.ru/upload/iblock/492/jvc3atiugfh0uvqqo35u2rs94x0cw0cb/Безымянный.jpg,/partners/partner/17495342/,ru,2026-06-23T15:52:25+00:00
21801002,Интеграл,https://www.integraltech.io,+7(926)232-0809,integralmail@yandex.ru,https://www.1c-bitrix.ru/upload/iblock/1ea/tj5yp5oq50bw5vbzbc8ozmx7du89gtqg/1c-bitrix.png,/partners/partner/21801002/,ru,2026-06-23T15:52:30+00:00
7060513,Тренд,https://trend43.ru/,"+7 (8332) 73-77-07",team@trend43.ru,"https://www.1c-bitrix.ru/upload/iblock/ea9/lubmbvvdwce31jiy1qsyr6t3sgwteg8g/Тренд-131х102 -2.png",/partners/partner/7060513/,ru,2026-06-23T15:52:33+00:00
15759734,Control-It,https://control-it.ru/,79961880450,info@control-it.ru,"https://www.1c-bitrix.ru/upload/iblock/805/wilu6llayvnremtuhl4mb8qdki7rznju/Лого для 1С Битрикс .jpg",/partners/partner/15759734/,ru,2026-06-23T15:52:35+00:00
20334018,БЫСТРОЯСНО,https://quicknclear.ru,"+7 (995) 572-51-53",quicknclear.media@gmail.com,https://www.1c-bitrix.ru/upload/iblock/9d6/x3naqhmmw1nvzmvnbxs9gk1d2gdxrlux/photo_2025-05-28_19-14-17.jpg,/partners/partner/20334018/,ru,2026-06-23T15:52:37+00:00
22523428,"Buenos Ventas",https://buenos.agency,+79591524917,ba@buenos.agency,"https://www.1c-bitrix.ru/upload/iblock/b68/eufmftpfa3xs47n4aloeq1qe7bu07fwy/bueno ventas 3.png",/partners/partner/22523428/,ru,2026-06-23T15:52:40+00:00
11104296,"Быстрые Решения",https://br-crm.ru,"+7 (499) 325-85-30",hello@br-crm.ru,https://www.1c-bitrix.ru/upload/iblock/2f1/pgc817sym18rlsewsw0sv2kv4pcfeqgs/brrrr_1x-2.png,/partners/partner/11104296/,ru,2026-06-23T15:52:43+00:00
8360981,WeWorking,https://weworking.ru,+79209990790,info@weworking.ru,https://www.1c-bitrix.ru/upload/iblock/194/logo-2.png,/partners/partner/8360981/,ru,2026-06-23T15:52:45+00:00
14433848,Флебомаркетинг,https://flebo.marketing/,+79772577747,info@flebo.marketing,https://www.1c-bitrix.ru/upload/iblock/9a7/adjx5kcfzi2i7kt6rhlicgh41cizsuyz/logo_fjrgp9ewiw.png,/partners/partner/14433848/,ru,2026-06-23T15:52:47+00:00
27504250,Атрикс,https://atrixpro.ru,+74951352880,atrix@atrixpro.ru,"https://www.1c-bitrix.ru/upload/iblock/f4b/yvurzfdpps9bu4h44xddawy5q1jy2re9/logo color.png",/partners/partner/27504250/,ru,2026-06-23T15:52:50+00:00
7408917,People&Brands,https://people-brand.ru/,89379823344,info@people-brand.ru,https://www.1c-bitrix.ru/upload/iblock/727/pb7n08qbxb84yp1gqs1ljqyjk7vk6o4o/1.png,/partners/partner/7408917/,ru,2026-06-23T15:52:52+00:00
9753869,N/A,http://naumchenkova.ru/,89175456249,aleksandra@naumchenkova.ru,https://www.1c-bitrix.ru/upload/iblock/c22/olnxwdab12ff03d8cxqbkxvwsqc4lfjn/Untitled-1123132.png,/partners/partner/9753869/,ru,2026-06-23T15:52:54+00:00
10974042,"ГК Сканд",https://ckand.ru/,83517298510,info@ckand.ru,"https://www.1c-bitrix.ru/upload/iblock/714/uk8qokx85est6f0skmw32e6ev7fevr2y/сканд-44 1 сжат.jpg",/partners/partner/10974042/,ru,2026-06-23T15:52:57+00:00
11017716,"Algorithm Computers",https://a-computers.ru,"(863) 301-78-67",info@a-computers.ru,https://www.1c-bitrix.ru/upload/iblock/e5b/s9z2ljhk14129z725g31cowhqcqvf30h/logo.png,/partners/partner/11017716/,ru,2026-06-23T15:53:02+00:00
18531412,InteGreat,https://integreat.bitrix24site.ru,"+7 (812) 214-74-30",integreat@yandex.ru,https://www.1c-bitrix.ru/upload/iblock/c88/71w2ln88673bksba891kpt1v87ynf8nf/result_5454011517461717238.jpg,/partners/partner/18531412/,ru,2026-06-23T15:53:05+00:00
4835159,It-Sparta,https://itsparta.ru,89135591313,info@itsparta.ru,https://www.1c-bitrix.ru/upload/iblock/857/islogo.jpg,/partners/partner/4835159/,ru,2026-06-23T15:53:07+00:00
8681639,ITVoronka.RU,https://itvoronka.ru/,"+7 (967) 555-25-04",info@itvoronka.ru,https://www.1c-bitrix.ru/upload/iblock/378/0ir4nn4y4qh2k24s12zm7ol3a2u5a5ut/logo-600-600.png,/partners/partner/8681639/,ru,2026-06-23T15:53:09+00:00
24648022,RaiseLab,https://raise-lab.ru,+79603340939,makshev.n@yandex.ru,https://www.1c-bitrix.ru/upload/iblock/332/vf1wvcwmmyzzsqkw2ndekkfuffqictwq/Logo135x135.png,/partners/partner/24648022/,ru,2026-06-23T15:53:12+00:00
25729670,"ERA Solution",https://era-solution.ru,"+7 993 640-64-31",info@era-solution.ru,https://www.1c-bitrix.ru/upload/iblock/0f6/5begvmxq5c2xkvw1rvkywe6mnoxgx4q7/175x54.png,/partners/partner/25729670/,ru,2026-06-23T15:53:14+00:00
16671970,"Центр системных продаж Яны Храповицкой",https://khrapovitskayayana.bitrix24site.ru,+79274004011,almaz-89@mail.ru,"https://www.1c-bitrix.ru/upload/iblock/58a/i5gno91069bhsqpqfks6dccvxir60pa4/Снимок экрана 2026-04-13 в 13.58.38 (1).png",/partners/partner/16671970/,ru,2026-06-23T15:53:16+00:00
785069,"Москвитин Дмитрий",https://moskvitin.pro/,"(391) 232 32 22",dmitriy@moskvitin.pro,https://www.1c-bitrix.ru/upload/iblock/a4f/2fsqgqi86xgxp9cgkaui1o6mma0b5nh7/abit-logo-135-x135.jpg,/partners/partner/785069/,ru,2026-06-23T15:53:19+00:00
20884506,TT-Profi,https://tt-profi.ru,+79097061444,mail@tt-profi.ru,"https://www.1c-bitrix.ru/upload/iblock/692/7i7pfczgk0ehtkbyh4ngjf28hjivrieo/160-600_3Ресурс 2.png",/partners/partner/20884506/,ru,2026-06-23T15:53:21+00:00
1421386,Дата8,"https://data8.ru, https://нашсофт.рус",+7-861-238-77-22,sale@data8.ru,https://www.1c-bitrix.ru/upload/iblock/b15/6wvpf17jcl0qnjdrrah68brbvb89xz7l/data8logoNEW.png,/partners/partner/1421386/,ru,2026-06-23T15:53:23+00:00
18261732,ProcBiz,https://procbiz.ru/,"+7966 999-04-60",info@procbiz.ru,https://www.1c-bitrix.ru/upload/iblock/7ef/cklii8l9px7un6798jpbe5nsq5h176dp/photo_2023-08-10_13-03-18-transf.png,/partners/partner/18261732/,ru,2026-06-23T15:53:26+00:00
26629992,ALLECOM,https://allecom.ru,+79040422332,zakaz24@allecom.ru,"https://www.1c-bitrix.ru/upload/iblock/28d/f1k3jbr8ri4iz8ulm3ia2w5ed47d08h6/Group 157.png",/partners/partner/26629992/,ru,2026-06-23T15:53:29+00:00
2068945,РУМРУМ,https://rumrum.ru,"+7 917 877-12-28",start@rumrum.ru,https://www.1c-bitrix.ru/upload/iblock/e99/mini-logo.png,/partners/partner/2068945/,ru,2026-06-23T15:53:35+00:00
7312111,ALL2CRM,https://all2crm.ru/,"+7 (34147) 20555",info@all2crm.ru,https://www.1c-bitrix.ru/upload/iblock/84a/logor96.png,/partners/partner/7312111/,ru,2026-06-23T15:53:38+00:00
7838339,"АНОВО групп",htps://anovo-group.ru,+78612388697,info@anovo-group.ru,https://www.1c-bitrix.ru/upload/iblock/f1c/nttex3j0vlscb5g80ulw7sbxa42h62r4/anovo1-sm.jpg,/partners/partner/7838339/,ru,2026-06-23T15:53:40+00:00
15553614,UTC,http://e-utc.ru,+79773185255,01@kleverteam.ru,https://www.1c-bitrix.ru/upload/iblock/46f/w6wt2kcbx7yavk64ni3bvr9b31rs94v3/image-15.png,/partners/partner/15553614/,ru,2026-06-23T15:53:43+00:00
25629998,"Сiti IT",https://citiit.ru,89150727442,it@citiit.ru,"https://www.1c-bitrix.ru/upload/iblock/9f7/fj0lbbqim16xfd2na3cj6q2ybz7m5zlo/photo_2026-05-20 11.43.47.jpg",/partners/partner/25629998/,ru,2026-06-23T15:53:45+00:00
834380,LEEFT,https://www.leeft.ru,"+7 930 036 94 20",main@leeft.ru,"https://www.1c-bitrix.ru/upload/iblock/cd8/n6icxfy25uzjdcdcg9cq7opk20tqs8s8/Frame 248.png",/partners/partner/834380/,ru,2026-06-23T15:53:48+00:00
938913,"ЦИТ Открытый регион",http://www.openregion.info/,"(347) 216-38-30",info@openregion.info,"https://www.1c-bitrix.ru/upload/iblock/225/logo (2).png",/partners/partner/938913/,ru,2026-06-23T15:53:50+00:00
9903737,"Байбачинов и партнеры",https://baybachinovpartners.ru/,"+7 (958) 582-59-55",crm@baybachinovpartners.ru,"https://www.1c-bitrix.ru/upload/iblock/d49/cizu0crliozqtr4bndgq9rgbki00hohy/лого - 175 на 135.png",/partners/partner/9903737/,ru,2026-06-23T15:53:53+00:00
17121129,ABIT,https://abitc.ru,+79619600002,ab.itc@yandex.ru,https://www.1c-bitrix.ru/upload/iblock/fd3/713722zwyom62kvesfs7u7p78vmzxg7m/ЛОГОТИП.png,/partners/partner/17121129/,ru,2026-06-23T15:53:55+00:00
1832721,Interland,https://ilsib.ru/,"+7 (383) 207-9-209",info@ilsib.ru,https://www.1c-bitrix.ru/upload/iblock/0ec/il-logo-full-dark-wo-tagline-175px.png,/partners/partner/1832721/,ru,2026-06-23T15:53:57+00:00
1921047,IT-Turbo,https://it-turbo.ru,"8 (831) 291-59-58",support@it-turbo.ru,https://www.1c-bitrix.ru/upload/iblock/09c/x92nm2waxrnfgi1o8ruyklhk1ilzgt0q/_logo.png,/partners/partner/1921047/,ru,2026-06-23T15:54:00+00:00
8764027,"Николаев партнеры",http://nikolaevweb.ru/,+79299242456,ns@nikolaevweb.ru,https://www.1c-bitrix.ru/upload/iblock/900/jbfbzt37dsdabjqxkyryx57z47ndkd26/logo160.png,/partners/partner/8764027/,ru,2026-06-23T15:54:02+00:00
17325154,"Red Project",https://itkhan.ru,+79110012018,alex@itkhan.ru,https://www.1c-bitrix.ru/upload/iblock/4f6/wis50cxxfhvwyzl54c5wf71wnne3zkg3/IMG_20240812_220728_211.jpg,/partners/partner/17325154/,ru,2026-06-23T15:54:08+00:00
15088436,"IM SYSTEM",https://im-system.ru/,"+7 (812) 605-72-11",consult@im-system.ru,"https://www.1c-bitrix.ru/upload/iblock/645/s8k4w27db3uv5gpifsctzk2bywtxc095/Screenshot_25_1x (1).jpg",/partners/partner/15088436/,ru,2026-06-23T15:54:10+00:00
15955196,VOSTOK,https://vostok-marketing.ru/,"8(499) 490-57-22",hello@vostok-marketing.ru,"https://www.1c-bitrix.ru/upload/iblock/449/8lc6lw8236s29mh91v1doiw0dwop7x6e/Frame 3.png",/partners/partner/15955196/,ru,2026-06-23T15:54:13+00:00
12913148,Sven-it,https://sven-it.ru/,"+7 962 145 44 90",petr@sven-it.ru,https://www.1c-bitrix.ru/upload/iblock/52a/uocgnm2ybtaiokhhc157nzjar1qruhhq/Лого.png,/partners/partner/12913148/,ru,2026-06-23T15:54:16+00:00
15494350,ProProcess,http://pro-process.pro,+79267900609,ba@pro-process.pro,https://www.1c-bitrix.ru/upload/iblock/514/wtxlv4fwt7jrdz2zbfaljmidefnhivw7/COVER[1].png,/partners/partner/15494350/,ru,2026-06-23T15:54:18+00:00
18353998,BuySoft.Online,https://buysoft.online/,+79963342095,sales@buysoft.online,https://www.1c-bitrix.ru/upload/iblock/5ac/7zfz84nmpkwwvv91x9ipwqkq3tbi7ltj/bso-logo-b.png,/partners/partner/18353998/,ru,2026-06-23T15:54:21+00:00
5663405,"СИР ТЕХНОЛОГИИ",https://crm.cir-tech.ru/,+78122408858,crm@cir-tech.ru,https://www.1c-bitrix.ru/upload/iblock/39e/0r4bik6hdxmove0z3hvvafe2zrhhoh2f/cirtech.jpg,/partners/partner/5663405/,ru,2026-06-23T15:54:23+00:00
8921251,КРАФТКОД,http://craft-code.ru/,+78652998808,info@craft-code.ru,"https://www.1c-bitrix.ru/upload/iblock/c40/Иконка (1).png",/partners/partner/8921251/,ru,2026-06-23T15:54:26+00:00
14181342,СайтПодКлюч,https://website-make.ru,88332467172,Info@website-make.ru,"https://www.1c-bitrix.ru/upload/iblock/98b/096b2eq54dqi9qw9fdo3h674omf3yl2w/ЛОГО_Лиза — копия.jpeg",/partners/partner/14181342/,ru,2026-06-23T15:54:28+00:00
8252701,"цифровая организация бизнеса",https://kinastlab.ru/,89202026262,kinast@yandex.ru,https://www.1c-bitrix.ru/upload/iblock/822/4qugd5tdeha51esgk0g2wai93iril6ky/123.jpg,/partners/partner/8252701/,ru,2026-06-23T15:54:31+00:00
18398046,SystemiceXperience,https://systemx38.ru/,+73952785078,systemicsexperience@gmail.com,"https://www.1c-bitrix.ru/upload/iblock/855/rwbyhpkd51mz1uiopgaduyzvhcznkfhl/лого маленькое.jpg",/partners/partner/18398046/,ru,2026-06-23T15:54:33+00:00
18405794,"CRM Б24",https://crmb24.ru/,+79262566306,simeon.sazykin@yandex.ru,https://www.1c-bitrix.ru/upload/iblock/21f/xer2d8pqcf6l0fvoep0ymk25vsjds1vd/bitrix24partners.jpg,/partners/partner/18405794/,ru,2026-06-23T15:54:36+00:00
25759280,"Архитектура роста",https://architecture-krd.bitrix24site.ru/,"+7 900 126-08-89",mariyayegorovaa@mail.ru,"https://www.1c-bitrix.ru/upload/iblock/89f/bnbo46vazl1orx4gr9cgb21e14okx0y1/975032a4-f3a5-45df-913c-e018aded9f06 (1).png",/partners/partner/25759280/,ru,2026-06-23T15:54:41+00:00
663458,Дексика,https://dexika.ru,"+7 (915) 405-38-09",info@dexika.ru,https://www.1c-bitrix.ru/upload/iblock/369/deika-logo-175x88.png,/partners/partner/663458/,ru,2026-06-23T15:54:44+00:00
10462740,"Tiger IT",https://tiger-it.ru,,dir@tiger-it.ru,https://www.1c-bitrix.ru/upload/iblock/a4c/Resurs_1_1x.png,/partners/partner/10462740/,ru,2026-06-23T15:54:46+00:00
10641842,Бизнес-класс,https://bc70.ru,"8 (3822) 222-572",info@goodcalls.ru,https://www.1c-bitrix.ru/upload/iblock/216/os5f3tj4fq2v6gmd54yyuaa8w2tz6qiy/logo_5_2_2.png,/partners/partner/10641842/,ru,2026-06-23T15:54:48+00:00
10844390,ОКТЕТ,https://ocscomp.ru,"+7 (812) 244-92-39",support@octet.spb.ru,https://www.1c-bitrix.ru/upload/iblock/218/afwq4j6fpyq6ik2gjccz26qgsgzflrre/octet-logo-512.png,/partners/partner/10844390/,ru,2026-06-23T15:54:51+00:00
27144980,CRMSET,https://crmset.bitrix24site.ru/,+79618059870,onselogin@mail.ru,https://www.1c-bitrix.ru/upload/iblock/c3f/39ma516hobuvhsdo0hidmqkyc7i3a7kx/logo_bitrxi24_crmset_Forbitrix.png,/partners/partner/27144980/,ru,2026-06-23T15:54:53+00:00
428212,"NOVOX PRO",https://novoxpro.ru/,"+7 (495) 545-45-32",info@novox.ru,https://www.1c-bitrix.ru/upload/iblock/c1b/6fs29tj04ec219be5v8eg836yrzdocks/NovoxPro_logo175.png,/partners/partner/428212/,ru,2026-06-23T15:54:56+00:00
9452487,OmniLine,https://olp.ru,"+7 (343) 238-07-08",info@olp.ru,"https://www.1c-bitrix.ru/upload/iblock/708/23xlxexivp0yxp24g5w7v503ziukhx1j/olp-logo-RGB — 175 на 135.png",/partners/partner/9452487/,ru,2026-06-23T15:54:58+00:00
13850640,Consity,https://consity.ru,"(8442) 96-59-69",info@consity.ru,https://www.1c-bitrix.ru/upload/iblock/c07/tp01tu1r08je2hxekwonu2wq2nkhjpbh/Logo_small.png,/partners/partner/13850640/,ru,2026-06-23T15:55:01+00:00
14963124,CRMYkt,https://crmykt.bitrix24site.ru,+79841141987,crmykt@inbox.ru,https://www.1c-bitrix.ru/upload/iblock/e8f/3tzlporm3o15fws3m0ar8p26k3pv7vgi/лого.jpg,/partners/partner/14963124/,ru,2026-06-23T15:55:03+00:00
18546158,Nectar,https://nectar.ltd,89320221812,info@nectar.ltd,https://www.1c-bitrix.ru/upload/iblock/7ce/nhk0kuwf8h0cd6rqbqexeg0wjmdvtllk/135х135.jpg,/partners/partner/18546158/,ru,2026-06-23T15:55:05+00:00
10351260,"Yazykov Digital",https://ydmitry.ru/,89655842491,hi@ydmitry.ru,"https://www.1c-bitrix.ru/upload/iblock/9c7/Логотип цветной 200 x 50.png",/partners/partner/10351260/,ru,2026-06-23T15:55:08+00:00
12111804,shiftUP,https://shiftup.biz,+79607600070,info@shiftup.biz,"https://www.1c-bitrix.ru/upload/iblock/9ea/xzrj8zi3r1ns34unicaybuvluy5khmjl/IMG_2017 copy.JPG",/partners/partner/12111804/,ru,2026-06-23T15:55:14+00:00
15433898,"DAY Digital",https://daydigital.ru,+79618763173,info@daydigital.ru,"https://www.1c-bitrix.ru/upload/iblock/82e/ptet4t8potb6186la5h0v5v2aqr3tjnz/Логотип _Day digital.png",/partners/partner/15433898/,ru,2026-06-23T15:55:16+00:00
18875230,Осипов-Консалт,https://osipov-consult.ru/,+79534009171,info@osipov-consult.ru,https://www.1c-bitrix.ru/upload/iblock/615/dueoiww2dro4bmdrexa9kb1tqokbax7l/5285267926053674531.jpg,/partners/partner/18875230/,ru,2026-06-23T15:55:18+00:00
18981808,"Контролируй Бизнес",https://controlbusiness.ru/,+79182144288,inbox@controlbusiness.ru,"https://www.1c-bitrix.ru/upload/iblock/db0/2uf3o4h0sf2tl1hcmfytly2em2rjjrot/Лого в круг.png",/partners/partner/18981808/,ru,2026-06-23T15:55:21+00:00
11277098,"ИКТ Консалтинг",https://www.ictconsulting.ru/,"+78612123335, +79180897922, +79199238923",market@ictconsulting.ru,"https://www.1c-bitrix.ru/upload/iblock/982/qr3cjt0hmo4jpfbj7jvfnts58ticncqz/logo web 416x416.jpg",/partners/partner/11277098/,ru,2026-06-23T15:55:23+00:00
6769857,"Минин & Пожарский",https://heyminin.ru,+79229110150,info@heyminin.ru,https://www.1c-bitrix.ru/upload/iblock/ce2/ogcii4d4xnfnpdaq53b2bq8b0nf6yn61/MiP_logo_color_2_lines.png,/partners/partner/6769857/,ru,2026-06-23T15:55:25+00:00
21166558,"Маркетинговое ателье 20.80",https://studio2080,+79379572080,info@studio2080.ru,https://www.1c-bitrix.ru/upload/iblock/174/wzb8x610vvuf5x4uimm4x10rj2sdzgj8/Лого.jpg,/partners/partner/21166558/,ru,2026-06-23T15:55:28+00:00
8955887,SiteTops,https://sitetops.ru,+7(905)250-41-22,info@sitetops.ru,https://www.1c-bitrix.ru/upload/iblock/1a6/ogqqolz4k70b0ekvlbee3upnzufl07rs/logo1.jpg,/partners/partner/8955887/,ru,2026-06-23T15:55:30+00:00
16492856,"iT MERA",https://iTmera.ru,"+7 (995) 474-40-50",info@itmera.ru,"https://www.1c-bitrix.ru/upload/iblock/b79/u5an90oy904jwqrzn0xfzpw9rczf6zmk/Логотипы для Битрикс24 (175х135).png",/partners/partner/16492856/,ru,2026-06-23T15:55:33+00:00
19159894,ГСС24,https://интеграция-гсс24.bitrix24site.ru/,+79859662818,support@geosopstroy.ru,"https://www.1c-bitrix.ru/upload/iblock/cc4/n2m8f7cls963caqrli33dgf75xegr57m/11-11_T-04 (2).png",/partners/partner/19159894/,ru,2026-06-23T15:55:35+00:00
11085942,Luminorica,https://luminorica.dev,"+7 (800) 302-39-46",hello@luminorica.dev,https://www.1c-bitrix.ru/upload/iblock/318/ufruetpcnent4o24q75e2zvyo1h01wo9/175_135.png,/partners/partner/11085942/,ru,2026-06-23T15:55:37+00:00
13360226,Soltech,https://soltech-pro.ru,"+7 (995) 799-37-18",info@soltech-pro.ru,"https://www.1c-bitrix.ru/upload/iblock/f65/qtn90fibebgstg1qobjd67h1hn6g6a7j/logo_03 (135).png",/partners/partner/13360226/,ru,2026-06-23T15:55:40+00:00
18296013,Ракурс,https://rakurs3d.ru,+79787858851,info.rakurs3d@yandex.ru,"https://www.1c-bitrix.ru/upload/iblock/e95/j4anjextdannmc73t41423f9oocicuii/2024-05-11 20.14.45.jpg",/partners/partner/18296013/,ru,2026-06-23T15:55:45+00:00
12397120,Tuzin,https://tuzin.ru/,+79267828548,e.e.tuzin@gmail.com,https://www.1c-bitrix.ru/upload/iblock/21f/mpce9t07828qwxfxlrf1u9v2265tytyv/eetuzin.png,/partners/partner/12397120/,ru,2026-06-23T15:55:48+00:00
12859954,OKKOD,https://okkod.ru,+79843333241,hello@okkod.ru,https://www.1c-bitrix.ru/upload/iblock/b11/ysxf6dofh1rux5b88av6qe9l9cngdj6s/icon_logo.png,/partners/partner/12859954/,ru,2026-06-23T15:55:51+00:00
14907870,"Support Time",https://support-time.ru/,"+7 (495) 777 83-50",info@support-time.ru,https://www.1c-bitrix.ru/upload/iblock/509/8umk7scd24a9died52uh39n3mic8ne1x/logoblack.png,/partners/partner/14907870/,ru,2026-06-23T15:55:53+00:00
6035311,ATEL,https://nominis.group,"+79034115263 (Telegram)",info@nominis.group,https://www.1c-bitrix.ru/upload/iblock/6ac/media_logo_80x80.png,/partners/partner/6035311/,ru,2026-06-23T15:55:56+00:00
16871742,"Группа компаний СофтСервис",https://softservice-group.ru/,"+ 7(912) 091-12-95",bitrix@softservice-group.ru,https://www.1c-bitrix.ru/upload/iblock/b69/t2xd04hqtwdrwj4ztvw9gf8t0y6ubnut/лого_NEW_1_цвет_175.png,/partners/partner/16871742/,ru,2026-06-23T15:55:58+00:00
9703925,Интеграл-инфо,https://www.integral-info.ru,+79034575600,info@integral-info.ru,https://www.1c-bitrix.ru/upload/iblock/36c/Logo-integral-135x135.jpg,/partners/partner/9703925/,ru,2026-06-23T15:56:01+00:00
27203484,"Сергеев В.М.",https://1svm.ru/,+79180501661,89180501661@mail.ru,https://www.1c-bitrix.ru/upload/iblock/4bf/1b5hqke85s9j9rfe8hmv833vs49253nb/1svm_favicon_final_symmetrical.png1.png3.png,/partners/partner/27203484/,ru,2026-06-23T15:56:03+00:00
6847597,"Internet Team",https://internet-team.ru,"+7 (495) 118-33-92",info@internet-team.ru,https://www.1c-bitrix.ru/upload/iblock/9d5/fhooyt0rup2bic3jt3dtz3llot84ofjb/it_logo3_02.jpg,/partners/partner/6847597/,ru,2026-06-23T15:56:06+00:00
22394492,raskopov.digital,https://raskopovdigitalcrm.bitrix24site.ru/,"+7 (993) 460-58-00",raskopov@gmail.com,https://www.1c-bitrix.ru/upload/iblock/343/iyhok5wd8hajkdj5f5sl6q5j6i0rvocc/2.png,/partners/partner/22394492/,ru,2026-06-23T15:56:08+00:00
8771391,"Skill to Lead",http://xn--80ahajweqhfe4d6f.xn--p1ai/,89672217710,v.zorin@skill-to-lead.com,"https://www.1c-bitrix.ru/upload/iblock/d05/logo1 (1).jpg",/partners/partner/8771391/,ru,2026-06-23T15:56:11+00:00
9614275,"Красивая цифра",https://b24-ib1qyd.bitrix24site.ru/,+79274067888,b24kzn@gmail.com,https://www.1c-bitrix.ru/upload/iblock/6cb/g1beey73x4q4g0rlzj45mx3ufdalgz8n/лого3.JPG,/partners/partner/9614275/,ru,2026-06-23T15:56:13+00:00
17376916,reklama24/7,https://reklama-247.ru/,"+7 989 281 5888",support@reklama-247.ru,https://www.1c-bitrix.ru/upload/iblock/b97/5idplf3ehvo1lzihwxmtkvlmli92dw1n/reklama247-logo.png,/partners/partner/17376916/,ru,2026-06-23T15:56:19+00:00
919015,"Первые Открытые Системы",http://www.1os.su,+79587568348,sales@1os.su,https://www.1c-bitrix.ru/upload/iblock/05f/logo_175x134.png,/partners/partner/919015/,ru,2026-06-23T15:56:21+00:00
1248869,OKSSOFT,https://www.okssoft.ru,+78142599066,info@okssoft.ru,https://www.1c-bitrix.ru/upload/iblock/8ea/m200q4hnc75fcz0l2h6k1gb4zdf1eqmf/логоokssoft_мелкий.png,/partners/partner/1248869/,ru,2026-06-23T15:56:23+00:00
15700554,"AK Systems",https://aksystems.pro/,"+7 9283137992",info@aksystems.pro,https://www.1c-bitrix.ru/upload/iblock/74d/qjwx5klkj1k98a7zk2tiz7up2kz41don/04_mark_only_600.png,/partners/partner/15700554/,ru,2026-06-23T15:56:26+00:00
4942975,Анверали,https://anverali.ru/vnedrenie-b24,+79829212171,hello@anverali.ru,"https://www.1c-bitrix.ru/upload/iblock/65c/fn1oybx5lcazf0xi2iv6xwdyape7gknc/лого с цветным фоном.png",/partners/partner/4942975/,ru,2026-06-23T15:56:28+00:00
19022838,"Kondrashin Expert",https://kondrashin-expert.ru,+79259774717,petr@kondrashin-expert.ru,"https://www.1c-bitrix.ru/upload/iblock/10b/54cux3693gbr2y8m014pv29ktnyxfbla/Group 4.png",/partners/partner/19022838/,ru,2026-06-23T15:56:30+00:00
7199287,Алломир,https://soloist.ai/bitrix24,89213755290,info@allomir.ru,https://www.1c-bitrix.ru/upload/iblock/57f/битрикс.jpg,/partners/partner/7199287/,ru,2026-06-23T15:56:33+00:00
9635163,"Мой интегратор",https://integrators.ru,"+7 (960) 029-69-69",hello@integrators.ru,https://www.1c-bitrix.ru/upload/iblock/db0/2pk5wrwxhbsd9v49i1k44hu6zaj1bb7m/new_logo.png,/partners/partner/9635163/,ru,2026-06-23T15:56:35+00:00
9143065,"Технологии для Бизнеса",https://forbiz.tech/,"+7(995) 886-05-11",zakaz@forbiz.tech,https://www.1c-bitrix.ru/upload/iblock/395/_ТдБлого175135.png,/partners/partner/9143065/,ru,2026-06-23T15:56:37+00:00
23780226,ORLMAO,https://ebosh.im,89612444446,derzko@ebosh.im,"https://www.1c-bitrix.ru/upload/iblock/2ea/orzglyt50fguzav31ib8ootgaj9rjafn/Group 33214.png",/partners/partner/23780226/,ru,2026-06-23T15:56:40+00:00
25204082,СИСТЕМАТУМ,https://sistematum.ru,"8 995 597 73 97",info@sistematum.ru,"https://www.1c-bitrix.ru/upload/iblock/073/67hl8xr4rhg5bkh14tk6pw1661mteexz/черный без фона.png",/partners/partner/25204082/,ru,2026-06-23T15:56:43+00:00
7678425,"Система 135",https://system135.ru,+7(812)509-2-135,info@system135.ru,https://www.1c-bitrix.ru/upload/iblock/dc4/Logo_bitrix_site_175.png,/partners/partner/7678425/,ru,2026-06-23T15:56:45+00:00
9631825,"Агентство Неко",https://web-neko.ru,"+7 (936) 314-55-61",vladimir@a-neko.ru,"https://www.1c-bitrix.ru/upload/iblock/2ef/yz56xxuff9f7xhujep2qyvxe50zfyflm/Красный квадрат Лого.png",/partners/partner/9631825/,ru,2026-06-23T15:56:51+00:00
259014,LabCRM,https://labcrm.ru,"+7 (923) 182-41-16",info@labcrm.ru,https://www.1c-bitrix.ru/upload/iblock/c89/65tphw3n5ddue7z45dc0g2c1paq7shso/logo-labcrm.png,/partners/partner/259014/,ru,2026-06-23T15:56:55+00:00
113039,ПК-Сервис,https://pc-net.ru/,"(383) 349-17-00",service@pc-net.ru,https://www.1c-bitrix.ru/upload/iblock/3f7/Logo_96x55.png,/partners/partner/113039/,ru,2026-06-23T15:56:57+00:00
455738,СеоВен,https://seoven.ru/,+7(495)108-04-79,info@seoven.ru,https://www.1c-bitrix.ru/upload/iblock/b76/logo.png,/partners/partner/455738/,ru,2026-06-23T15:57:00+00:00
2023903,ЭвриСофт,https://evrysoft.ru,"+7 (3952) 455-065",zakaz@evrysoft.ru,https://www.1c-bitrix.ru/upload/iblock/1b0/wronp7wprkgvjqz3p64cw6607umeqr47/logo+175X131.png,/partners/partner/2023903/,ru,2026-06-23T15:57:02+00:00
10823236,ТЕХНО-ПРО,https://t-pro74.ru,"+7 (351) 200-20-55",info@t-pro74.ru,https://www.1c-bitrix.ru/upload/iblock/d50/73p1ufqqvap6cxtk0cszlfpkikx716vm/logo_detail2.png,/partners/partner/10823236/,ru,2026-06-23T15:57:06+00:00
27147370,Opti-team,https://opti-team.ru/,+79272383329,info@opti-team.ru,"https://www.1c-bitrix.ru/upload/iblock/b29/yb8yzjwo5tpukbk5j3qdv4uc6g8a6yt0/ОПТИТИМ (1).png",/partners/partner/27147370/,ru,2026-06-23T15:57:09+00:00
16245252,ITCONSULT.MOSCOW,https://itconsult.moscow,"+7 915 009-50-00",info@itconsult.moscow,https://www.1c-bitrix.ru/upload/iblock/898/68ccq1rj82jrsw073676xw4e8wv2ak9z/Taurus_fav_no_bg.png,/partners/partner/16245252/,ru,2026-06-23T15:57:11+00:00
1514127,WEB-Regata,https://web-regata.ru/,"+7 (343) 386 17 26",hello@web-regata.ru,https://www.1c-bitrix.ru/upload/iblock/7b8/zbilxbp1t1a7z84dgcsmwtgvu8h8plax/logotip_sc_white.png,/partners/partner/1514127/,ru,2026-06-23T15:57:13+00:00
13610692,"Майадмин ПРО",https://myadmin.bitrix24site.ru,+73432883650,molokov@myadmin.pro,https://www.1c-bitrix.ru/upload/iblock/b07/tj9olixvib66f9vflascov2t6ioggows/logo1_mini.jpg,/partners/partner/13610692/,ru,2026-06-23T15:57:16+00:00
8295357,АЛЬБУС,https://www.albus24.com,8-800-551-42-06,info@albus24.com,"https://www.1c-bitrix.ru/upload/iblock/580/логотип 175 на 135.jpg",/partners/partner/8295357/,ru,2026-06-23T15:57:18+00:00
11013220,"Workshop Systems",https://workshop.systems,+74951285552,info@workshop.systems,https://www.1c-bitrix.ru/upload/iblock/56e/ysayltks5q2c1qjhdi1ngr5t4bxeokv3/small_logo_ws.jpg,/partners/partner/11013220/,ru,2026-06-23T15:57:21+00:00
14323350,Inputt,https://inputt.ru/,+79193988001,info@inputt.ru,https://www.1c-bitrix.ru/upload/iblock/8b9/ha8je5a2ltqcnce8r5ycfpp743xdujq7/logo_input_white-1200x600x.jpg,/partners/partner/14323350/,ru,2026-06-23T15:57:26+00:00
1128677,PLACESTART,https://place-start.ru,"8 800 500-04-68",manager@place-start.ru,https://www.1c-bitrix.ru/upload/iblock/985/ps_main_1.2.png,/partners/partner/1128677/,ru,2026-06-23T15:57:29+00:00
14287868,"ATech Resolve",https://atech-resolve.com/,"+7 (919) 629-03-85",info@atech-resolve.com,"https://www.1c-bitrix.ru/upload/iblock/a2f/2tmeg5hn0wpl7tzrp1r9gydys5z64n30/Atech Resolve logo white.jpg",/partners/partner/14287868/,ru,2026-06-23T15:57:31+00:00
24695530,"Malina Lab",https://malinalab-systems.ru,"+7 (923) 633-22-10",malina.lab@mail.ru,"https://www.1c-bitrix.ru/upload/iblock/07a/ib0j9wimv2d6envkw9mn0kg1i8h2jnyn/Снимок экрана 2025-03-15 в 16.51.49 (1).png",/partners/partner/24695530/,ru,2026-06-23T15:57:34+00:00
18010418,"Топ Про",https://top-pro54.ru,"+7(383) 3-888-911",info@top-pro54.ru,https://www.1c-bitrix.ru/upload/iblock/394/z5xnjqzme9240ho5ujdnsjp8xqtcwec3/logol135.png,/partners/partner/18010418/,ru,2026-06-23T15:57:36+00:00
2525,"Web Advance",https://www.webadvance.ru/,+79266456624,sales@webadvance.ru,https://www.1c-bitrix.ru/upload/iblock/977/WebAdvance_200.png,/partners/partner/2525/,ru,2026-06-23T15:57:38+00:00
9469645,REON.PRO,http://reon.pro/,"+7 (863) 333-30-50",info@reon.pro,"https://www.1c-bitrix.ru/upload/iblock/ca0/0pgdrk44usm4cd46wy929g29l764vnvm/Component 172.png",/partners/partner/9469645/,ru,2026-06-23T15:57:41+00:00
938286,"Digital web",https://dw24.su/bx/,"+7 (495) 115-26-79, 7 (800) 301-11-96",info@dw24.su,https://www.1c-bitrix.ru/upload/iblock/6cc/8tstrh4cchonov9orqs5gdba653qwuyc/Logo-dark-fullcolor-centered.png,/partners/partner/938286/,ru,2026-06-23T15:57:43+00:00
12720064,"Цифровая трансформация бизнеса",http://tokareva.pro,"+7 912 441-05-55",bplight@ya.ru,https://www.1c-bitrix.ru/upload/iblock/a17/rpor8hd35onsxca5xyviu1m6aszbe6o6/logo-tokareva.jpg,/partners/partner/12720064/,ru,2026-06-23T15:57:46+00:00
22240360,"IT GROUP",https://itgroup.bitrix24site.ru,+79871001068,group.it@internet.ru,"https://www.1c-bitrix.ru/upload/iblock/b3e/up6amrhd61t5emjkouxcxupiy20gd61w/Logo (1).jpg",/partners/partner/22240360/,ru,2026-06-23T15:57:48+00:00
17225912,Lankey,https://Lankey.ru,74996812389,sviridov@lankey.ru,https://www.1c-bitrix.ru/upload/iblock/b99/863nbjd9aj2ykshxrcnish3i4jfn3v0p/logo.gif,/partners/partner/17225912/,ru,2026-06-23T15:57:51+00:00
10748378,Волков.Маркетинг,https://volkov.marketing/?utm_source=bitrix24&utm_medium=partner,89937600664,hello@volkov.marketing,https://www.1c-bitrix.ru/upload/iblock/a59/j9qdhtyk5ux9u65mhjoq1qtj1ruai4a8/б24.png,/partners/partner/10748378/,ru,2026-06-23T15:57:53+00:00
20743370,"Crm Setup",https://crmsetup.ru,"+7 (930) 664-25-50",hello@crmsetup.ru,https://www.1c-bitrix.ru/upload/iblock/621/8maigavrqviy7hy1ie3fqlqgv65nrjnm/лого.png,/partners/partner/20743370/,ru,2026-06-23T15:57:59+00:00
7257711,"S2 Company",https://s2company.ru,+79622613075,ek@s2company.ru,"https://www.1c-bitrix.ru/upload/iblock/fe4/обводка 250.png",/partners/partner/7257711/,ru,2026-06-23T15:58:01+00:00
9890039,МОЛНИЯ,https://molnia.com,+79153721954,molnia.scm@yandex.ru,https://www.1c-bitrix.ru/upload/iblock/37b/logo.fin.jpg,/partners/partner/9890039/,ru,2026-06-23T15:58:03+00:00
13377770,"Antipoff IT",https://partner-antipoff.bitrix24site.ru/,+79217100905,pavelantipov39@gmail.com,"https://www.1c-bitrix.ru/upload/iblock/50b/E7ekh15rNnY (1).jpg",/partners/partner/13377770/,ru,2026-06-23T15:58:06+00:00
38958,Brandmaker,https://brandmaker.ru,+78332215675,info@brandmaker.ru,https://www.1c-bitrix.ru/upload/iblock/ea3/brandmaker_logo.jpg,/partners/partner/38958/,ru,2026-06-23T15:58:08+00:00
72616,ITECH,https://itech-group.ru,"8 (8422) 24-88-88",hi@itech-group.ru,"https://www.1c-bitrix.ru/upload/iblock/9bf/1hqp1jauo07qk470dg2z6emc175g6be0/logo для ЛК Битрикса.png",/partners/partner/72616/,ru,2026-06-23T15:58:10+00:00
12612204,Mintclick,https://mintclickseo.ru,"+7 495 118-22-17",info@mintclick.ru,https://www.1c-bitrix.ru/upload/iblock/0d5/477k4j1s1a3ku11uop1qsn2h7kbkq779/logo-contrast.png,/partners/partner/12612204/,ru,2026-06-23T15:58:13+00:00
18896750,LeadUP.marketing,https://leadup.marketing,+78412219931,hello@leadup.marketing,https://www.1c-bitrix.ru/upload/iblock/338/s5hhepddx0rhwm9kz9rg4k2gufr22ppk/1.jpg,/partners/partner/18896750/,ru,2026-06-23T15:58:15+00:00
21919592,"Starry Sky",https://starry-sky.pro/,+79284610702,info@starry-sky.pro,"https://www.1c-bitrix.ru/upload/iblock/9d9/czixti6kvt0bs25d15u4he7a0bsm6lgs/Лого 175-67.png",/partners/partner/21919592/,ru,2026-06-23T15:58:17+00:00
12284,idex,https://www.idexgroup.ru,"+7 (495) 147-36-98",info@idexgroup.ru,"https://www.1c-bitrix.ru/upload/iblock/3bd/Копия positive.png",/partners/partner/12284/,ru,2026-06-23T15:58:20+00:00
785503,Z-Labs,https://z-labs.ru,"8 (4162) 55-90-65",info@z-labs.ru,https://www.1c-bitrix.ru/upload/iblock/384/z-labs.png,/partners/partner/785503/,ru,2026-06-23T15:58:22+00:00
11648022,invendo,https://invendo.ru/,+79172464652,invendo.job@yandex.ru,https://www.1c-bitrix.ru/upload/iblock/f1b/5u6oq854uxp6mjd0h9ltodc8jzkt1rdu/Фон.png,/partners/partner/11648022/,ru,2026-06-23T15:58:25+00:00
10223960,Skavit,https://skavit.ru,"+7 (909) 975 97 97",info@skavit.ru,https://www.1c-bitrix.ru/upload/iblock/866/dvr9zcus4ooxlm96btfeiuzh6s063y4k/S.png,/partners/partner/10223960/,ru,2026-06-23T15:58:30+00:00
14063050,КМИ,https://kmi.bitrix24site.ru,"+7(861) 213-90-30",b24@kmi.ru,https://www.1c-bitrix.ru/upload/iblock/623/wkw0wcp89y15ew4q8edu283zs99msx25/kmi.png,/partners/partner/14063050/,ru,2026-06-23T15:58:33+00:00
20515374,"Smart Market Solution",https://sms-promotion.ru,+79147310015,info@sms-promotion.ru,"https://www.1c-bitrix.ru/upload/iblock/b2c/0qpbgbbg8o5ty4n7yel7r0gc2kzq5dup/лого для сайта.jpg",/partners/partner/20515374/,ru,2026-06-23T15:58:35+00:00
212139,Forumedia,https://www.forumedia.ru,"+7 (495) 210-87-99",info@forumedia.ru,https://www.1c-bitrix.ru/upload/iblock/343/fm-fb.png,/partners/partner/212139/,ru,2026-06-23T15:58:38+00:00
5804663,Piarme,https://piarme.ru,"+7 (495) 145-10-32",mail@piarme.ru,"https://www.1c-bitrix.ru/upload/iblock/1fa/cve6dq267hkmuybo8ikcvs3zoh5rnh2e/Piarme — копия.jpg",/partners/partner/5804663/,ru,2026-06-23T15:58:40+00:00
14176344,АБЕЛИМ,https://abelim.ru/,"+7 (925) 909-58-22",project@abelim.ru,https://www.1c-bitrix.ru/upload/iblock/040/8qdpqiy8saxnsjoice7rfbhaj3un1pg8/Лого.png,/partners/partner/14176344/,ru,2026-06-23T15:58:43+00:00
24364354,Mindforce,https://mindforce.ru,+79339006161,info@mindforce.ru,"https://www.1c-bitrix.ru/upload/iblock/c79/kx72kp0ptu92s8uvek3da9dm3sn9uogi/Logo Bitrix.png",/partners/partner/24364354/,ru,2026-06-23T15:58:45+00:00
11669290,"VR Concept",https://vr-concept.studio/,"+7 (962) 876-53-80",info@vr-concept.studio,https://www.1c-bitrix.ru/upload/iblock/d72/lhqw2kxp7rxcwifed2pp0yi1eytb3kt1/loho_1C-B.png,/partners/partner/11669290/,ru,2026-06-23T15:58:47+00:00
16075328,Белов,https://bitrix.rfsistema.ru/,88422483500,aros73@mail.ru,https://www.1c-bitrix.ru/upload/iblock/b89/gb7x0i2qakhbk6kwzlj6p2g8kr6fqqdt/лого.jpg,/partners/partner/16075328/,ru,2026-06-23T15:58:50+00:00
25764932,LionCore,https://mazhrus.bitrix24site.ru/,+79853117400,bitra24@rus-line.com,"https://www.1c-bitrix.ru/upload/iblock/14b/vl1aujl5fi40knri9l7vhwvjbp476cv7/Лого для битры.png",/partners/partner/25764932/,ru,2026-06-23T15:58:52+00:00
7637047,"Плюс Ай Ти",https://plus-it.ru/,+78001002914,Nikrbk@mail.ru,https://www.1c-bitrix.ru/upload/iblock/850/1e0bugzige4g1kcy10fylvglshorty9i/5.png,/partners/partner/7637047/,ru,2026-06-23T15:58:55+00:00
17722310,"Sales World",https://salesworld.bitrix24site.ru,74995770262,sales.world.info@yandex.ru,https://www.1c-bitrix.ru/upload/iblock/f8e/3hp4otwxpac7b0dlwwwinlopmpe7qk16/imgonline-com-ua-Resize-doTUGHlQ9Oapz0.jpg,/partners/partner/17722310/,ru,2026-06-23T15:58:57+00:00
24359508,BitAdmin,https://bitadmin.ru/,"+7 499 325-54-88",Info@bitadmin.ru,"https://www.1c-bitrix.ru/upload/iblock/fff/mf332vj56r6d3mcvee3r35p2tqr23b1v/logo_vert (1).png",/partners/partner/24359508/,ru,2026-06-23T15:59:02+00:00
4185173,ВИАРДА,https://viarda.com/,+7(861)205-05-25,bitrix24@viarda.ru,https://www.1c-bitrix.ru/upload/iblock/8e0/3hg1a4fwck64rqgjzgffv1vmcs1vi6ok/320x132.png,/partners/partner/4185173/,ru,2026-06-23T15:59:04+00:00
14447964,"Шарафуллин Ильнур Алмасович",https://business-nk.ru,+7(900)326-55-33,info@business-nk.ru,https://www.1c-bitrix.ru/upload/iblock/470/mrld6p8ey0vl8h0bw2ta3wvvujakc6yd/МаркетингЛоготип1.jpg,/partners/partner/14447964/,ru,2026-06-23T15:59:07+00:00
22244878,3StepsMedia,https://3stepsmedia.ru/,+79691361824,info3stepsmedia@yandex.ru,"https://www.1c-bitrix.ru/upload/iblock/b82/8xhvt2kjx3f3tb1uon12t4g3qnh2v6q1/Эмблема мини.png",/partners/partner/22244878/,ru,2026-06-23T15:59:09+00:00
22864836,"UPGRADE CRM",https://upgradecrm.bitrix24site.ru/,+79272998520,gunar163@yandex.ru,"https://www.1c-bitrix.ru/upload/iblock/4f9/l4dn7qapin5d2falocop2x4st88y7ou1/5219693228666774739 (1).jpg",/partners/partner/22864836/,ru,2026-06-23T15:59:12+00:00
18007646,"Интегратор QRZ",https://курз.рф,+79030657575,a.y.pushkin@yandex.ru,https://www.1c-bitrix.ru/upload/iblock/3ea/egj2ov8w1rj1t7vo338jq3jbjduboiaf/imgonline-com-ua-Resize-uKkWpJUO4Mw69s.png,/partners/partner/18007646/,ru,2026-06-23T15:59:14+00:00
20599108,"RB Group",https://rbgroup.bitrix24site.ru/,+79697771307,info@rborn.ru,https://www.1c-bitrix.ru/upload/iblock/6fd/op3p4iadwdq80kvandynpr5de5blve7e/логотип.jpg,/partners/partner/20599108/,ru,2026-06-23T15:59:16+00:00
7993397,"Yellow Project",https://yellowproject.ru/,"+7 993 110-42-41",info@yellowproject.ru,https://www.1c-bitrix.ru/upload/iblock/68c/i56l37o0l2lio4p2l419k3tawqz8mt05/желтый_ужатый.png,/partners/partner/7993397/,ru,2026-06-23T15:59:19+00:00
16098758,"Victory Solutions",https://victorysolutions.ru/,+79326003580,info@victorysolutons.ru,"https://www.1c-bitrix.ru/upload/iblock/a47/mt6yhyzbwmx9qtap4ck69inujvzwmh08/Лого VS для партнёрского сайта.png",/partners/partner/16098758/,ru,2026-06-23T15:59:21+00:00
6402535,GreenMarkko,https://greenmarkko.ru/,"+7 495 543 -76-21",bizz@greenmarkko.ru,https://www.1c-bitrix.ru/upload/iblock/057/uxrhu4dgux11ttu64ds2s85k06v0appz/logo.png,/partners/partner/6402535/,ru,2026-06-23T15:59:24+00:00
10482278,Профит,https://www.profit48.ru,"+7 (4742) 566-663",info@profit48.ru,https://www.1c-bitrix.ru/upload/iblock/017/56r2pkz0qnn0bkigj74mx7ej89qcgu19/175.png,/partners/partner/10482278/,ru,2026-06-23T15:59:26+00:00
23564382,КиберКод,https://cybercode.pro,"+7 (384) 277-66-88",info@cybercode.pro,https://www.1c-bitrix.ru/upload/iblock/bdd/o1y847kqgl5doce4ejch2kqg7wryh1mt/forbitrix.png,/partners/partner/23564382/,ru,2026-06-23T15:59:28+00:00
17239752,Долинский,https://dolinskii.ru,"+7 (967) 555-99-43",anatolii@dolinskii.ru,"https://www.1c-bitrix.ru/upload/iblock/a57/rr09jxujvnti1j3mio7xxtz672nyqie0/Долинский logo лого 155 135.png",/partners/partner/17239752/,ru,2026-06-23T15:59:34+00:00
16567068,"ПРИМО АЙТИ",https://installcrm24.ru/,+74957992588,company@primoit.ru,"https://www.1c-bitrix.ru/upload/iblock/62a/15dziz3g3h0gx3xtg0442uuyem0yuped/примо ит.jpg",/partners/partner/16567068/,ru,2026-06-23T15:59:37+00:00
776627,zupport.ru,https://zupport.ru,"+7 (495) 233-66-22",123@zupport.ru,https://www.1c-bitrix.ru/upload/iblock/792/a1oh3axz3gts1xssz5nu3fbct3c34c6l/zupport_logo_Sukharev_red_175.png,/partners/partner/776627/,ru,2026-06-23T15:59:39+00:00
17896190,Квант-Регион,https://kvantregion.ru,88612114450,info@kvantregion.ru,"https://www.1c-bitrix.ru/upload/iblock/cb0/qnyhif9ucc1w9z6vlh4y10x01vtn0btc/Лого копия.png",/partners/partner/17896190/,ru,2026-06-23T15:59:41+00:00
5813291,"АЙ ТИ СЕРВИС",https://itsspb.ru/,"+7 812 2922130",soft@itsspb.ru,https://www.1c-bitrix.ru/upload/iblock/026/aama5utqc1qxp75vnjs0v6voarvc8m0v/logo.png,/partners/partner/5813291/,ru,2026-06-23T15:59:44+00:00
7987745,"Смарт бизнес",https://смарт-бизнес.рф/,+79500768505,smart38biz@yandex.ru,https://www.1c-bitrix.ru/upload/iblock/42a/4eb2tm24n51tboz0hlp1n0w3eh0gflt3/SB-logotipe.jpg,/partners/partner/7987745/,ru,2026-06-23T15:59:46+00:00
21307478,"Бизнес Технологии",https://vbtec.ru,88005500207,box@vbtec.ru,https://www.1c-bitrix.ru/upload/iblock/9c4/e5sb1jcw04v2tckqgj77uzh23togtgkk/vers_logo_bt_color_small.png,/partners/partner/21307478/,ru,2026-06-23T15:59:49+00:00
16902932,Kvitkevich,https://kvitkevich.pro/,89130466742,kirill.kvitkevich@ya.ru,"https://www.1c-bitrix.ru/upload/iblock/1a3/fhtwbilsyv2hyv2juklbvlgz1x8r37m1/IFqASEbUjP8 — копия.png",/partners/partner/16902932/,ru,2026-06-23T15:59:51+00:00
26176314,Point.UP,https://point-up.ru,+78652909404,ceo@point-up.ru,"https://www.1c-bitrix.ru/upload/iblock/c85/ygn63yuf6ora3pw2w066gdq0l0o1lihi/Без имени-1.png",/partners/partner/26176314/,ru,2026-06-23T15:59:54+00:00
136004,Dextra,https://www.dextra.ru/,"+7 (351) 220-81-20 – отдел продаж, +7 (351) 240-84-74 – общий",hello@dextra.ru,https://www.1c-bitrix.ru/upload/iblock/2b5/rd0al9sup3iizo0q6fpx2jxvkvim28tc/logo-white-135.jpg,/partners/partner/136004/,ru,2026-06-23T15:59:56+00:00
20818482,АС-ИТ,https://as-info.tech/,+79139126160,stepan_as@inbox.ru,https://www.1c-bitrix.ru/upload/iblock/018/9bqqhsd7ylzjv8a4lpdcv05bceoduvdr/logo_64vgkelzns.png,/partners/partner/20818482/,ru,2026-06-23T15:59:59+00:00
19808586,CrossTravel,https://crm.crosstravel.me/,+79851591477,ifrolov@crosstravel.me,https://www.1c-bitrix.ru/upload/iblock/47f/zkq4289lux1kbptnc791v6fnswjdb2yc/CrossTravel-170.png,/partners/partner/19808586/,ru,2026-06-23T16:00:01+00:00
144093,Субконто,https://66soft.ru,"+7 (3435) 370-525, +7 (343) 302-33-65, +7 (495) 128-28-95, +79090266000",mail@1c-nt.ru,https://www.1c-bitrix.ru/upload/iblock/986/Логотип.png,/partners/partner/144093/,ru,2026-06-23T16:00:10+00:00
275826,Advision,https://advion.ru,+74957710533,advion@advion.ru,"https://www.1c-bitrix.ru/upload/iblock/468/advion - new logo 3_resize_resize.jpg",/partners/partner/275826/,ru,2026-06-23T16:00:12+00:00
24637834,"Первая Ай-Ти компания (IComIT)",https://icomit.ru,+74994340103,bitrix@icomit.ru,"https://www.1c-bitrix.ru/upload/iblock/112/9cjspyq8y6zyk357pe547q53kovye4bv/logo 175 135.png",/partners/partner/24637834/,ru,2026-06-23T16:00:15+00:00
7110013,"LAND PRO",https://landpro.site/,"+7 (812) 425-67-40",hello@landpro.site,"https://www.1c-bitrix.ru/upload/iblock/cda/Group 33.png",/partners/partner/7110013/,ru,2026-06-23T16:00:17+00:00
11411000,UnicaWeb,https://unicaweb.ru/,+79201554545,hello@unicaweb.ru,https://www.1c-bitrix.ru/upload/iblock/bb4/u581o0s0y24ycej18rh4nisrxkw9cjo4/logo_175.png,/partners/partner/11411000/,ru,2026-06-23T16:00:19+00:00
16916172,Integrator1,https://integrator1.bitrix24.site/,"+7 (903) 256-03-25",maximshakh@mail.ru,https://www.1c-bitrix.ru/upload/iblock/fb1/kepsxjejtpj1to1yunod4kwmxid1d2xr/logoz.png,/partners/partner/16916172/,ru,2026-06-23T16:00:22+00:00
17076116,"Reglam IT!",https://reglamit.ru/,+79293032229,sale@reglamit.ru,"https://www.1c-bitrix.ru/upload/iblock/b1c/degemorlssq5jx0eo20icqphhrapz424/icon mal.png",/partners/partner/17076116/,ru,2026-06-23T16:00:24+00:00
18213434,"Symbios IT",https://symbios-it.ru,+79148756282,symbios-it@mail.ru,https://www.1c-bitrix.ru/upload/iblock/349/p6un42wq6i6nyhy4ipfwttq76pbv9cjf/logo-full.png,/partners/partner/18213434/,ru,2026-06-23T16:00:27+00:00
23214912,BixHub,https://bixhub.ru,+79022051969,shchennikovid@yandex.ru,https://www.1c-bitrix.ru/upload/iblock/00e/3goyvthz1tvtb87rjq5r1jnylvjj8s57/bh1.jpg,/partners/partner/23214912/,ru,2026-06-23T16:00:29+00:00
14666326,BIT-PLUS,https://bitplus24.ru,"+7 (910) 697-75-94",info@bitplus24.ru,https://www.1c-bitrix.ru/upload/iblock/833/n0hnep3ns0db735rrok6lx0gkhbn4jt5/for_b.png,/partners/partner/14666326/,ru,2026-06-23T16:00:31+00:00
10055329,Sobbiz,https://sobbiz.ru,"+7 495 230-52-27",info@sobbiz.ru,https://www.1c-bitrix.ru/upload/iblock/c07/logo2_55.png,/partners/partner/10055329/,ru,2026-06-23T16:00:34+00:00
12480642,itqp,https://itqp.ru,+79653871879,info@itqp.ru,https://www.1c-bitrix.ru/upload/iblock/c51/m1vgq60pvzttnpdivao9u7gzhu7kw40j/itqp_black_small.png,/partners/partner/12480642/,ru,2026-06-23T16:00:36+00:00
18353714,IT-NASTROI,https://www.it-nastroi.ru,+79268888696,it-nastroi@yandex.ru,"https://www.1c-bitrix.ru/upload/iblock/767/1mdwc8brybc09ewmhmeu2b66gtollanz/logo grey (1).png",/partners/partner/18353714/,ru,2026-06-23T16:00:42+00:00
8280447,"Современные продажи",https://modernsale.ru,8(383)3499114,info@modernsale.ru,"https://www.1c-bitrix.ru/upload/iblock/4b2/jj0p1s7pvjj87yuif5pre90pxqbe9l7o/135 ms 2.png",/partners/partner/8280447/,ru,2026-06-23T16:00:44+00:00
9375197,KII24,https://kii24.bitrix24site.ru,89513532477,ivan.bitrix24@mail.ru,https://www.1c-bitrix.ru/upload/iblock/dda/as0d7yg6u6cbc9tx0kurony261rzwaxk/kii.jpg,/partners/partner/9375197/,ru,2026-06-23T16:00:47+00:00
26755650,it-bridges,https://it-bridges.ru/,"+7 (953) 504-76-02",integrator@it-bridges.ru,https://www.1c-bitrix.ru/upload/iblock/cda/11h13wtgfs1ujzmiufugcm183zroqid3/logo_small.png,/partners/partner/26755650/,ru,2026-06-23T16:00:49+00:00
11276030,Энжеко24,https://engeco.su,+79279212104,info@engeco.su,https://www.1c-bitrix.ru/upload/iblock/03e/n41hzuji8a7j6f7e2lns06ys0sfp4oog/лого24_175.png,/partners/partner/11276030/,ru,2026-06-23T16:00:51+00:00
17098850,"Afonin Consulting",https://afonin-consulting.ru,"+7 (495) 032-22-29",afonin.consulting@gmail.com,https://www.1c-bitrix.ru/upload/iblock/0ca/udjr47gi0a5160jmkww8mqoyhvk8da3k/Afonin_Consulting_Логотип_Горизонтальная_версия.png,/partners/partner/17098850/,ru,2026-06-23T16:00:55+00:00
646230,Драйв24,https://drive24.bitrix24.site/,"+7 (988)1327628",g.batuchtin@itstudy.ru,https://www.1c-bitrix.ru/upload/iblock/843/tne7bkgmnq5st922wgm8gqecunhr1rmb/D24logo_1x.png,/partners/partner/646230/,ru,2026-06-23T16:00:57+00:00
9976881,CODEKING,https://codeking.ru/,"+7 499 577-01-14",support@codeking.ru,https://www.1c-bitrix.ru/upload/iblock/300/2019-08-22_175355.png,/partners/partner/9976881/,ru,2026-06-23T16:01:00+00:00
10073405,Технологии,https://s1pcode.com,"8 (800) 600 28-31",info@s1pcode.com,"https://www.1c-bitrix.ru/upload/iblock/e5a/r3vw2ldkvowiolrg1jcf49scoheokyew/ЛОГО с.png",/partners/partner/10073405/,ru,2026-06-23T16:01:03+00:00
736991,Интегратор24,https://integrator24.ru,"+7 (3412) 77-07-15",mail@integrator24.ru,"https://www.1c-bitrix.ru/upload/iblock/025/yh38qqc57angk3t92rt691fwzairjyrc/Group 3.jpg",/partners/partner/736991/,ru,2026-06-23T16:01:05+00:00
14113838,"DICOM TEAM",https://dicom.team,"+7 (960) 311 21-05",a@dicom.team,"https://www.1c-bitrix.ru/upload/iblock/bfa/as7aq384l30gmw5inqg68p7cul3e9v80/Снимок экрана 2024-06-18 в 09.33.25.png",/partners/partner/14113838/,ru,2026-06-23T16:01:09+00:00
16376808,Darkwood.tech,https://darkwood.tech,"+7 (914) 604-18-32",svarten_dod@mail.ru,"https://www.1c-bitrix.ru/upload/iblock/23c/3l31409izeo36rwcw24pz6b2uq17w7iq/logo1 — копия.png",/partners/partner/16376808/,ru,2026-06-23T16:01:11+00:00
16494314,АйТиМир24,https://itmir24.ru/,+79005522424,info@itmir24.ru,https://www.1c-bitrix.ru/upload/iblock/6ff/0mhd6f8z8oxnl272qn5mm4t6eehhn9al/photo_2024-02-09_13-28-34.jpg,/partners/partner/16494314/,ru,2026-06-23T16:01:17+00:00
17279628,crm2U,https://crm2u.ru,+79384484878,mail@crm2u.ru,"https://www.1c-bitrix.ru/upload/iblock/d7e/c63ntdd1f5s9yfcn3xucmr1br4519cc2/crm2U logoБ24.jpg",/partners/partner/17279628/,ru,2026-06-23T16:01:19+00:00
25796662,КАЙТ,https://kait.ru/,"+7(499) 444-62-64",service@kait.ru,"https://www.1c-bitrix.ru/upload/iblock/e9b/3d7e5252lkstboedkxnmi217lzho7yif/лого белый.png",/partners/partner/25796662/,ru,2026-06-23T16:01:22+00:00
16063176,"Лаборатория готовых решений",https://bxlabs.bitrix24site.ru,+79197163797,belavtomated@yandex.ru,https://www.1c-bitrix.ru/upload/iblock/f85/5vku2fh0b6ilvftvbeuehbqzuhz42j88/135.png,/partners/partner/16063176/,ru,2026-06-23T16:01:24+00:00
16833252,"Dm project",https://dmproject.su/,+79090294909,dmprodject@yandex.ru,"https://www.1c-bitrix.ru/upload/iblock/dca/cxcn97pbhjusgkj2t6nr6j65d3wfu97d/logo для б24.png",/partners/partner/16833252/,ru,2026-06-23T16:01:26+00:00
1200932,ElDiscovery,https://eldiscovery.ru/,"+7 (925) 780-37-45",seo@eldiscovery.ru,https://www.1c-bitrix.ru/upload/iblock/9dc/2m7i1jf8anjcve5aqqw2yjdrrw60q21b/ellogo-bx.jpg,/partners/partner/1200932/,ru,2026-06-23T16:01:29+00:00
10240280,"Комплексные решения",https://comresh.ru,+79090505558,89090505558@mail.ru,https://www.1c-bitrix.ru/upload/iblock/477/Комплексные-решения-поволжье-логотип.jpg,/partners/partner/10240280/,ru,2026-06-23T16:01:31+00:00
22139504,Filbiz,https://filbiz.ru/,89627183425,filbiz-ru@yandex.ru,https://www.1c-bitrix.ru/upload/iblock/39d/et5h1sb9txuqzzyo44bbnjj58a2iut0c/logo_photo-resizer.ru.png,/partners/partner/22139504/,ru,2026-06-23T16:01:34+00:00
24729360,CRMAGIC,https://crmagic.bitrix24site.ru/,+79650430699,naguskin.boss@gmail.com,"https://www.1c-bitrix.ru/upload/iblock/652/1b3wnovqtpqkp2fo57udyjr95b662l30/crmagic mini.png",/partners/partner/24729360/,ru,2026-06-23T16:01:36+00:00
102445,"Сфера IT",https://www.sferait.ru,"+7 (812) 240 78 00",info@sferait.ru,https://www.1c-bitrix.ru/upload/iblock/420/cux1t6qmu1vb0nt8nuhzpe1i65bl88el/sferait.jpg,/partners/partner/102445/,ru,2026-06-23T16:01:38+00:00
9670505,ВЦ,https://lidersoft.bitrix24.site,8(8352)20-28-58,bitrix@lidersoft21.ru,https://www.1c-bitrix.ru/upload/iblock/474/o3u1yhftq52mps9ptwtfq08ko4bcldb0/ЛОГО1.png,/partners/partner/9670505/,ru,2026-06-23T16:01:41+00:00
32933,"Приходько Оксана",http://taratama.com,8-916-601-32-24,taratamao@yandex.ru,https://www.1c-bitrix.ru/upload/iblock/c42/t157jr85c6f36mq3tv2y4cdfcip8m9vm/op-logo-175.png,/partners/partner/32933/,ru,2026-06-23T16:01:43+00:00
5479451,AFOLOMEEVA,https://afolomeeva.bitrix24site.ru,"+7925 613-32-03",sale@afolomeeva.ru,https://www.1c-bitrix.ru/upload/iblock/bc1/oj33t61cssrhluj81svie1ssukzp0hq9/ЛОГО_135_135.jpg,/partners/partner/5479451/,ru,2026-06-23T16:01:49+00:00
9427709,ARTECA,https://arteca.ru,"+7 (985) 361-99-60",info@arteca.ru,https://www.1c-bitrix.ru/upload/iblock/224/3ce/logo.png,/partners/partner/9427709/,ru,2026-06-23T16:01:51+00:00
14531034,GetSales,https://getsales.bz,"+7 (495) 023-77-00",info@getsales.bz,https://www.1c-bitrix.ru/upload/iblock/697/rjqmz0ic1naneish61awueszyrpile4k/LOGO-Soc-3.png,/partners/partner/14531034/,ru,2026-06-23T16:01:54+00:00
1167559,whatAsoft,https://готовый-сайт-для-бизнеса.рф,8-800-555-06-28,bitrix24@whatasoft.net,https://www.1c-bitrix.ru/upload/iblock/581/logo_1000x1000.png,/partners/partner/1167559/,ru,2026-06-23T16:01:56+00:00
9472555,Reformat,http://reformat.biz/,"+7 495 414-43-14",info@reformat.biz,https://www.1c-bitrix.ru/upload/iblock/973/imgonline-com-ua-Resize-PUIR2B27aDgX.jpg,/partners/partner/9472555/,ru,2026-06-23T16:01:59+00:00
10921530,EDUTRADE,https://okskill.ru/,"8 927 780-09-21",to@okskill.ru,https://www.1c-bitrix.ru/upload/iblock/28a/580sipdrtely59wjaan8hx36nm5h88b7/2026-04-09_11-48-57.png,/partners/partner/10921530/,ru,2026-06-23T16:02:01+00:00
12683236,Melipon,https://melipon.ru,+79193845624,lopashov_eo@mail.ru,https://www.1c-bitrix.ru/upload/iblock/e3e/wri6fpc35t1v3d4wh841kopj5hsmxlhw/1448c629c3d4448940623c29d1345251.png,/partners/partner/12683236/,ru,2026-06-23T16:02:03+00:00
14368764,POS-PRO,https://b24pro.bitrix24.site/,8-926-631-18-75,bitrix24@pos-pro.ru,https://www.1c-bitrix.ru/upload/iblock/e8e/lm3en79h7rfd5n3ggmoqds88bsibeetb/logo[1].png,/partners/partner/14368764/,ru,2026-06-23T16:02:06+00:00
2281997,E-com,https://www.e-com.company,+79272091109,hello@e-com.company,https://www.1c-bitrix.ru/upload/iblock/d68/i1yqqhlsnv4juopg13tvmq3xvqs4a9uh/e-com1.png,/partners/partner/2281997/,ru,2026-06-23T16:02:08+00:00
7001231,"Группа компаний АУРА",https://autrade.ru/?utm_source=b24,+73832585699,zakaz-b24@autrade.ru,"https://www.1c-bitrix.ru/upload/iblock/fda/yvcq4rw0q9nxhuvzq1gq9cf6mauca5v5/175,135.png",/partners/partner/7001231/,ru,2026-06-23T16:02:10+00:00
16593880,VSEMCRM,https://vsemcrm.bitrix24site.ru/,+74991120217,info@vsemcrm.ru,"https://www.1c-bitrix.ru/upload/iblock/a4b/awpwph8yd3azy1thw98n7rlk1hcu07t1/лого logo vsemcrm-2.png",/partners/partner/16593880/,ru,2026-06-23T16:02:13+00:00
20069176,TSA,https://www.ts-agency.ru,"+7 (922) 228-73-77",technical.solutions.agency@gmail.com,"https://www.1c-bitrix.ru/upload/iblock/18e/sirulagxt00vj72j7i1zky8fcf73zib6/orig (1).png",/partners/partner/20069176/,ru,2026-06-23T16:02:15+00:00
24622378,INCA,https://analytics.bitrix24site.ru,+79114670742,Goloto-olesya@yandex.ru,"https://www.1c-bitrix.ru/upload/iblock/7c1/gtnfqeyinksdwn87po082knrif998gmg/handled_PHOTO-2025-03-17-19-04-05_1080_1920_80 2.jpg",/partners/partner/24622378/,ru,2026-06-23T16:02:21+00:00
7867433,"Умный маркетинг",https://up-advert.ru,"8 (800) 55-000-27",it@up-advert.ru,"https://www.1c-bitrix.ru/upload/iblock/902/l0h50hw0k4ctklbe9lqaupg5vzyamwf2/Frame 1 (1).png",/partners/partner/7867433/,ru,2026-06-23T16:02:23+00:00
13417694,"КМВ Сити",https://kmwcity.ru,+79283426233,info@kmwcity.ru,https://www.1c-bitrix.ru/upload/iblock/d93/ceuk8q28pvkv579bg1z13myjtvpvt6qd/logo[1].png,/partners/partner/13417694/,ru,2026-06-23T16:02:26+00:00
22651452,"Автоматика Бизнеса",https://automatic-biz.ru/,"+7 (915) 325-29-77",info@automatic-biz.ru,"https://www.1c-bitrix.ru/upload/iblock/1fa/c5cxhuo5sekatprrdplypcbhwm7tua73/АБ-Лист битрикс.png",/partners/partner/22651452/,ru,2026-06-23T16:02:28+00:00
22234450,"Terra NI",https://terrani.bitrix24site.ru/,+79995979990,nigordinova@yandex.ru,https://www.1c-bitrix.ru/upload/iblock/acf/ogvrpllfqay29hbmoq0x3ij0konm318k/New11.png,/partners/partner/22234450/,ru,2026-06-23T16:02:30+00:00
17830894,WaySupport,https://waysupport.ru,+79145859696,sales@waysupport.ru,https://www.1c-bitrix.ru/upload/iblock/e8a/pfvi1to1xuk5ufmwjc1xjqk14h9916yw/imgonline-com-ua-Resize-QdfSSck7PN.png,/partners/partner/17830894/,ru,2026-06-23T16:02:33+00:00
18798762,Dzen,https://dzen-studio.ru/,"+7 (383) 234-96-95",info@dzen-studio.ru,"https://www.1c-bitrix.ru/upload/iblock/b90/szxxcj5pmc3w6j9sgmf18wv11f6c5x01/dzen (1).png",/partners/partner/18798762/,ru,2026-06-23T16:02:35+00:00
16633044,leeloo,https://leeloo.bitrix24site.ru,+79502011111,reshka.erp@yandex.ru,https://www.1c-bitrix.ru/upload/iblock/1f5/s13altuje46yx8a33dz3unv3uaffbevk/Screenshot_2.png,/partners/partner/16633044/,ru,2026-06-23T16:02:38+00:00
19833506,"МИК Дизайн",https://mik-design.ru/,+79165219345,nd@mik-design.ru,https://www.1c-bitrix.ru/upload/iblock/393/c2a0wzmnldvk7uxyqy0pthry90w29u4u/mik_logo_1x175.png,/partners/partner/19833506/,ru,2026-06-23T16:02:40+00:00
20430986,TechFusion,https://techfusion.bitrix24site.ru/,89531533597,integrator.bot@gmail.com,https://www.1c-bitrix.ru/upload/iblock/d48/v0y6zvzmpe6onj6q22jgvgmwdxl1y2hx/ktnwg1ngkijw1u4q.png,/partners/partner/20430986/,ru,2026-06-23T16:02:43+00:00
675354,Мэйк,https://makeagency.ru,"+7 (495) 108-24-49",hello@makeagency.ru,https://www.1c-bitrix.ru/upload/iblock/668/ce3/logo.png,/partners/partner/675354/,ru,2026-06-23T16:02:45+00:00
19242360,AlphaRed,https://alphared.ru,+79643425949,info@alphared.ru,https://www.1c-bitrix.ru/upload/iblock/0b8/hv7qie4us9y95boiblkw3lq198ph5vx4/175х135.jpg,/partners/partner/19242360/,ru,2026-06-23T16:02:47+00:00
19462828,Синван-Групп,https://sinvan-group.ru/,+7-812-642-52-72,info@sinvan-group.ru,https://www.1c-bitrix.ru/upload/iblock/2e5/vw6uadef462v3sokwettq5o4vvzo2cga/Sinvan2s.png,/partners/partner/19462828/,ru,2026-06-23T16:02:53+00:00
11194460,А4iTech,https://a4itech.ru,+79247662023,info@a4itech.ru,"https://www.1c-bitrix.ru/upload/iblock/f86/Логотип А4-175х135.jpg",/partners/partner/11194460/,ru,2026-06-23T16:02:56+00:00
15975800,mendel.digital,https://mendel.digital,"+7 (499) 372-10-77",hello@mendel.digital,"https://www.1c-bitrix.ru/upload/iblock/2a4/8p5xcgvr9n9pu4wynn5o5kjodpbjmkn7/mendel.digital (мини лого).png",/partners/partner/15975800/,ru,2026-06-23T16:02:58+00:00
658392,AcroWeb,https://acroweb.ru/,+7(495)118-26-58,info@acroweb.ru,https://www.1c-bitrix.ru/upload/iblock/728/1kta6604jcmf9ugzv8r6vwsu8zuee8pq/photo_2022-03-23_14-42-26.jpg,/partners/partner/658392/,ru,2026-06-23T16:03:00+00:00
12275116,Pasconsalt,https://pasconsalt.bitrix24site.ru/,89313109828,vladislavretrin@gmail.com,"https://www.1c-bitrix.ru/upload/iblock/195/8p5w6akhqw8zsrkhfcu85fmwl2a1hft4/PC Image.png",/partners/partner/12275116/,ru,2026-06-23T16:03:03+00:00
22313028,Вделе,https://vdele-soft.ru/index.html#,89502350011,bit@vdele-soft.ru,https://www.1c-bitrix.ru/upload/iblock/a14/pbafthye929dsyqikb83v284t7qasokw/1.jpg,/partners/partner/22313028/,ru,2026-06-23T16:03:05+00:00
1254072,"Fox Media",https://foxmedia.pro,"+7 (923) 411-09-19",info@foxmedia.pro,https://www.1c-bitrix.ru/upload/iblock/b53/foxlogo_135.png,/partners/partner/1254072/,ru,2026-06-23T16:03:08+00:00
1342764,Крипта,https://kripta.ru,+74162999911,info@kripta.ru,https://www.1c-bitrix.ru/upload/iblock/557/nvtano6qzjb2f26f6r3tdppw9vzjkdte/Логотип175135.jpg,/partners/partner/1342764/,ru,2026-06-23T16:03:10+00:00
4726827,ВТ2Б,https://vt2b.ru,"+7 495 118 33 99",web@vt2b.ru,"https://www.1c-bitrix.ru/upload/iblock/828/kkpd3slovmvup0hc48vd71818ngpvntk/Лого синий 150.png",/partners/partner/4726827/,ru,2026-06-23T16:03:12+00:00
9602445,СНАБСОФТ,https://snabsoft.ru,"(495) 744-32-87",info@snabsoft.ru,https://www.1c-bitrix.ru/upload/iblock/3d0/6gkj87sezo535onlrhor4w0hkbwhe45c/snabsoft_logo_png_bitrix.png,/partners/partner/9602445/,ru,2026-06-23T16:03:15+00:00
18781516,Cifromatix,https://cifromatix.ru/promo_b24,+79233319298,mail@danilavolkov.ru,"https://www.1c-bitrix.ru/upload/iblock/ec0/6wlxhklx8og8uq87093be0k9numup3c3/Дизайн без названия (7).png",/partners/partner/18781516/,ru,2026-06-23T16:03:17+00:00
20599840,MindFlow,https://mindflow.com.ru,+79632478777,info@mindflow.com.ru,https://www.1c-bitrix.ru/upload/iblock/f1d/jrp3rzai3s2reukivdeoar0kmn5kfa32/logo_color_transparent.png,/partners/partner/20599840/,ru,2026-06-23T16:03:19+00:00
95268,RGDIGITAL,https://rgdigital.ru,"+7 (969) 080-80-30",info@rgdigital.ru,https://www.1c-bitrix.ru/upload/iblock/5dc/obku7aqz5ex16fhxwffif5p1xfr7gdya/rgdigital-high-resolution-logo-color-on-transparent-background.png,/partners/partner/95268/,ru,2026-06-23T16:03:24+00:00
10772522,"ЦРМ СИСТЕМЫ",https://crmbit.bitrix24site.ru/,89951082192,a@crmbit.ru,"https://www.1c-bitrix.ru/upload/iblock/adf/u_ajax small.png",/partners/partner/10772522/,ru,2026-06-23T16:03:27+00:00
18170388,"АЙТЕРАС Цифровые решения для бизнеса",https://iteras.ru,+78127207888,info@iteras.ru,"https://www.1c-bitrix.ru/upload/iblock/012/ycr2zc71f74l05hcjj0m758m30be7kyc/Лого Айтерас рус 500х100.png",/partners/partner/18170388/,ru,2026-06-23T16:03:29+00:00
278155,rkin.ru,https://www.rkin.ru,"8(8212) 726-723",info@rkin.ru,https://www.1c-bitrix.ru/upload/iblock/346/rkin_ru.png,/partners/partner/278155/,ru,2026-06-23T16:03:31+00:00
16882756,"Цифровые Решения для Бизнеса",https://solcloud.ru/,"+7 (495) 133-94-15",info@solcloud.ru,https://www.1c-bitrix.ru/upload/iblock/ba8/42du53ug6a3ptwbnnt726mxdnujw83hv/logoCRDB.png,/partners/partner/16882756/,ru,2026-06-23T16:03:34+00:00
7255375,"Market Pull",https://marketpull.ru,"+7 (499) 490-50-16",info@marketpull.ru,"https://www.1c-bitrix.ru/upload/iblock/677/37hm0t91an78vwb6wocjubr7ktezxjxp/LOGOTIP MP_220.png",/partners/partner/7255375/,ru,2026-06-23T16:03:36+00:00
13514356,VIITA,https://viita.ru,"+7 (910) 339-70-49",info@viita.ru,https://www.1c-bitrix.ru/upload/iblock/364/p4hrmogt7mgnacseg0jae1zslk71oewn/viita-mail.png,/partners/partner/13514356/,ru,2026-06-23T16:03:38+00:00
15738670,Банникон,https://bannikon.ru,"8 (4942) 54-20-55",hello@bannikon.ru,"https://www.1c-bitrix.ru/upload/iblock/086/k7i3robyjbfbsnfrcsmggp3med5gp3fi/БАННИКОН ЛОГО основной@5x.png",/partners/partner/15738670/,ru,2026-06-23T16:03:41+00:00
256713,onpeak,https://www.onpeak.ru,"+7 (499) 350-41-95",contact@onpeak.ru,https://www.1c-bitrix.ru/upload/iblock/cdc/03-лого-онпик-на-белом-175x129.png,/partners/partner/256713/,ru,2026-06-23T16:03:43+00:00
14410784,TaskKit,https://taskkit.ru,+74994042441,info@taskkit.ru,https://www.1c-bitrix.ru/upload/iblock/da8/c35me22lx6nbctcxcn0jyu1iw219ksu1/taskkit-2026-h175.png,/partners/partner/14410784/,ru,2026-06-23T16:03:46+00:00
19605414,BigDigital,https://bgdgtl.ru,"+7 933 900 50 30",ceo@bigdigital.pro,"https://www.1c-bitrix.ru/upload/iblock/7b4/71m6wv3ei4lzva3rfhca0btn2u3xxuu6/BigDigital B24.png",/partners/partner/19605414/,ru,2026-06-23T16:03:48+00:00
23421756,ИНТЕЛ-СИСТЕМ,https://intelsistem.ru/,89147008543,sales@intelsistem.ru,https://www.1c-bitrix.ru/upload/iblock/f9e/x2b25ihwi3mo7i48j5umc6a3nn09wkzg/2024-07-02_09-57-342.png,/partners/partner/23421756/,ru,2026-06-23T16:03:51+00:00
1603029,WeloveCRM,https://welovecrm.ru,"+7 495 988-19-93",info@welovecrm.ru,https://www.1c-bitrix.ru/upload/iblock/530/21zidyw3zkzoh91ca17rg3ill1lome6h/logo_welovecrm-2.png,/partners/partner/1603029/,ru,2026-06-23T16:03:55+00:00
14099550,АльфаКом,https://netakom.ru,"(843) 239-24-11",webin@netakom.ru,https://www.1c-bitrix.ru/upload/iblock/d40/00dhk0bgafjgakqdrpgtlicvxvb5aqf7/1231x.jpg,/partners/partner/14099550/,ru,2026-06-23T16:03:58+00:00
17950004,"FRIENDLY CRM",http://friendly-crm.ru/,79061439593,info@friendly-crm.ru,https://www.1c-bitrix.ru/upload/iblock/dc2/7eajtflb6215wkv2o11m7k066p4d8npg/Frame_55_1.png,/partners/partner/17950004/,ru,2026-06-23T16:04:00+00:00
236729,Комплето,https://completo.ru,"+7 (495) 6408997",sales@completo.ru,https://www.1c-bitrix.ru/upload/iblock/7ee/6dg3ny9mzdi1oakbk5hcsi5hyfthhlhu/bitrixlogo.png,/partners/partner/236729/,ru,2026-06-23T16:04:03+00:00
1655719,Outsoft,https://outsoft.ru,+79213332169,yagolnik@ya.ru,https://www.1c-bitrix.ru/upload/iblock/3ab/caq9a9fjcqaf1ba2flf54imscyus5n77/Logo_outsoft.png,/partners/partner/1655719/,ru,2026-06-23T16:04:05+00:00
2293547,"Мистер Чек",https://mrcheck.ru,"+7 9180302430",sale@mrcheck.ru,https://www.1c-bitrix.ru/upload/iblock/866/i4jw1ekeu6jhiply8tt5vywxkp99fq4p/logo-mrcheck-175x135.jpg,/partners/partner/2293547/,ru,2026-06-23T16:04:08+00:00
18921816,Topmind.agency,https://topmind.agency/,89119394879,Topmind.agency@yandex.ru,"https://www.1c-bitrix.ru/upload/iblock/cdf/mb8qplg4990kqidakvkr9l7qzw4qonmh/175 на 135.png",/partners/partner/18921816/,ru,2026-06-23T16:04:10+00:00
26036970,"Мельников Д.П.",https://melnikovdp.ru,+79957850482,ipmelnikovdp@gmail.com,https://www.1c-bitrix.ru/upload/iblock/68d/ya9paq94az0mjn6e73egxjmdi1jvq21w/mdp_logo_175_135.png,/partners/partner/26036970/,ru,2026-06-23T16:04:12+00:00
153936,Флай,https://www.flymediastudio.com/,"+7 (8332) 41-00-52",info@flymediastudio.com,https://www.1c-bitrix.ru/upload/iblock/e65/n6k0e41ozb1xllsjzv2oa0mkwuo5eg49/Logo_Fly_B24.png,/partners/partner/153936/,ru,2026-06-23T16:04:15+00:00
8233809,Бизнес-инструменты,https://business-tool.ru/,"+7 (905) 547-02-44",request@business-tool.ru,https://www.1c-bitrix.ru/upload/iblock/63a/7mlq9xjlj3s69k78ghxprb1jc7se81f2/logo.png,/partners/partner/8233809/,ru,2026-06-23T16:04:17+00:00
18145846,Лаба,https://whatalab.bitrix24site.ru,"+7 9123277371",whatalab@yandex.ru,"https://www.1c-bitrix.ru/upload/iblock/0cf/gysk12u5wnu8v9vh7zfk62l9qwww7e4i/Vector (2).png",/partners/partner/18145846/,ru,2026-06-23T16:04:20+00:00
8914029,EntryPoint,http://entry.pt,"8 (861) 290-12-21",support@entry.pt,https://www.1c-bitrix.ru/upload/iblock/3ad/entrypoint.bmp,/partners/partner/8914029/,ru,2026-06-23T16:04:24+00:00
15777162,"Digital Space",https://dg-sp.ru,"+7 (495) 476-42-43",bitrix@dg-sp.ru,"https://www.1c-bitrix.ru/upload/iblock/fc4/j59y3uoyhj7o9kvc1ztl7fk7uqtm8bud/лого — копия.png",/partners/partner/15777162/,ru,2026-06-23T16:04:27+00:00
21983580,"Yellow Programm",https://yellowpro.studio/,+79270876558,admin@tetratrans.ru,https://www.1c-bitrix.ru/upload/iblock/81f/dn1gk1i7o2szarks5kn909aftu7y6yqq/2024-10-14_11-17-13.png,/partners/partner/21983580/,ru,2026-06-23T16:04:29+00:00
26165560,"Сильный Код",https://silacoda.ru,+7(3532)60-10-04,rss@silacoda.ru,https://www.1c-bitrix.ru/upload/iblock/5ec/m52q19mhzjx923myeguq4qlwgjcld7si/bitrix_icon2.png,/partners/partner/26165560/,ru,2026-06-23T16:04:32+00:00
26408112,"otr it",https://otr-it.ru/,9191233643,b24-sale@otr-it.ru,"https://www.1c-bitrix.ru/upload/iblock/201/874rfrtah2a6nlu9x8jzgtbj7kodgq1z/отр (1).png",/partners/partner/26408112/,ru,2026-06-23T16:04:34+00:00
11329,Максимастер,https://maximaster.ru,"+7 (495) 722-10-27",max@maximaster.ru,https://www.1c-bitrix.ru/upload/iblock/2b4/logo-135.jpg,/partners/partner/11329/,ru,2026-06-23T16:04:37+00:00
22968926,MASTSOL,https://mastsol.ru,+79953891121,hi@mastsol.ru,https://www.1c-bitrix.ru/upload/iblock/2a7/r3dv4gf0g9ssno006qak87umiw70k0a2/logodol.png,/partners/partner/22968926/,ru,2026-06-23T16:04:39+00:00
23160862,GEN,https://genrop.ru,,ed.galimov@bk.ru,https://www.1c-bitrix.ru/upload/iblock/be9/gsrtv0o3ki3u3cm1rtwjg06wd20j7tyi/result_Без-фона.png,/partners/partner/23160862/,ru,2026-06-23T16:04:42+00:00
979014,Акизо,http://akyzo.ru/,"+7 (924) 722-24-66",sale@akyzo.ru,"https://www.1c-bitrix.ru/upload/iblock/425/Logotype Horizontal Copy.png",/partners/partner/979014/,ru,2026-06-23T16:04:44+00:00
4265083,2KDigital,https://integrator.bitrix24site.ru/,+73412771157,771157@gmail.com,https://www.1c-bitrix.ru/upload/iblock/7c3/4aa5crfxl4dcvjn38pfy3skgd2bpun52/logo2kd.png,/partners/partner/4265083/,ru,2026-06-23T16:04:46+00:00
11958928,Deltaplan24,https://deltaplan24.ru,"8 (391) 214-34-42",deltaplan24@gmail.com,https://www.1c-bitrix.ru/upload/iblock/806/лого12.png,/partners/partner/11958928/,ru,2026-06-23T16:04:49+00:00
14967662,ACRM,https://acrm.space/,+79788000196,rusinov.alexey@mail.ru,"https://www.1c-bitrix.ru/upload/iblock/dc9/76b18pvjo1gcirj11b3t86le35jht93w/Лого для карточки партнера.jpg",/partners/partner/14967662/,ru,2026-06-23T16:04:51+00:00
18432288,ShubnikovaCRM,https://g-crm.ru/,+79202927175,tatyanashubnikova@icloud.com,"https://www.1c-bitrix.ru/upload/iblock/36b/qo52t5j1yncz1zvx99cbp3ru2sk1heja/ллогочерный png 175×135.png",/partners/partner/18432288/,ru,2026-06-23T16:04:56+00:00
525630,ADN,https://adn.agency,"+7(495) 740-61-10",hello@adn.agency,https://www.1c-bitrix.ru/upload/iblock/d22/q9fefp21plk9f9dck9zwvy6e79pswp4v/adn_logo.png,/partners/partner/525630/,ru,2026-06-23T16:04:59+00:00
17888194,ОК-КЕЙ,https://ok-key.bitrix24site.ru,"+7 (910) 518 77 68",ok-key@internet.ru,"https://www.1c-bitrix.ru/upload/iblock/41f/q70wvmxb6jj823oinhzdn2lxoa4gr3ku/лого мини.jpg",/partners/partner/17888194/,ru,2026-06-23T16:05:02+00:00
16574790,"РОКЕТ ПРО",https://rocket-pro.ru,89277602287,79277602287@yandex.ru,https://www.1c-bitrix.ru/upload/iblock/ba6/ilp7bu7hagm4c397o8auxsdn0n4g19rp/red-616-2.png,/partners/partner/16574790/,ru,2026-06-23T16:05:05+00:00
7123383,"Direct is Good",https://directisgood.ru,"+7 (343) 300-93-50",life@is-good.ru,"https://www.1c-bitrix.ru/upload/iblock/5b6/z6rf6rd357ikbsan127jzv1lp263cvhu/Лого 175 px.jpg",/partners/partner/7123383/,ru,2026-06-23T16:05:07+00:00
20683406,"Digital CRM",https://digital-crm.ru,+74954870808,info@digital-crm.ru,"https://www.1c-bitrix.ru/upload/iblock/613/gojqwtatot1zvcgxyiusw2r0131cdfv9/Снимок экрана 2025-05-23 в 11.52-2.png",/partners/partner/20683406/,ru,2026-06-23T16:05:10+00:00
564062,W-comm,https://w-comm.ru,+79128638337,info@w-comm.ru,https://www.1c-bitrix.ru/upload/iblock/f35/w.png,/partners/partner/564062/,ru,2026-06-23T16:05:12+00:00
12540468,"Айва Консалт",https://ekass.ru,88342319085,info@aiwas.ru,https://www.1c-bitrix.ru/upload/iblock/01c/6931x3vtfcwjtw9wlpmin6gsd6ltydxc/Aiwa-Логотип_end_2.jpg,/partners/partner/12540468/,ru,2026-06-23T16:05:16+00:00
16267430,"Павлов Консалтинг",https://pavlovconsulting.ru/,+78124253738,mail@pavlov.group,"https://www.1c-bitrix.ru/upload/iblock/d94/83wkl7g09irvddm8i2zst18i6ljoe5ca/Павлов Консалтинг.png",/partners/partner/16267430/,ru,2026-06-23T16:05:19+00:00
1392164,"IT Enterprise",https://enterprise-it.ru,88632960455,web@enterprise-it.ru,https://www.1c-bitrix.ru/upload/iblock/57f/r6df0wh8scag63fhrvoeqvcvsu0t2pwo/i-t-enter-175.png,/partners/partner/1392164/,ru,2026-06-23T16:05:23+00:00
14231610,Dobro360,https://dobro360.ru/,89048558738,Hi@dobro360.ru,https://www.1c-bitrix.ru/upload/iblock/a2e/9kbx0f04v036dgwtke8zxwmasdztdtx8/cropped-logoza.ru_.png,/partners/partner/14231610/,ru,2026-06-23T16:05:29+00:00
17038306,"Профессиональные информационные решения",https://pir73.bitrix24site.ru/,+79603720290,vrb@pir73.ru,https://www.1c-bitrix.ru/upload/iblock/6d0/9flaxagalblyshzys1w4ei1mrqjsiz6f/Лого-мини.jpg,/partners/partner/17038306/,ru,2026-06-23T16:05:32+00:00
1438646,СМАРТБИТ,https://smart-bit.ru,+7(910)3051210,gudzon2002@yandex.ru,https://www.1c-bitrix.ru/upload/iblock/21f/t2xf66itqa5bw4s86qlrbg1mtd9ajz65/SmartLogotip.png,/partners/partner/1438646/,ru,2026-06-23T16:05:37+00:00
10151954,"IT Cloud",https://itclo.ru,"+7 (343) 271-20-52",info@itclo.ru,https://www.1c-bitrix.ru/upload/iblock/521/itcloud_logo_129x135.jpg,/partners/partner/10151954/,ru,2026-06-23T16:05:40+00:00
15791980,ErrNO,https://errno.ru,+79205310114,info@errno.ru,https://www.1c-bitrix.ru/upload/iblock/eb3/ji8xgqcow0eh8dvybqv7m902l07p9ao3/logo_errno.jpg,/partners/partner/15791980/,ru,2026-06-23T16:05:43+00:00
16178514,АС-Консалтинг,https://as-konsalting.bitrix24site.ru,+79867642544,212809@1c-acbuh.ru,"https://www.1c-bitrix.ru/upload/iblock/3c9/v53kjf59jh2jg987k4488dy39yl3tjgd/logo_5 (2).png",/partners/partner/16178514/,ru,2026-06-23T16:05:45+00:00
19216040,Ромбут,https://romboot.ru,+79175293647,help@romboot.ru,https://www.1c-bitrix.ru/upload/iblock/5dc/6lq70qgvsp09hcz7dsgsgk4edd21x40k/romboot.png,/partners/partner/19216040/,ru,2026-06-23T16:05:48+00:00
26244080,WEBMIT,https://webmit.ru,,support@webmit.ru,"https://www.1c-bitrix.ru/upload/iblock/45a/m3nspyakf30jb4ufg2c31ck5o6aa7a6w/favicon (1).png",/partners/partner/26244080/,ru,2026-06-23T16:05:50+00:00
9294799,iprotocol,https://iprotocol.ru,"+7 (495) 275-33-55",hello@iprotocol.ru,https://www.1c-bitrix.ru/upload/iblock/366/8om4rskfedcr439n0uw1foup23k3nlbf/ip-logo-135x135.png,/partners/partner/9294799/,ru,2026-06-23T16:05:53+00:00
66226,Альфатим,https://alfateam.ru,+73912906688,manager@alfateam.ru,https://www.1c-bitrix.ru/upload/iblock/029/ioyf4f5pwh8xhpccspbe1yyo709470ft/avatar.png,/partners/partner/66226/,ru,2026-06-23T16:05:55+00:00
728365,Insmart,https://insmart.ru,"+7 (495) 118-38-18",studio@insmart.ru,https://www.1c-bitrix.ru/upload/iblock/88b/logo600.png,/partners/partner/728365/,ru,2026-06-23T16:05:57+00:00
981093,СкайВеб24,https://skyweb24.ru,"+7 (391) 290-23-75",sale@skyweb24.ru,"https://www.1c-bitrix.ru/upload/iblock/d36/o5tqbnekli1bggge31diz8br5fef6coi/Логотип HD-2.png",/partners/partner/981093/,ru,2026-06-23T16:06:00+00:00
16461350,C-ВИТА,https://s-vita-b24.ru/,"+7 (800) 222-41-10",s-vita.marketing@yandex.ru,https://www.1c-bitrix.ru/upload/iblock/dc6/cn43r52h3qfziqpu21z17cb4ehf46lx6/imgonline-com-ua-Resize-RiRpK3jYrqxhxk.jpg,/partners/partner/16461350/,ru,2026-06-23T16:06:02+00:00
26946138,"ТЕХНОМЕДИА ГРУПП",https://ittmgroup.ru,+74951203802,inbox@tmgroup.ru,"https://www.1c-bitrix.ru/upload/iblock/533/k1hbqkkyh62zpxcr8jp27dm61xeqgnr3/Слой 1.png",/partners/partner/26946138/,ru,2026-06-23T16:06:05+00:00
223085,"Всё отлично!",http://www.vogood.ru/,"+7 (961) 874-44-40",mail@vogood.ru,https://www.1c-bitrix.ru/upload/iblock/75c/ducnfarv7r37ph84fiyna77gi3toa086/Logo-VO-dark-2.png,/partners/partner/223085/,ru,2026-06-23T16:06:10+00:00
10983428,Sibcode,https://sibcode.team,"+7 (3822) 70-24-54",hi@sibcode.team,https://www.1c-bitrix.ru/upload/iblock/f69/47b7fyfjuwwjxmf6wscgjpusuhrgeu8q/SIBCODE2.png,/partners/partner/10983428/,ru,2026-06-23T16:06:12+00:00
13101604,АйТи-Сети,https://it-seti.ru,"+7 (343) 243-57-63",info@it-seti.ru,https://www.1c-bitrix.ru/upload/iblock/337/dthdwqle685sw24df7ae5xu9zw1q1dpk/logo.png,/partners/partner/13101604/,ru,2026-06-23T16:06:15+00:00
397380,"Лунный Город",https://lungorod.ru,+7(495)477-53-36,sales@lungorod.ru,https://www.1c-bitrix.ru/upload/iblock/86f/dr7revpw0ktav610iv317jdz3d3bnjan/lg-logo-2020-transparent_B24.png,/partners/partner/397380/,ru,2026-06-23T16:06:17+00:00
1158884,Текарт,http://techart.ru,"(495) 790-7591",info@techart.ru,https://www.1c-bitrix.ru/upload/iblock/ad8/techart_bitrix.jpg,/partners/partner/1158884/,ru,2026-06-23T16:06:20+00:00
8322615,ITC-R,http://itc-r.ru,+79009051414,info@itc-r.ru,https://www.1c-bitrix.ru/upload/iblock/a16/logo_i.png,/partners/partner/8322615/,ru,2026-06-23T16:06:23+00:00
11888570,Франклин,https://franklin-crm.ru,89266954751,vollarron@yandex.ru,"https://www.1c-bitrix.ru/upload/iblock/996/w0soxzigrj2zf7o3cyizpzvrksx2nss1/лого Франклин прозрачный.png",/partners/partner/11888570/,ru,2026-06-23T16:06:26+00:00
10968180,Интех-Софт,"https:// intechsoft-horeka.bitrix24site.ru","+7 (8722) 61-00-31",zamir_k@intechsoft.ru,https://www.1c-bitrix.ru/upload/iblock/222/fhlzg0a3xop377xh86lqttr6g39w480q/logo_2022is.png,/partners/partner/10968180/,ru,2026-06-23T16:06:28+00:00
1415173,WebDevise,https://webdevise.ru/,"+7 927 7593661",info@webdevise.ru,"https://www.1c-bitrix.ru/upload/iblock/afc/Frame 1.png",/partners/partner/1415173/,ru,2026-06-23T16:06:30+00:00
23385502,"WOW HR",https://нанимаю.рф,+79098221752,smit.khv@gmail.com,https://www.1c-bitrix.ru/upload/iblock/f07/bjqcwr7m3hm60nlx2xz1k9p44qdwbyau/1675948627_papik-pro-p-lampochka-kartinka-risunok-39-2.png,/partners/partner/23385502/,ru,2026-06-23T16:06:33+00:00
420288,Blackbutterfly,https://blackbutterfly.ru,+7920-3-51-57-58,support@blackbutterfly.ru,https://www.1c-bitrix.ru/upload/iblock/e36/1mc0n2gh6v883tpifpbcb4ohyjmcdxq7/Безымянный9999[1].png,/partners/partner/420288/,ru,2026-06-23T16:06:35+00:00
5685975,"КИТ Консалтинг",https://www.kit-consulting.ru,"+7(495)133 39 16",info@kit-consulting.ru,https://www.1c-bitrix.ru/upload/iblock/85c/Logo_kit_300.png,/partners/partner/5685975/,ru,2026-06-23T16:06:38+00:00
12493272,"Stone Technologies",https://stone-technologies.ru/,+74993502525,info@stone-technologies.ru,https://www.1c-bitrix.ru/upload/iblock/935/5bgg6sh7ekousv1a0toa7fq9ori6zga8/Screenshot_10.jpg,/partners/partner/12493272/,ru,2026-06-23T16:06:42+00:00
22120446,Биржин,https://birjin.com/,"+7 (495) 741-91-10",evgeniy.biryukov@birjin.com,https://www.1c-bitrix.ru/upload/iblock/ccc/lzv24inkdv7zwqocmrzm2ct4x0i4y7a7/orig.jpg,/partners/partner/22120446/,ru,2026-06-23T16:06:45+00:00
400234,Айкон,https://www.iconweb.ru,"+7 (383) 292-50-77",info@iconweb.ru,"https://www.1c-bitrix.ru/upload/iblock/caf/Icon logo300x300.png",/partners/partner/400234/,ru,2026-06-23T16:06:47+00:00
18812708,"Terrawol Systems",https://terrawol.ru,+7499325351,hello@terrawol.ru,"https://www.1c-bitrix.ru/upload/iblock/274/ob9qgp5npxlglea1yglin9pno9r58q2p/TERRAWOL SYSTEMS LOGO.png",/partners/partner/18812708/,ru,2026-06-23T16:06:49+00:00
10889954,OBPM,https://obpm.ru,+7(926)868-18-16,hello@obpm.ru,https://www.1c-bitrix.ru/upload/iblock/37c/i1n33e3p6ot0zwt4ruc49dhzpukxb6h5/logo173.png,/partners/partner/10889954/,ru,2026-06-23T16:06:52+00:00
11470222,Ridis,https://ridis.ru,"+7 831 214-14-90",info@ridis.ru,"https://www.1c-bitrix.ru/upload/iblock/a52/ttjsj9gf40w26uh8k57a3qq0x3q3x5il/logo-dark 1.png",/partners/partner/11470222/,ru,2026-06-23T16:06:54+00:00
22698534,DOCTOR-V-IT,https://b24.doctor-v-it.ru/,+79770030373,doctorzlo@admin05.ru,"https://www.1c-bitrix.ru/upload/iblock/221/rvnvg8zhxvxi092rhhx72he2zwgdu30e/Без имени.png",/partners/partner/22698534/,ru,2026-06-23T16:06:57+00:00
80017,WEBROVER,https://webrover.ru,"+7 (846) 246-23-51",bitrix24@webrover.ru,"https://www.1c-bitrix.ru/upload/iblock/d11/WBR logo 174.png",/partners/partner/80017/,ru,2026-06-23T16:06:59+00:00
132652,АСТОНИА,https://www.astoni.ru/,+74959982564,info@astonia.ru,https://www.1c-bitrix.ru/upload/iblock/3be/logo_astonia_200kh200.jpg,/partners/partner/132652/,ru,2026-06-23T16:07:02+00:00
14195840,Технолаб,https://24tl.ru,,info@24tl.ru,https://www.1c-bitrix.ru/upload/iblock/16a/v41ipoqex4o1yklpyedcnnf6ce5qxitc/120x40.png,/partners/partner/14195840/,ru,2026-06-23T16:07:04+00:00
12754074,BuyHunter,http://automation.buyhunter.ru/,+79233504040,alex.petrov@buyhunter.ru,https://www.1c-bitrix.ru/upload/iblock/6e9/vg3qlvh2zelnrv282t3ot19adzkdl7df/logo.svg,/partners/partner/12754074/,ru,2026-06-23T16:07:06+00:00
24150880,Justcrm,https://justcrm24.ru,"+7 980 932 06 24",hello@justcrm24.ru,https://www.1c-bitrix.ru/upload/iblock/06b/6h9n7cb74fbw42p9msclnizvdgpmfgf7/justcrm-logo.png,/partners/partner/24150880/,ru,2026-06-23T16:07:09+00:00
244392,1GT.IT,https://1gt.it/,"+7 383 383 8004",info@1gt.it,https://www.1c-bitrix.ru/upload/iblock/329/1c-b-logo.png,/partners/partner/244392/,ru,2026-06-23T16:07:13+00:00
8744211,Grechka,https://grechka.studio,+79307117110,ede@deremin.ru,"https://www.1c-bitrix.ru/upload/iblock/59d/yen41m64a2op0xindtqc1hgbex43mobr/image_2024-12-23_12-28-37 (1).jpg",/partners/partner/8744211/,ru,2026-06-23T16:07:16+00:00
17411352,Трип-Адванс,https://tasolution.ru/,"+7 861 213-23-13",support@tripadvance.ru,"https://www.1c-bitrix.ru/upload/iblock/9ae/5cbx49lzjgqja12ct5j5t8tbniy4a4md/Logo Tripadvance.png",/partners/partner/17411352/,ru,2026-06-23T16:07:18+00:00
1301227,ARLIX,https://arlix.agency/ru/,+79163400966,hello@arlix.agency,https://www.1c-bitrix.ru/upload/iblock/9c8/gbcjchpyx5cqj88ghtbipudl79cn3dhp/Logo.png,/partners/partner/1301227/,ru,2026-06-23T16:07:21+00:00
24958788,ЭРГОХАУС-С,https://xn--80af7agilm4d.xn--p1ai/,+79210533471,ns-consult@bk.ru,https://www.1c-bitrix.ru/upload/iblock/e16/o9gre2itn688p0gaspbmwrdiqqo5u0pq/уууууу.jpg,/partners/partner/24958788/,ru,2026-06-23T16:07:23+00:00
101716,КИТ-Групп,https://kit-gr.ru/,"+ 7 812 309-28-85",hello@kit-gr.ru,https://www.1c-bitrix.ru/upload/iblock/006/6wlws3z1k8jn41bzswhfdefrk5drxsgs/kit_logo.png,/partners/partner/101716/,ru,2026-06-23T16:07:25+00:00
5432199,"Аспект 24",https://aspect24.pro/b24/,+73478635000,a24@a24m.ru,"https://www.1c-bitrix.ru/upload/iblock/be8/epuc9k8cmy3vd8qd0b98k5nzla5oljsa/Лого Аспект 24 Маленькое.png",/partners/partner/5432199/,ru,2026-06-23T16:07:28+00:00
6441299,"Сервис ТВ-Инфо",https://iv-it.ru,"+7 (963)152-95-06,8(4932)59-19-00; 8(4932)93-07-07,89621556498",sale@stv.indi.ru,https://www.1c-bitrix.ru/upload/iblock/eab/logotipstv.png,/partners/partner/6441299/,ru,2026-06-23T16:07:30+00:00
11124600,Godbit,https://godbit.ru/,8(918)347-00-47,Malishevskiysi@gmail.com,"https://www.1c-bitrix.ru/upload/iblock/d46/logo (2).png",/partners/partner/11124600/,ru,2026-06-23T16:07:32+00:00
12769096,Апрель,https://april-bit.ru/,+79620027991,savchuckvadim@gmail.com,"https://www.1c-bitrix.ru/upload/iblock/5ca/h4niebyhp05e82m0wj7a882u0ltnrqbj/Апрель - for bitrix.png",/partners/partner/12769096/,ru,2026-06-23T16:07:35+00:00
20426978,ПроТехСРМ,https://протехсрм.рф,+79954680500,protechcrm@yandex.ru,"https://www.1c-bitrix.ru/upload/iblock/a2e/u35fihlotvqc8l4u7b616dh668e6pua5/правильное лого на сайт для кабинета Битрикс.png",/partners/partner/20426978/,ru,2026-06-23T16:07:37+00:00
22316,"Global Arts",https://global-arts.ru/,"+7 (495) 648-09-50",info@global-arts.ru,https://www.1c-bitrix.ru/upload/iblock/cdc/logo-175x135.jpg,/partners/partner/22316/,ru,2026-06-23T16:07:39+00:00
13262040,"Альянс Регистраторов",https://nsr.expert/,+79688625213,rf.salavat@ya.ru,"https://www.1c-bitrix.ru/upload/iblock/f8f/52kob0258jyd3cgwe110cl4lu8sdraro/c1de6ff4-41d1-4f67-afaf-e178d0606471 — копия.jpg",/partners/partner/13262040/,ru,2026-06-23T16:07:44+00:00
7087361,СИРИУС,https://siriuspro.ru,"+7 (3452) 500-933",helpdesk@siriuspro.ru,"https://www.1c-bitrix.ru/upload/iblock/7e9/tyj3wks0np46qaat8gu7e6am8xi8quhk/Лого2 mini.png",/partners/partner/7087361/,ru,2026-06-23T16:07:47+00:00
16374440,UpGradd,https://upgradd.bitrix24site.ru/,89885372247,expertivanovaelena@yandex.ru,https://www.1c-bitrix.ru/upload/iblock/756/uthdlw8n855bdihoosydbne1c8vttt25/ффф.jpg,/partners/partner/16374440/,ru,2026-06-23T16:07:49+00:00
10475018,YogurtStudio,https://yogurtstudio.ru/,"+7 993 963 9969",hello@yogurtstudio.ru,"https://www.1c-bitrix.ru/upload/iblock/911/303k82yuuw2h5icarbgb9lvrztq0vvhn/Вертикальный, красный, белый (1).png",/partners/partner/10475018/,ru,2026-06-23T16:07:51+00:00
5184689,"Автоматизация бизнеса",https://rb-vershina.ru/b24,+79961070919,vector-offical@yandex.ru,https://www.1c-bitrix.ru/upload/iblock/6b2/glhlq6fusu03asfy2kjo0ghptz6si1ab/3b9d6f0de76c7329f5a8b39e7aecf403.png,/partners/partner/5184689/,ru,2026-06-23T16:07:54+00:00
8210017,Finetune,https://finetune.agency/,"+7 (999) 039-96-00",finetune.agency@yandex.ru,"https://www.1c-bitrix.ru/upload/iblock/18f/8wm9bi3h72a523svc30x7sqsedwlp3qt/Logo_Finetune — копия.png",/partners/partner/8210017/,ru,2026-06-23T16:07:56+00:00
19734252,БАРИО,https://bario24.ru,+79202520551,info@bario24.ru,"https://www.1c-bitrix.ru/upload/iblock/7b5/m50fh9phyzyy4u634x1l0z34zikb131x/logoza.ru_pixian_ai (3).png",/partners/partner/19734252/,ru,2026-06-23T16:07:58+00:00
26421078,EL.CRM,https://el-crm.bitrix24site.ru/,"+7 343 247-20-23",vlad.b.0595@mail.ru,https://www.1c-bitrix.ru/upload/iblock/18f/q83mwxtlipjctb84ekbeydo159v3x85t/ЛОГОТИП.jpg,/partners/partner/26421078/,ru,2026-06-23T16:08:01+00:00
14156966,Веб24,https://www.b2di.ru,+79605885860,GlebBYR+ru@gmail.com,https://www.1c-bitrix.ru/upload/iblock/e42/mgluo675adnac1nuq12ceqz7swzwxzk7/logo-veb.png,/partners/partner/14156966/,ru,2026-06-23T16:08:03+00:00
23527686,"Культура 101",https://kultura101.ru/,+7(900)-155-45-85,info@kultura101.ru,"https://www.1c-bitrix.ru/upload/iblock/b42/r3hloz6mppgio94b8z12e6mh9prnvmnu/Без имени-1.png",/partners/partner/23527686/,ru,2026-06-23T16:08:05+00:00
32097,"Компания Айхэд",https://www.ihead.ru,88005506696,info@ihead.ru,https://www.1c-bitrix.ru/upload/iblock/bbd/ih80.gif,/partners/partner/32097/,ru,2026-06-23T16:08:08+00:00
22306872,Sukhoi-consulting,https://sukhoi-consulting.ru,+79035984768,consulting@sukhoi-anton.ru,"https://www.1c-bitrix.ru/upload/iblock/d07/lawahi2ffd0i2e93cjo746wmd65hndj8/SC белый.jpg",/partners/partner/22306872/,ru,2026-06-23T16:08:10+00:00
124106,Solo-it,https://solo-it.ru,"+7 967 555 01 03",sale@vletivaiti.ru,https://www.1c-bitrix.ru/upload/iblock/803/LOGO_INTERLINEAR_RED_RGB3.png,/partners/partner/124106/,ru,2026-06-23T16:08:15+00:00
20848056,AMIT,https://amit-company.com/,,zaiavka@amit-company.com,https://www.1c-bitrix.ru/upload/iblock/071/gyho7izrhwuz5udnwu84znup9gwxljbx/bitrix.png,/partners/partner/20848056/,ru,2026-06-23T16:08:17+00:00
22123656,"ИТ СЭНДВИЧ",https://it-sandwich.com/,+78122408600,info@it-sandwich.com,"https://www.1c-bitrix.ru/upload/iblock/ff4/tfrrp4rc7bwxfridncd5s57q2jwx6h1c/photo_2026-02-28 23.09.09.jpeg",/partners/partner/22123656/,ru,2026-06-23T16:08:20+00:00
15835978,Бизон,https://biizon.ru,+79612400424,eremenko.it@yandex.ru,"https://www.1c-bitrix.ru/upload/iblock/668/h6do6epiycn6whcd5luhfke02eac22bu/Без имени-1.png",/partners/partner/15835978/,ru,2026-06-23T16:08:22+00:00
19344100,ЧипСофт,https://chipsoft.pro,"7 388-22 470-68",mail@chipsoft.pro,"https://www.1c-bitrix.ru/upload/iblock/2af/q17hi831ao6rghillibi9ftbe01e0397/логотип чипсофт175.png",/partners/partner/19344100/,ru,2026-06-23T16:08:25+00:00
7488373,ИТ-Комфорт,https://it-komfort.ru/crmrf,+79120611261,info@it-komfort.ru,https://www.1c-bitrix.ru/upload/iblock/e46/384sv228z3y2lchu821ego9ra2hr2m8d/logo2_1-100.jpg,/partners/partner/7488373/,ru,2026-06-23T16:08:27+00:00
7922189,"Law Business Group",https://law-group.biz,"8 499 350 61 62",Info@qb24.ru,"https://www.1c-bitrix.ru/upload/iblock/049/Лого. Круглый — копия.png",/partners/partner/7922189/,ru,2026-06-23T16:08:30+00:00
10249582,Бизнес-Архитектор,https://busarch.ru/,84951501463,tech@busarch.ru,https://www.1c-bitrix.ru/upload/iblock/070/jrk78z032u6s1z1dx8hrn3c94dwvzl2n/favikon_Business-Architect.png,/partners/partner/10249582/,ru,2026-06-23T16:08:32+00:00
1160907,НаборИнфо,https://naborinfo.ru/,88005512181,vopros@naborinfo.ru,"https://www.1c-bitrix.ru/upload/iblock/dab/mjl0dd370i6ikcl1kt2309hlhn6a38m6/Лого NaborInfo 1350.png",/partners/partner/1160907/,ru,2026-06-23T16:08:34+00:00
6705895,"AR Solutions",http://ar-solution.ru,"+7 (916) 479 1572",info@webintegrity.ru,https://www.1c-bitrix.ru/upload/iblock/5db/r3506jx08nclhom78595yos5vf1v1rmr/ARSolutions.png,/partners/partner/6705895/,ru,2026-06-23T16:08:37+00:00
19100970,Мегафрейм,https://мегафрейм.рф,"+7 (831) 262-17-07",info@ms52.ru,https://www.1c-bitrix.ru/upload/iblock/24d/xo4r7553n3ufioxjrv92yfozdk94l0do/Лог_batcheditor_fotor.png,/partners/partner/19100970/,ru,2026-06-23T16:08:39+00:00
11974160,"Ингион Консалтинг",https://ingion.ru,"+7 964 650-66-55, +7 3952 90-66-55",info@ingion.ru,"https://www.1c-bitrix.ru/upload/iblock/eef/Лого, название, слоган.png",/partners/partner/11974160/,ru,2026-06-23T16:08:42+00:00
25698234,Асист-ПРО,https://asyst-pro.ru,8(495)795-87-44,info@asyst-pro.ru,https://www.1c-bitrix.ru/upload/iblock/cba/n438j343mrrlmfxlipkhtnqh15yu470m/logo168b.png,/partners/partner/25698234/,ru,2026-06-23T16:08:47+00:00
1330300,"Элементарное решение",https://ergro.ru,"+7 (495) 374 88 79",mail@ergro.ru,https://www.1c-bitrix.ru/upload/iblock/71c/66rmkwuv49tahkf113eer1tpqfs5myq6/Логотип.png,/partners/partner/1330300/,ru,2026-06-23T16:08:50+00:00
8689077,"Simple Look",https://simplelook.ru/,"+7 927 260 56 95",eupu@yandex.ru,https://www.1c-bitrix.ru/upload/iblock/df0/asl72wydaqdqok3llh4ge5ty5fk2p3vm/logo_SL.jpg,/partners/partner/8689077/,ru,2026-06-23T16:08:52+00:00
15467786,"General iT",https://g-i-t.ru/,"+7 (499) 404-00-53",general-i-t@yandex.ru,"https://www.1c-bitrix.ru/upload/iblock/256/zku75fbawr5crktee9pon8untpw4zrwb/Frame 75.png",/partners/partner/15467786/,ru,2026-06-23T16:08:54+00:00
23155768,СинФло,https://synergyflow.ru,"+7 993 748-38-85",info@synergyflow.ru,"https://www.1c-bitrix.ru/upload/iblock/3d4/ulrzgn3nbjxtkci0swvb4bidz18xz808/ChatGPT Image 16 февр. 2026 г., 14_32_47.png",/partners/partner/23155768/,ru,2026-06-23T16:08:57+00:00
6391677,АдминОнлайн,https://adminonline.bitrix24site.ru,+79033140012,B24.amocrm@ya.ru,"https://www.1c-bitrix.ru/upload/iblock/eb7/4p1k60n1u136h3tmz2daqn2o0em7esff/логотип для сайта Б24.jpg",/partners/partner/6391677/,ru,2026-06-23T16:08:59+00:00
13623480,LIFORIN,https://liforin.ru,+79156148645,Liforin@yandex.ru,"https://www.1c-bitrix.ru/upload/iblock/843/luc3vy930j5qsfs9kaqi3ofrfvl9yy85/photo_2022-01-09_19-03-46 (3).png",/partners/partner/13623480/,ru,2026-06-23T16:09:01+00:00
9131191,"Global Web",https://globalweb.pro/?utm_source=bitrix24,"+7 (343) 300-97-99",info@globalweb.pro,https://www.1c-bitrix.ru/upload/iblock/e7e/Logo_GlobalWeb.png,/partners/partner/9131191/,ru,2026-06-23T16:09:04+00:00
13096428,44labs.ru,https://44labs.ru,+79112400996,s44video@yandex.ru,"https://www.1c-bitrix.ru/upload/iblock/139/c2skpbm73hzd7non8sij3zdceed3cyiq/44 labs_тень_RGB_PNG (2).png",/partners/partner/13096428/,ru,2026-06-23T16:09:06+00:00
15966256,NitroCRM,https://nitrocrm.ru,+74951804275,welcome@nitrocrm.ru,https://www.1c-bitrix.ru/upload/iblock/935/ftl4ppqr2deoy94rqb26ezkgdqs18w96/NitroCRM-logos.png,/partners/partner/15966256/,ru,2026-06-23T16:09:08+00:00
15643170,HRExperts,https://hr-solution.ru/,+7(345)228-33-71,dk@hrexperts.ru,"https://www.1c-bitrix.ru/upload/iblock/e45/ho0rxe0rshapha57bdb5w94l3g8qkmiv/Для битрикс.jpg",/partners/partner/15643170/,ru,2026-06-23T16:09:11+00:00
17323410,"ПиК Эффективности",https://пикэффективности.рф/,+79171387057,Valery.Kopytin.TOG@yandex.ru,"https://www.1c-bitrix.ru/upload/iblock/dbd/jahq7q62kjrf8fnb6fzgatouvyz05048/ПИК эффективности_чёрный.jpg",/partners/partner/17323410/,ru,2026-06-23T16:09:13+00:00
27096418,"Sander Business Systems",http://sander-systems.pro,"+7 (938) 414-33-55",info@sander-systems.pro,https://www.1c-bitrix.ru/upload/iblock/ae6/drk21hjdcycsgbrng0y1sphgn1mji2xh/sbs_partner_175x135_light.png,/partners/partner/27096418/,ru,2026-06-23T16:09:18+00:00
9013861,"Ledoffsky Аgency",https://ledoffsky.agency,89042623459,sales@ledoffsky.agency,"https://www.1c-bitrix.ru/upload/iblock/729/8jhrorq70pjj1mt1c7zr0s6mgkefee7p/Ledoffsky-agency 1.png",/partners/partner/9013861/,ru,2026-06-23T16:09:20+00:00
21890930,ЭНДПОИНТ,https://end-point.ru/,8(8412)25-22-15,endpoint@gkyw.ru,"https://www.1c-bitrix.ru/upload/iblock/f68/lvv9gbd0b0fk6rg25y89llpn3c5y0maj/LOGO_EndPoint ().png",/partners/partner/21890930/,ru,2026-06-23T16:09:23+00:00
27494316,"Kuznetsov Systems",https://kuznetsovcrm.ru,89002610333,kuznetsov.systems@yandex.ru,https://www.1c-bitrix.ru/upload/iblock/128/hpacn0tmqsc7q6398gpth1x1q3yjb660/KS2.jpg,/partners/partner/27494316/,ru,2026-06-23T16:09:25+00:00
9596305,"Полубинский & Партнеры",https://polubinsky.ru/,"+7 (936) 313-01-36",info@polubinsky.ru,"https://www.1c-bitrix.ru/upload/iblock/7fc/7s01ipfyco99cmb8gcceh49rd9fwpz55/Logo 5.jpg",/partners/partner/9596305/,ru,2026-06-23T16:09:27+00:00
12780778,"Налоговый консультант",https://buh-nk.com/,83433825768,vvya@buh-nk.com,https://www.1c-bitrix.ru/upload/iblock/80f/logo_ZZRy1tvt.png,/partners/partner/12780778/,ru,2026-06-23T16:09:30+00:00
15785984,"Копылов Дмитрий",https://kopylovdv.ru,+79127210699,support@kopylovdv.ru,https://www.1c-bitrix.ru/upload/iblock/9d9/6gqaahhviz52xhbk47mnboizcq55tem8/1CDEV_logo_175x135.png,/partners/partner/15785984/,ru,2026-06-23T16:09:32+00:00
16954354,Бухгалтерия-Сервис,https://buh-piter.ru/,+78122453828,info@buh-piter.ru,"https://www.1c-bitrix.ru/upload/iblock/8fa/sacsk8dzut3q2ulw7qw719pbquxtbpyz/logo rgb png.png",/partners/partner/16954354/,ru,2026-06-23T16:09:35+00:00
27117846,DIAgency,https://diagency.tech,79994543538,astrakaname@gmail.com,https://www.1c-bitrix.ru/upload/iblock/c0f/6c7h2udt5xv1mtrvbq29mawrtsmctsxo/Лого_мелкий_red.png,/partners/partner/27117846/,ru,2026-06-23T16:09:37+00:00
8742065,PRYMERY,https://prymery.com,"+7 499 21 31 003",info@prymery.com,https://www.1c-bitrix.ru/upload/iblock/708/2f5/logo.png,/partners/partner/8742065/,ru,2026-06-23T16:09:39+00:00
14577914,ЛАИР,https://lair.bitrix24site.ru/,+79000471333,support@lair.company,"https://www.1c-bitrix.ru/upload/iblock/98c/cuin97823mge4yoq80bm43kgsx6j4er5/Логотип PNG.png",/partners/partner/14577914/,ru,2026-06-23T16:09:42+00:00
16911682,"Умный Гараж",https://umgar.ru,"+7 (3952) 35-36-80",cio@umgar.ru,https://www.1c-bitrix.ru/upload/iblock/dd1/yh2jr69n0c4r5lalhjojtixfbojn4hrn/2023-06-06_16-04-55.png,/partners/partner/16911682/,ru,2026-06-23T16:09:44+00:00
25075804,Result,https://crmresult.ru/,"+7 952 196-37-93",sm@crmresult.ru,"https://www.1c-bitrix.ru/upload/iblock/e7f/2pzazg74n3g2pp1plmzliol0n57xuba0/Frame 5 150 на 75.png",/partners/partner/25075804/,ru,2026-06-23T16:09:49+00:00
24709228,"Капитан Soft",https://kapitansoft.ru,+79151011932,kapitansoft@mail.ru,https://www.1c-bitrix.ru/upload/iblock/fb9/wtgzkfepj73m7hkzodx10b4k1vy6szzo/logo.png,/partners/partner/24709228/,ru,2026-06-23T16:09:51+00:00
972953,Softway,https://softway.ru,"(495) 987-10-50",info@softway.ru,https://www.1c-bitrix.ru/upload/iblock/74f/90tvw26we5zwjt8vvqdx0ug18tlvn8cg/sw_378x110_sign_type.png,/partners/partner/972953/,ru,2026-06-23T16:09:53+00:00
4286755,BUSSOL,https://bussolweb.ru/,"+7 (953) 271 62 24",bussolweb@yandex.ru,"https://www.1c-bitrix.ru/upload/iblock/fca/xd1q7zyj5gmpiutcxrdegvwt0vmbt0l9/буссол для битрикс24.png",/partners/partner/4286755/,ru,2026-06-23T16:09:56+00:00
14888340,"ИТ Решения",https://chaincrm.bitrix24.site/,+79244086955,churilov.evgeniy.86@gmail.com,https://www.1c-bitrix.ru/upload/iblock/88d/p1whb6tgp0ksd1l88z72rz108j0syb9p/LOGO-mini.png,/partners/partner/14888340/,ru,2026-06-23T16:09:58+00:00
15128592,Crontab,https://cron-tab.ru,"+7 985 113-28-28",hello@cron-tab.ru,https://www.1c-bitrix.ru/upload/iblock/847/iw3ypxcb1892rx114ldcm42r1dojhtp1/logo.svg.png,/partners/partner/15128592/,ru,2026-06-23T16:10:00+00:00
17788052,iNTEGRA,https://integra.bitrix24site.ru/,+79630586988,integra-iq@ya.ru,"https://www.1c-bitrix.ru/upload/iblock/7bf/z8q0lduiqhv0pseilh0h1w1fmui0xge4/интегра лого.png",/partners/partner/17788052/,ru,2026-06-23T16:10:02+00:00
22739398,Инокси,https://inoxi.ru,+79532848792,p.potenihin@yandex.ru,https://www.1c-bitrix.ru/upload/iblock/562/k8fgjpbcw89v818jdg4gj4fymp1g3ahx/logo_inoxi.png,/partners/partner/22739398/,ru,2026-06-23T16:10:05+00:00
4397171,"Sellmore Consulting",https://sellmore-consulting.ru,+78124256572,info@sellmore-agency.ru,"https://www.1c-bitrix.ru/upload/iblock/c2a/30d16ri26hdfwn5r3e2p42ayjom4cftl/Sell More logo small.png",/partners/partner/4397171/,ru,2026-06-23T16:10:07+00:00
6018561,"Realty Solutions",https://rlsl.ru/,"7 (499) 938-49-44",rs@rlsl.ru,"https://www.1c-bitrix.ru/upload/iblock/c4a/xm3514gy3airf0m7c1uz5sa8bdoau4ya/RS Logo small.png",/partners/partner/6018561/,ru,2026-06-23T16:10:09+00:00
16734916,Бизнес-Арифметика,https://bizari.ru/,+79217221907,poyarkov@bizari.ru,https://www.1c-bitrix.ru/upload/iblock/45f/yg20lh34jsy6r7azfo2ep0vakum1x0nu/logo.png,/partners/partner/16734916/,ru,2026-06-23T16:10:12+00:00
17488772,САБ,https://sab.expert/,89020613900,sab.expert2803@gmail.com,https://www.1c-bitrix.ru/upload/iblock/922/ew3fvlmmvoxs7bn5pz8qsffivx7zr0vz/sab-logo.png,/partners/partner/17488772/,ru,2026-06-23T16:10:14+00:00
6668909,Atille,https://atille.ru,+79969235544,s.melnik@atille.ru,https://www.1c-bitrix.ru/upload/iblock/5ad/3b2fz7wj1zt2uilowx1xlf00zf3sn023/snimok_ekrana_2024_06_27_v_02_00_22_1x.png,/partners/partner/6668909/,ru,2026-06-23T16:10:20+00:00
10378948,IT-GO,https://itgogolev.ru/,+79529274415,itgogolev@yandex.ru,"https://www.1c-bitrix.ru/upload/iblock/29a/bph33fs4pk08tsup9llcpwed9xxnhdug/Group 3 — копия.jpg",/partners/partner/10378948/,ru,2026-06-23T16:10:22+00:00
17221496,graphit,https://graphit.one,+79873330095,vladislav@graphit.one,"https://www.1c-bitrix.ru/upload/iblock/6ac/50uefqrwvu221z2s5asg98daktvrau28/graphit (1).png",/partners/partner/17221496/,ru,2026-06-23T16:10:25+00:00
123289,CREATIVE,https://creative.bz,"8 800 51 19 404",make@creative.bz,"https://www.1c-bitrix.ru/upload/iblock/a8a/uuo9ghowm3j7252z7shvttba3m0su6sq/logo-С-creative-1color_white on blue_small-135.png",/partners/partner/123289/,ru,2026-06-23T16:10:27+00:00
1287238,Импульс-Маркетинг,https://impulsit.ru,+78342318811,info@impulsit.ru,https://www.1c-bitrix.ru/upload/iblock/065/eme9hsja1g7zr5wykwrmq2qvny07c4ot/LOGO-IM(gor).jpg,/partners/partner/1287238/,ru,2026-06-23T16:10:30+00:00
13417566,"Истина в маркетинге",https://xn----7sbbaolraesujh2biqj.xn--p1ai/,+79674316996,info@istinavm.ru,"https://www.1c-bitrix.ru/upload/iblock/b29/v26pq9i87khy366g42ld109umveobndk/истинавмаркетинге4 — копия11 — копия.jpg",/partners/partner/13417566/,ru,2026-06-23T16:10:33+00:00
1000478,ALGUS,https://algus.net,"+7 (3513) 29-87-04",mail@algus.net,"https://www.1c-bitrix.ru/upload/iblock/641/ldtz1d7c8vzifp3zsd6n3mhs3l07pvww/Лого на почту (1).png",/partners/partner/1000478/,ru,2026-06-23T16:10:35+00:00
9614799,"Бизнес Апгрейд",https://bizgrade.ru,+78432160612,it@bizgrade.ru,"https://www.1c-bitrix.ru/upload/iblock/c55/logo-b-u (1).png",/partners/partner/9614799/,ru,2026-06-23T16:10:38+00:00
10416266,Делобот,https://delobot.ru,+74951516174,clients@delo-bot.ru,https://www.1c-bitrix.ru/upload/iblock/b42/hkgvt6dhqaw0d2mkl3guthnkgsrqxexc/135_Logo_2.png,/partners/partner/10416266/,ru,2026-06-23T16:10:41+00:00
13729874,"24 ИТ Про",https://24itpro.bitrix24site.ru,"+7 (800) 101-06-01",24itpro@gmail.com,https://www.1c-bitrix.ru/upload/iblock/4e5/u1i7v1wivtgxmjjims09brloeun3js74/logo.png,/partners/partner/13729874/,ru,2026-06-23T16:10:43+00:00
16942612,Интегратор24,https://интегратор24.рф,+79339336202,9247050986@mail.ru,"https://www.1c-bitrix.ru/upload/iblock/610/g75px03b1455731i3jm6yi573ua47ndk/logo in24.png",/partners/partner/16942612/,ru,2026-06-23T16:10:45+00:00
850698,Адвебс,https://adwebs.ru/,"+7 (495) 777-39-36",order@adwebs.ru,https://www.1c-bitrix.ru/upload/iblock/f6d/v8q9ws1q1tqaevyuv2jg5oem2fsvz16c/logo-avatar-min.png,/partners/partner/850698/,ru,2026-06-23T16:10:48+00:00
10872828,"Бутик Автоматизации",https://vyb-consulting.ru/,+79047777109,vybornov-consulting@internet.ru,https://www.1c-bitrix.ru/upload/iblock/4dc/93uc343bbejzqpgnlf63t3gi6n7shy98/логотип.png,/partners/partner/10872828/,ru,2026-06-23T16:10:53+00:00
11999652,Индиго-ДМ,https://indigo-dm.ru/,+79888976501,info@indigo-dm.ru,https://www.1c-bitrix.ru/upload/iblock/e05/z6g32jnh0d40wb21lb8ek90ln4viuhl5/IDM_Logo.png,/partners/partner/11999652/,ru,2026-06-23T16:10:55+00:00
24062090,XVendeX,https://xvendex.ru/,89872636731,info@xvendex.ru,https://www.1c-bitrix.ru/upload/iblock/667/dag59onzbzehx1m55mlvkp2jii7m2880/logo_xvendex_175x135.png,/partners/partner/24062090/,ru,2026-06-23T16:10:57+00:00
9163667,"New Way",https://newway-studio.ru,"+7 (495) 127-06-33",info@newway.site,https://www.1c-bitrix.ru/upload/iblock/91d/a1y8iep4m9hl0hik6zyszw8c16dh0s67/logo_hires.png,/partners/partner/9163667/,ru,2026-06-23T16:11:00+00:00
16362966,"Формула развития",https://formula-r.bitrix24site.ru/,89175409639,jisaleks@gmail.com,https://www.1c-bitrix.ru/upload/iblock/f14/9x5l33x79vjojrsbo3x57wlz1uuox3lz/Screenshot_1.png,/partners/partner/16362966/,ru,2026-06-23T16:11:02+00:00
23286576,DataMetrics,https://data-metrics.ru/,+79963324016,info.datametrics@yandex.ru,https://www.1c-bitrix.ru/upload/iblock/554/ps9lsixc5vm54a8xwkeb99gr921jqbs0/photo_2025-04-08_19-09-51.jpg,/partners/partner/23286576/,ru,2026-06-23T16:11:05+00:00
259444,EMPIS,https://empis.ru,"+7 (495) 118-30-13",rvn@empis.ru,https://www.1c-bitrix.ru/upload/iblock/767/3d1/logo.jpg,/partners/partner/259444/,ru,2026-06-23T16:11:07+00:00
530283,DFAKTOR,https://dfaktor.ru,+78007758745,i@dfaktor.ru,https://www.1c-bitrix.ru/upload/iblock/0d0/logo1.png,/partners/partner/530283/,ru,2026-06-23T16:11:09+00:00
8929,ПРОФЛАЙН,https://b24.prof-line.ru/,"+7 495 543-76-78",sales@prof-line.ru,https://www.1c-bitrix.ru/upload/iblock/b70/7pr21j7xmfmmhv4kwaamzcxkvcn7usb3/logo_b24_1x.png,/partners/partner/8929/,ru,2026-06-23T16:11:12+00:00
237381,"АйТи Решения",https://www.aisol.ru,"(4942) 466-366",info@aisol.ru,https://www.1c-bitrix.ru/upload/iblock/2d7/logo190_88_jpg.jpg,/partners/partner/237381/,ru,2026-06-23T16:11:14+00:00
1599223,WbS,https://weblst.ru,89119930787,admin@weblst.ru,"https://www.1c-bitrix.ru/upload/iblock/042/xg5wko8j16a32e73qikd97by27kiuvh8/logo (1) 1.png",/partners/partner/1599223/,ru,2026-06-23T16:11:17+00:00
27737438,"Прайм Бит",https://prime-bit.ru/,+79000274087,prime-bit@mail.ru,"https://www.1c-bitrix.ru/upload/iblock/1d8/xzbcuilczo0dammm62a7yul0crez0yib/Белый логотип без фона (1).png",/partners/partner/27737438/,ru,2026-06-23T16:11:19+00:00
14741310,"B2B marketing",https://marketing-for-b2b.ru/,+79680125090,sudoplatov.mikhail@yandex.com,https://www.1c-bitrix.ru/upload/iblock/ffd/tjf2i392cm0m7vt4q68wt9db2h706saq/b2b.jpg,/partners/partner/14741310/,ru,2026-06-23T16:11:24+00:00
986030,Alt-TAIR,https://alt-tair.ru,"+7 928 847 74 12",u.v.o@mail.ru,https://www.1c-bitrix.ru/upload/iblock/4a9/zrqwgm306ct39x6po3n2rxakm68e81l8/Logo1.png,/partners/partner/986030/,ru,2026-06-23T16:11:27+00:00
1389037,"Black Cube",https://blackcube.ru,"+7 (812) 425-24-28",hello@blackcube.ru,https://www.1c-bitrix.ru/upload/iblock/61a/hwf4dz32g7t9sy3943ueun72vmic9akw/Blackcube512.png,/partners/partner/1389037/,ru,2026-06-23T16:11:29+00:00
10796104,DES,https://www.des-it.pro/,"+7 9126560888",dvs@des-it.pro,https://www.1c-bitrix.ru/upload/iblock/969/xl0sjn9yeel5pn8vqle148u0u3jgjl3h/des-end.png,/partners/partner/10796104/,ru,2026-06-23T16:11:31+00:00
15953316,orgBox,https://orgBox.net,+79649670128,eugene@slusar.ru,https://www.1c-bitrix.ru/upload/iblock/89d/2ymwgnyj3xv1yh4y3r5k5upb5ff0xmic/logo.png,/partners/partner/15953316/,ru,2026-06-23T16:11:34+00:00
23755518,"AR DigitaL",https://ardigita1.ru,+79954920455,Ar.digita1@yandex.ru,"https://www.1c-bitrix.ru/upload/iblock/2c6/acchy91mubrmistujxiw3jt24zrwz645/Digital (175 x 135 пикс.).png",/partners/partner/23755518/,ru,2026-06-23T16:11:36+00:00
27658874,"SIOT Tech",https://siot-tech.ru/,88007779642,service@siot-tech.ru,https://www.1c-bitrix.ru/upload/iblock/5b6/lc07pp16730oslqxyncztonrw4exmwpt/siot_1x.png,/partners/partner/27658874/,ru,2026-06-23T16:11:38+00:00
217596,Prominado,https://prominado.ru,"+7 (4852) 288-277",info@prominado.ru,https://www.1c-bitrix.ru/upload/iblock/243/8mwah8m3baxxr48j133ird1mwlhh0snx/Prominado-Full-Logo.png,/partners/partner/217596/,ru,2026-06-23T16:11:41+00:00
17880690,NelisDev,https://pb24.nelisdev.ru/,+79089015036,info@nelisdev.ru,https://www.1c-bitrix.ru/upload/iblock/4e0/g6u0v2cztimcgvrz1keektzichlhm0w0/b24logo_175.png,/partners/partner/17880690/,ru,2026-06-23T16:11:43+00:00
20730012,itbx.ru,https://itbx.ru,"+7 (988) 674-56-78",info@itbx.ru,https://www.1c-bitrix.ru/upload/iblock/31c/evggbkcqmn6hiqkqkzb2zq9n83c04246/logo.png,/partners/partner/20730012/,ru,2026-06-23T16:11:45+00:00
24374578,Сократ,https://sk18.ru,"+(3412) 22-24-85",sk18@sk18.ru,https://www.1c-bitrix.ru/upload/iblock/3d7/4eajw440c18pq5bj01gxq8l5fl4myfnv/Снимок1.jpg,/partners/partner/24374578/,ru,2026-06-23T16:11:48+00:00
6450571,"CRM LAND",https://crmland.ru,+7(495)532-28-53,zakaz@crmland.ru,"https://www.1c-bitrix.ru/upload/iblock/1dd/для Б24.png",/partners/partner/6450571/,ru,2026-06-23T16:11:50+00:00
8350759,"Правильные кассы",https://kkmz.ru,8-800-101-08-25,info@kkmz.ru,https://www.1c-bitrix.ru/upload/iblock/ab5/2019-10-31_18-01-02.png,/partners/partner/8350759/,ru,2026-06-23T16:11:55+00:00
8759533,SV84,https://www.sv84.ru/,+79639619810,sv84ru@gmail.com,https://www.1c-bitrix.ru/upload/iblock/5e7/e69/logo.png,/partners/partner/8759533/,ru,2026-06-23T16:11:57+00:00
12342298,INTEGRITY,https://ntegrity24.ru,+73432269004,v@integrity24.ru,"https://www.1c-bitrix.ru/upload/iblock/1e5/logo 135х135 пикселей.png",/partners/partner/12342298/,ru,2026-06-23T16:12:00+00:00
17521340,it-strong,https://itstrong.bitrix24site.ru/,+79002191990,shemenkovd@mail.ru,"https://www.1c-bitrix.ru/upload/iblock/089/dov3yuo9ui01tc6i2414st436ijmetl2/logo мини.png",/partners/partner/17521340/,ru,2026-06-23T16:12:02+00:00
27377218,"Smello Technology",https://smello.ru/,+79996009997,sales@smello.ru,"https://www.1c-bitrix.ru/upload/iblock/764/7mnkpy562mh8if96fn7vxscrcvhilh0h/Ресурс 6.png",/partners/partner/27377218/,ru,2026-06-23T16:12:04+00:00
1125890,"Krogrim Digital Group",https://krogrim.ru/,"+7 (980) 018-77-40",info@krogrim.ru,https://www.1c-bitrix.ru/upload/iblock/58f/fzhcbxvydbf74wsuil71tvabqc8z8644/krogrim_logo.png,/partners/partner/1125890/,ru,2026-06-23T16:12:07+00:00
10481342,Триас,https://trias-production.ru/,"8 (495) 215-19-84",info@trias-production.ru,https://www.1c-bitrix.ru/upload/iblock/d19/6j9hs1oa9v84iwr2buvwygs8avbma0jc/175.png,/partners/partner/10481342/,ru,2026-06-23T16:12:09+00:00
12836935,MegaBPM,https://megabpm.ru,"+7 (987) 313-02-02",info@megabpm.ru,"https://www.1c-bitrix.ru/upload/iblock/25f/huo4g0modovmfeqjom6ueygruzsfgvl1/Frame 51.png",/partners/partner/12836935/,ru,2026-06-23T16:12:12+00:00
21537840,"System Labs",https://system-labs.ru/,"+7 (922) 794-08-02",info@system-labs.ru,"https://www.1c-bitrix.ru/upload/iblock/143/ud3g3pzwynveujbeavhbz70g5y29w18y/Logo mini.png",/partners/partner/21537840/,ru,2026-06-23T16:12:14+00:00
25944022,"СВ Групп",https://svg72.bitrix24site.ru,"+7 (3452) 38-14-99",info@svg72.ru,https://www.1c-bitrix.ru/upload/iblock/a8a/gbffq445of89pp8lzn5smy4o32t72ljv/logonew2_1x.png,/partners/partner/25944022/,ru,2026-06-23T16:12:16+00:00
1951285,MatrixN,https://matrix-n.ru,+7-383-3750862,info@matrix-n.ru,"https://www.1c-bitrix.ru/upload/iblock/872/Лого квадрат.jpg",/partners/partner/1951285/,ru,2026-06-23T16:12:19+00:00
11079290,Beyond,https://beyond.net.ru,"+7 495 118-21-41",hi@beyond.net.ru,https://www.1c-bitrix.ru/upload/iblock/dbf/logo-beyond-2020.png,/partners/partner/11079290/,ru,2026-06-23T16:12:21+00:00
11259616,Digials,https://digials.ru,"+7 (969) 777-50-90",mail@digials.ru,"https://www.1c-bitrix.ru/upload/iblock/417/Digials_черный_фон 175x135.jpg",/partners/partner/11259616/,ru,2026-06-23T16:12:26+00:00
12285616,ONRISE,https://onrise.xyz/ru/,+79952660966,hello@onrise.xyz,https://www.1c-bitrix.ru/upload/iblock/755/q3zoe18zwzm2a5wmo3irsjvykrkfx5h5/onrise-for-1c-bitrix.png,/partners/partner/12285616/,ru,2026-06-23T16:12:28+00:00
24109034,"IT Прагма",https://promo.it-pragma.ru/,"+7 (925) 224-7222",bitrix@itpragma.ru,"https://www.1c-bitrix.ru/upload/iblock/eb3/u09lj1ik3ysz11cot89g30n9r449a1t3/Лого на белом.jpg",/partners/partner/24109034/,ru,2026-06-23T16:12:31+00:00
391181,WRP,https://wrp.ru/,"+7 (495) 230-20-53",info@wrp.ru,https://www.1c-bitrix.ru/upload/iblock/12a/ng3ogot6xe4142xa5894lbice9peiytt/logo_bus.png,/partners/partner/391181/,ru,2026-06-23T16:12:33+00:00
23128690,"I Like IT",https://ilikeit-group.ru/,"+7 (495) 540-47-67",v.mekh@ilkit.ru,"https://www.1c-bitrix.ru/upload/iblock/62d/kwzix0wzsmmscyqjskeo5fi6ceif5lja/logo под битрикс.png",/partners/partner/23128690/,ru,2026-06-23T16:12:35+00:00
717906,WebIndigo,https://webindigo.ru,+79250102332,a.kevkhiev@webindigo.ru,https://www.1c-bitrix.ru/upload/iblock/58a/logo22.png,/partners/partner/717906/,ru,2026-06-23T16:12:38+00:00
9679707,TwoIntegra,http://twointegra.ru/,+79678792236,twointegra@gmail.com,https://www.1c-bitrix.ru/upload/iblock/cb3/ogk334rfr2dsc4glcypskp1od9x026nh/logo_0Ja1FU0i.png,/partners/partner/9679707/,ru,2026-06-23T16:12:40+00:00
20105526,deVeles,https://develes.bitrix24site.ru/,+73432269600,info@develes.ru,"https://www.1c-bitrix.ru/upload/iblock/13d/03ny5w20hn9nibamrzzifv7pkffx6l6b/Screenshot_3 (1).jpg",/partners/partner/20105526/,ru,2026-06-23T16:12:43+00:00
25476960,КРОНА,https://b24-5ucq3b.bitrix24site.ru/,+79104061680,ip_krez@mail.ru,"https://www.1c-bitrix.ru/upload/iblock/2fa/zih5516ek029ee6zvgmfnv4h7xewb4cw/Крона лого 2.png",/partners/partner/25476960/,ru,2026-06-23T16:12:45+00:00
16423242,BX365,https://bx365.ru/,"+7 (951) 203-57-01",support@bx365.ru,https://www.1c-bitrix.ru/upload/iblock/178/q4vtiqeahdcrfxvgs2g2fbl1g43you85/bx365.png,/partners/partner/16423242/,ru,2026-06-23T16:12:47+00:00
23131272,Prof-IT,https://prof-it.art/,+79937333534,info@prof-it.art,https://www.1c-bitrix.ru/upload/iblock/ff1/vmj1f67izjfvkc1y3we7bxn0j5wx7t6l/resized_avatar_135x135.png,/partners/partner/23131272/,ru,2026-06-23T16:12:50+00:00
15340952,"UNCLE DIGITAL",https://uncle.digital/,"+7 (345) 256-45-77",my@uncle.digital,https://www.1c-bitrix.ru/upload/iblock/c74/56ym8lsetfntyoqg49dd4jprfba58ihw/light.png,/partners/partner/15340952/,ru,2026-06-23T16:12:52+00:00
15758782,"MinMax Media",http://minmaxmedia.ru/,+79319686618,info@minmaxmedia.ru,https://www.1c-bitrix.ru/upload/iblock/7fb/wa7aogabe4l22x3sha4uqjosvg24sw44/МММ.jpg,/partners/partner/15758782/,ru,2026-06-23T16:12:57+00:00
164292,ЮниВеб,https://uniofweb.ru,"8 (4872) 71-14-12",info@uniofweb.ru,https://www.1c-bitrix.ru/upload/iblock/7f6/t3oioti7dhtbceqtiqznhwhd5sqw32xo/150x68.jpg,/partners/partner/164292/,ru,2026-06-23T16:12:59+00:00
887479,Бисквит,https://bskvt.ru,"+7 (383) 291-51-53",privet@bskvt.ru,https://www.1c-bitrix.ru/upload/iblock/bef/xmtthh8y1bahgmnd366hv2ir8txtisnb/logo-175-60.png,/partners/partner/887479/,ru,2026-06-23T16:13:02+00:00
18345796,ITM,https://itm.bitrix24site.ru/,"+7 (812) 214-22-02",itm-bit@yandex.ru,https://www.1c-bitrix.ru/upload/iblock/f67/w26qq0bs9pjowsmkkv50z6qhrm6m07cv/222222.png,/partners/partner/18345796/,ru,2026-06-23T16:13:04+00:00
24149868,Skillwood,https://skillwood.academy/,"+7 (861) 213-97-07",info@skillwood.academy,"https://www.1c-bitrix.ru/upload/iblock/e63/brm7b2hja864pym2cskr88ip0dnxkype/WhatsApp Image 2025-01-28 at 09.58.35.jpeg",/partners/partner/24149868/,ru,2026-06-23T16:13:06+00:00
1127463,GuruLabs,https://gurulabs.ru,"8 (499) 677-56-53",info@gurulabs.ru,https://www.1c-bitrix.ru/upload/iblock/e22/Logo_403x80.png,/partners/partner/1127463/,ru,2026-06-23T16:13:09+00:00
10729323,"Буренко PRO",https://burenko-pro.ru,+79780326050,yul.burenko@gmail.com,https://www.1c-bitrix.ru/upload/iblock/cfa/лого2.jpg,/partners/partner/10729323/,ru,2026-06-23T16:13:11+00:00
13754758,"Навигатор СРМ",https://навигатор-срм.рф,+79257752294,76543210@mail.ru,https://www.1c-bitrix.ru/upload/iblock/25f/6m00xzs8k0dpmi4juuzw96wuvh8fkuzn/компас.jpg,/partners/partner/13754758/,ru,2026-06-23T16:13:13+00:00
66837,Система+,https://anapab24.bitrix24.site/,+79184313521,1с@anapa1c.ru,"https://www.1c-bitrix.ru/upload/iblock/f86/Лого сайт.png",/partners/partner/66837/,ru,2026-06-23T16:13:16+00:00
7775471,НАВИГАТОР,https://www.naviservice24.ru,"+7 (499) 577 04 16",info@nvg247.ru,https://www.1c-bitrix.ru/upload/iblock/b02/Лого_НС_цветной_основной_PNG_175.png,/partners/partner/7775471/,ru,2026-06-23T16:13:18+00:00
17857356,Софтброкер-НН,https://softbroker-nn.ru/,+7(831)429-00-30,dir@softbroker-nn.ru,https://www.1c-bitrix.ru/upload/iblock/f3f/6kh7jyxh4a6x3n3a4xxzq1p85omtxif7/imgonline-com-ua-Resize-aXLws1zikkGOt.jpg,/partners/partner/17857356/,ru,2026-06-23T16:13:20+00:00
2025329,"Быстрый хостинг Джихост",https://jehost.ru,"+7 (812) 237-34-77",support@jehost.ru,https://www.1c-bitrix.ru/upload/iblock/811/rwh07asqdmzvzvy4t5ums5q72lvrnn35/logo_bitrix.png,/partners/partner/2025329/,ru,2026-06-23T16:13:23+00:00
16842066,"Дакс Групп",https://daxgroup.ru/,"8 4012 999-101",sale@daxgroup.ru,https://www.1c-bitrix.ru/upload/iblock/dcb/anzfjvqsi4ri8i705f4yy64r0i1s9plz/dax_logo_l.png,/partners/partner/16842066/,ru,2026-06-23T16:13:28+00:00
8881011,Re:activno,https://re-activno.ru/,+7841246-14-15,info@re-activno.ru,"https://www.1c-bitrix.ru/upload/iblock/f78/obn0nx60hzuzpwe8k3ci4dbyd7u18ged/Logo_type 1-1.png",/partners/partner/8881011/,ru,2026-06-23T16:13:30+00:00
12451872,Digital4Biz,https://digital4biz.ru/,"+7 (913) 933-45-44",team@digital4biz.ru,https://www.1c-bitrix.ru/upload/iblock/b8d/3grdrvrh0ydvoam1wzciredrlk8403a8/logo_b24.png,/partners/partner/12451872/,ru,2026-06-23T16:13:32+00:00
12713228,"ARS CREATIVE",https://ars-creative.ru/,"+7 (343) 226-41-43",ar@ars-creative.ru,https://www.1c-bitrix.ru/upload/iblock/b53/ars.jpg,/partners/partner/12713228/,ru,2026-06-23T16:13:35+00:00
12257504,Kamensky-lab,https://kamensky-lab.ru,"+7 (909) 653-15-21",info@kamensky-lab.ru,https://www.1c-bitrix.ru/upload/iblock/0f2/0lmtc2p5j4gr9riqstpqz9fk8lbchlis/Kamensky-lab_logo_horizont_bitrix.png,/partners/partner/12257504/,ru,2026-06-23T16:13:37+00:00
21129334,"Global Trends",https://g-trends.ru/,+79114191840,mad.18@yandex.ru,https://www.1c-bitrix.ru/upload/iblock/e41/ykn2l27553wwdhoctrcgisdjxvjnkjp5/GTrends_бф.jpg,/partners/partner/21129334/,ru,2026-06-23T16:13:39+00:00
21983440,Omnybox,https://omnybox.ru,89250371427,hello@omnybox.ru,"https://www.1c-bitrix.ru/upload/iblock/631/n39niakhlrtpjkg3706c871he3ruiuio/Без заголовка.png",/partners/partner/21983440/,ru,2026-06-23T16:13:42+00:00
3242,"Cetera Labs",https://www.cetera.ru,"+7 (499) 404-10-05",welcome@cetera.ru,https://www.1c-bitrix.ru/upload/iblock/98d/cetera-logo-300.png,/partners/partner/3242/,ru,2026-06-23T16:13:44+00:00
17063690,GoodOffer,https://go-crm24.ru/,+79646355177,crm@goodoffer.club,"https://www.1c-bitrix.ru/upload/iblock/eb3/g6ak3tlopqoovq4l9kkr8tgloqvwjpit/Сокращенный логотип.jpg",/partners/partner/17063690/,ru,2026-06-23T16:13:47+00:00
17294430,ТендерВест,https://tender-vest.ru/,89065888148,info@tender-vest.ru,"https://www.1c-bitrix.ru/upload/iblock/2d3/mhrbbflagocagutqgki949x1is5od16o/Лого ТендерВест полный 180_60(2)(1).png",/partners/partner/17294430/,ru,2026-06-23T16:13:49+00:00
302481,"One Touch",https://one-touch.ru,"+7 (499) 577-00-64",one@one-touch.ru,https://www.1c-bitrix.ru/upload/iblock/6bf/6mwr7ef5ibe8ot8hocb6b4yqpgkf9zqm/logotype.jpg,/partners/partner/302481/,ru,2026-06-23T16:13:51+00:00
15529302,HorizonCRM,https://horizoncrm.ru/,89202651642,sales@horizoncrm.ru,https://www.1c-bitrix.ru/upload/iblock/4d2/hk4rv5j784sbxexbqkkuegm8jml5zfrl/logo.jpg,/partners/partner/15529302/,ru,2026-06-23T16:13:54+00:00
18429116,CloudCRM,https://внедрение24.рф/,"+7 9785791245",korolev.analyst@ya.ru,https://www.1c-bitrix.ru/upload/iblock/653/esmt02teukgnb6an5e07pmcr5v7rq8jy/imgonline-com-ua-Resize-hO3LnJEAnq.png,/partners/partner/18429116/,ru,2026-06-23T16:13:59+00:00
7674633,Дивейд,https://devade.ru,+79203330849,info@devade.ru,https://www.1c-bitrix.ru/upload/iblock/393/zyevqpcj0ivkzmw9rftboxfpbokd157u/devade_logo.svg,/partners/partner/7674633/,ru,2026-06-23T16:14:01+00:00
16172952,KEYNEX,https://keynex.ru,89236080366,info@keynex.ru,"https://www.1c-bitrix.ru/upload/iblock/2f7/hty8ms06d41znt80bwas36gz30y5cirz/image (19).png",/partners/partner/16172952/,ru,2026-06-23T16:14:03+00:00
16521104,CRM-INTEGRATOR,https://crm-integrator.bitrix24site.ru/,+79021730640,crmintegrator38@gmail.com,https://www.1c-bitrix.ru/upload/iblock/516/wobnemju7dmvdsmlegoufdpk62sz2j75/Логотип.png,/partners/partner/16521104/,ru,2026-06-23T16:14:06+00:00
22091786,"The Knights",https://theknights.ru,+79843333275,hello@theknights.ru,https://www.1c-bitrix.ru/upload/iblock/e6e/dfl746yw1yuwcjzqi6aihkmjoa8yt2vt/the_knights_logo_light_rs.png,/partners/partner/22091786/,ru,2026-06-23T16:14:08+00:00
569161,Baitex,https://baitex.ru,"+7 (495) 414-35-25",mail@baitex.ru,https://www.1c-bitrix.ru/upload/iblock/4fb/931tnjpjcbzfduhmbsu60fmgu15d7v4l/123.png,/partners/partner/569161/,ru,2026-06-23T16:14:11+00:00
7530063,ITM,https://itm24.ru,"+7 (495) 150-64-03",info@itm24.ru,"https://www.1c-bitrix.ru/upload/iblock/846/Лого ITM.png",/partners/partner/7530063/,ru,2026-06-23T16:14:13+00:00
11944196,"Диджитал Эверест",https://digital-everest.ru,84712220669,info@digital-everest.ru,"https://www.1c-bitrix.ru/upload/iblock/717/Лого качество 175-91.png",/partners/partner/11944196/,ru,2026-06-23T16:14:16+00:00
24145786,Aventra,https://aventra.ru/,+79954471575,info@aventra.ru,"https://www.1c-bitrix.ru/upload/iblock/d94/i0g0pq4z8h7y4csvn9q7q2renkeba4bd/Frame 314.png",/partners/partner/24145786/,ru,2026-06-23T16:14:18+00:00
15954722,"Московский Институт продаж",https://www.mip.pw,+7(916)554-77-00,info@mip.pw,"https://www.1c-bitrix.ru/upload/iblock/27a/esssskpeh14waih11g901faybg8b1dmx/Логотип МИП (2).jpg",/partners/partner/15954722/,ru,2026-06-23T16:14:21+00:00
18440576,AG-Group.tech,https://ag-techoweb.ru,"+7 905 036 8836",info@ag-group.tech,"https://www.1c-bitrix.ru/upload/iblock/81a/jjb7juo8aoefmxxiwifxw8fq90diuw1t/Valeri_logo_for_a_young_it_company_with_the_letters_AG_8eb76420-7b69-4f48-b793-77d0a53ecb42 1.png",/partners/partner/18440576/,ru,2026-06-23T16:14:24+00:00
144957,G-tech.pro,https://g-tech.pro/,"+7 999 876-7551",zakaz@g-tech.pro,https://www.1c-bitrix.ru/upload/iblock/832/400х400(fB).png,/partners/partner/144957/,ru,2026-06-23T16:14:26+00:00
11850080,АУДИТОРИЯ,https://au-agency.ru,88462483588,info@au-agency.ru,"https://www.1c-bitrix.ru/upload/iblock/1ab/7i5qx8p3zt4pp08p7isth9bmb436fedn/Лого Фиолет.png",/partners/partner/11850080/,ru,2026-06-23T16:14:31+00:00
5652947,OSA-Digital,https://osa-digital.ru/,79603555737,info@osa-digital.ru,"https://www.1c-bitrix.ru/upload/iblock/dfd/cugyhog5sf33jpgsew4zots3ked2hmiz/Логотип OSA - 135x135.png",/partners/partner/5652947/,ru,2026-06-23T16:14:34+00:00
16898286,"СиЭс ИТ",https://csitltd.ru/,+7(812)3317880,info@csitltd.ru,https://www.1c-bitrix.ru/upload/iblock/c29/l8lcn2gzdsmke13sof4g9pyf2g3tw1m0/csit_logo_h.jpg,/partners/partner/16898286/,ru,2026-06-23T16:14:36+00:00
403092,"Георгий Фатнев",https://fatnev.ru,"+7 (8652) 211-007",fatnev@yandex.ru,https://www.1c-bitrix.ru/upload/iblock/e2e/xs3j0d7ucp8e9xuo276bc75rpv8c8gnx/ftlogo.jpg,/partners/partner/403092/,ru,2026-06-23T16:14:39+00:00
7267725,GoiNK,https://goink.bitrix24site.ru/bitrix24,+7996770820,goink.knyazeva@gmail.com,https://www.1c-bitrix.ru/upload/iblock/78c/y9u34mrit6wixicj671mb4humtk11kmz/GOiNK_logo_mini....png,/partners/partner/7267725/,ru,2026-06-23T16:14:41+00:00
19418858,"Системы Бизнеса",https://sistemy-biznesa.ru/,+79119997030,pavel.rein@mail.ru,https://www.1c-bitrix.ru/upload/iblock/619/32i6r7eaqigdzew8fu6l235ds0jdavz8/favicon-32x32.png,/partners/partner/19418858/,ru,2026-06-23T16:14:43+00:00
1386490,"PR Holding",https://prhol.ru,"+7 (8212) 72-19-15",info@prhol.ru,https://www.1c-bitrix.ru/upload/iblock/b4c/e93/logo.jpg,/partners/partner/1386490/,ru,2026-06-23T16:14:46+00:00
6476031,CasperSoft,https://caspersoft.ru/,+79385045556,i.glebov@caspersoft.ru,https://www.1c-bitrix.ru/upload/iblock/dcf/logo2.jpg,/partners/partner/6476031/,ru,2026-06-23T16:14:48+00:00
54789,Визард-с,https://wizard-c.ru/,"+7 (4822) 65-58-57 (многоканальный)",web@wizard-c.ru,https://www.1c-bitrix.ru/upload/iblock/c9e/Logo_web_175.png,/partners/partner/54789/,ru,2026-06-23T16:14:51+00:00
9140057,ITTEG,https://ittegcsi.ru/,+79184150415,info@ittegcsi.ru,"https://www.1c-bitrix.ru/upload/iblock/947/i1x5brv14xt2bcl7ky9gxlxh632lu04c/Frame 1.png",/partners/partner/9140057/,ru,2026-06-23T16:14:53+00:00
3222021,"Plan B Digital",https://plan-b.agency/,+7(495)256-39-29,info@pln-b.ru,"https://www.1c-bitrix.ru/upload/iblock/d69/ap8ss513qq71onk7qv5dxk06pzf8zqfx/Plan B logo black.png",/partners/partner/3222021/,ru,2026-06-23T16:14:56+00:00
7741325,"ООО Гетпрофит",https://getprofit.su,88005516080,info@getprofit.su,"https://www.1c-bitrix.ru/upload/iblock/77f/Лого на белом фоне А5 очень маленький.png",/partners/partner/7741325/,ru,2026-06-23T16:15:00+00:00
7011219,Флибустьер,https://fl-web.ru,+74991120906,seo@fl-web.ru,"https://www.1c-bitrix.ru/upload/iblock/645/l89lvc87tfw2ruuex3wpd4dvn4qqtowq/лого фл веб.png",/partners/partner/7011219/,ru,2026-06-23T16:15:03+00:00
10715554,"Сетевые технологии",https://www.ntechs.ru,"+7 (4852) 67-96-06",info@ntechs.ru,https://www.1c-bitrix.ru/upload/iblock/869/ntechs.png,/partners/partner/10715554/,ru,2026-06-23T16:15:05+00:00
13739304,Devset,https://devset.ru,88124673836,info@devset.ru,"https://www.1c-bitrix.ru/upload/iblock/d1b/ml8wg1t7oh87zup06u8kigeyms8vkmoq/512_logo_1x (2).png",/partners/partner/13739304/,ru,2026-06-23T16:15:08+00:00
15754934,"Бизнес Лаборатория",https://blab24.ru/,,info@blab24.ru,https://www.1c-bitrix.ru/upload/iblock/f61/e26n11qsbpblj1cm05n5t8wfnfyhny6k/LOGO_M3.png,/partners/partner/15754934/,ru,2026-06-23T16:15:10+00:00
15852970,Регион-Информ,https://innovador.pro/,+79173447817,andname@yandex.ru,https://www.1c-bitrix.ru/upload/iblock/007/yhhhr8ofeb20dlrddg7qfi14los3fmv1/RI_logo_forb24.png,/partners/partner/15852970/,ru,2026-06-23T16:15:12+00:00
44934,Битриксоид,https://b-id.ru,"+7 (383) 207-80-83",info@b-id.ru,https://www.1c-bitrix.ru/upload/iblock/186/looQudro.png,/partners/partner/44934/,ru,2026-06-23T16:15:15+00:00
1925997,Акатан,https://akatan.ru,"+7 (8172) 50-50-32",info@akatan.ru,https://www.1c-bitrix.ru/upload/iblock/7ce/акатан.jpg,/partners/partner/1925997/,ru,2026-06-23T16:15:17+00:00
2925049,EVA,https://9310802.ru,"+7 (921) 931 08 02",mail@9310802.ru,https://www.1c-bitrix.ru/upload/iblock/74a/ygjy3tdthl61djszrxiv8bl7zfd46l61/new-logo-eva-170.jpg,/partners/partner/2925049/,ru,2026-06-23T16:15:20+00:00
4625951,ЭФФИТЕК,https://effitech.ru/,+79127291333,mail@effitech.ru,https://www.1c-bitrix.ru/upload/iblock/a8e/jg8mlf8g9zeau30oh0lcohpho2d5pkmt/logo_effitech2.png,/partners/partner/4625951/,ru,2026-06-23T16:15:22+00:00
24071064,Лоттери,https://lotteri.tech/,+79312822982,development@lotteri.tech,https://www.1c-bitrix.ru/upload/iblock/134/fahmvcnjghjlog3ah52kylwxl05b2kyv/ыпц.png,/partners/partner/24071064/,ru,2026-06-23T16:15:25+00:00
10225546,"Евгений Золин",https://crm37.ru,89158319145,crm37@ya.ru,https://www.1c-bitrix.ru/upload/iblock/f25/Log42M.png,/partners/partner/10225546/,ru,2026-06-23T16:15:27+00:00
10446782,MW-I,https://mw-i.ru/ustanovka-bitriks-24-nastrojka-crm-programmist/,89009707027,hello@mw-i.ru,"https://www.1c-bitrix.ru/upload/iblock/39e/logo mwi b24.png",/partners/partner/10446782/,ru,2026-06-23T16:15:33+00:00
21087648,ОЛДИС,https://alldis.tech/,"+7 (800) 350-02-19",info@alldis.tech,https://www.1c-bitrix.ru/upload/iblock/3a3/1zyjf2etb7422rwmnt3x7okncfo07gd3/121212.png,/partners/partner/21087648/,ru,2026-06-23T16:15:35+00:00
23670804,Daym.digital,https://daymdigital.ru,89121377105,hello@daym.digital,"https://www.1c-bitrix.ru/upload/iblock/bde/0pc1dvc14kf54ekyerrd5jfzu2huyfal/Frame 163.png",/partners/partner/23670804/,ru,2026-06-23T16:15:38+00:00
7688755,Afforto,https://afforto.ru,+74957408073,info@afforto.ru,https://www.1c-bitrix.ru/upload/iblock/98c/x4gu6kdrgxb9ft1bvl8yelejvzbh1bu4/logosmm135px.jpg,/partners/partner/7688755/,ru,2026-06-23T16:15:40+00:00
21253868,"Nevsky Agency",https://nevskyagency.bitrix24site.ru,+79311090209,info@nevsky.agency,"https://www.1c-bitrix.ru/upload/iblock/929/f5wm9xehtmrrpptgf9uzfwgw39m8kpqd/Frame 23.png",/partners/partner/21253868/,ru,2026-06-23T16:15:42+00:00
419832,ЭЛСОФТ,https://Элсофт.рф,"(8412) 46-10-46",info@l-soft.ru,https://www.1c-bitrix.ru/upload/iblock/ba5/LogoLsoft170_90.png,/partners/partner/419832/,ru,2026-06-23T16:15:45+00:00
8376427,Bleaksoft,https://bleaksoft.ru,+79630408805,defender@bleaksoft.ru,https://www.1c-bitrix.ru/upload/iblock/a81/logo2.png,/partners/partner/8376427/,ru,2026-06-23T16:15:47+00:00
723029,"Группа компаний Дарконс",https://new.darcons.ru/,"+7(343) 226-97-91",info@darcons.ru,https://www.1c-bitrix.ru/upload/iblock/943/a3fyu0xxajywozpqus4vz7ivyejekbxz/logo.jpg,/partners/partner/723029/,ru,2026-06-23T16:15:49+00:00
17071868,"Каравозова Анна Юрьевна",https://каравозова.рф/,+79139210097,kanna_buh@mail.ru,https://www.1c-bitrix.ru/upload/iblock/6e3/bf4idchqbtgh2kyhim796olc2i4y7i1n/249b8312.png,/partners/partner/17071868/,ru,2026-06-23T16:15:52+00:00
24121634,FriendCRM,https://friendcrm.ru,"+7 916 508-89-20",friendcrm.ru@gmail.com,"https://www.1c-bitrix.ru/upload/iblock/340/fv8qgz1htm14sewu6qg741wh3tmf5077/Лого 300300.png",/partners/partner/24121634/,ru,2026-06-23T16:15:54+00:00
25001734,AxiomaIT,https://www.axiomait.pro,+79025347772,axiomait@mail.ru,https://www.1c-bitrix.ru/upload/iblock/f41/4e1nlnhtagi4av24i6rxdz1kpxlgj6r3/axiomait_logo_1x_175.png,/partners/partner/25001734/,ru,2026-06-23T16:16:00+00:00
14640302,Join,https://join-site.ru,"8 (812) 240-81-18",zakaz@join-site.ru,"https://www.1c-bitrix.ru/upload/iblock/eb7/th5r5sym0rpr9hib195bbbe3z4bbdrf1/Group 226-1.png",/partners/partner/14640302/,ru,2026-06-23T16:16:03+00:00
20906900,"Точка Цифровых Решений",https://dspoint.ru/,+79952155050,sale@dspoint.ru,https://www.1c-bitrix.ru/upload/iblock/614/bd80t9pg0rji240ihl81jjxv35f1wz0k/175.png,/partners/partner/20906900/,ru,2026-06-23T16:16:05+00:00
26109796,"Gear Geeks",https://geargeeks.bitrix24site.ru,"+7 938 799 46 54",gearr.geekss@gmail.com,https://www.1c-bitrix.ru/upload/iblock/562/d7yutrcn61umc0q29ag1co3qctgoky2v/gear_geeks_175x135_highres.png,/partners/partner/26109796/,ru,2026-06-23T16:16:07+00:00
9153427,"Константин Бабаев",https://n3bo.ru,"+7 (995) 388-08-00",work@n3bo.ru,https://www.1c-bitrix.ru/upload/iblock/12a/gn37uglop261i26joa5eat1es5qj97es/k_logo.png,/partners/partner/9153427/,ru,2026-06-23T16:16:10+00:00
15128144,ModulWeb,https://modulweb.ru,+79032940093,connect@modulweb.ru,https://www.1c-bitrix.ru/upload/iblock/969/kljy7xkvw22j27po2ap73vmsnpp041q7/МW-logo-175.png,/partners/partner/15128144/,ru,2026-06-23T16:16:12+00:00
24051114,Webdivizion,https://webdivizion.ru/,+79999007977,webdivizion@yandex.ru,https://www.1c-bitrix.ru/upload/iblock/17a/a8o8gji1mmxeym6czgn2ei9fxog4l2y2/Webdivizion_1.png,/partners/partner/24051114/,ru,2026-06-23T16:16:14+00:00
8376955,Digital-артель,https://digital-artel.ru/bitrix24/,+79101052337,help@digital-artel.ru,https://www.1c-bitrix.ru/upload/iblock/fe7/logo-175х105.png,/partners/partner/8376955/,ru,2026-06-23T16:16:17+00:00
12869922,leadmakers,https://leadmakers.ru/,+79994409283,info@leadmakers.ru,https://www.1c-bitrix.ru/upload/iblock/2c9/h01g53qmsieg6qm0p2rusg7f1v9sezgx/2024-09-20_11-06-39.png,/partners/partner/12869922/,ru,2026-06-23T16:16:20+00:00
3825,Mibok,https://www.mibok.ru/,"+7 (495) 240-82-20",info@mibok.ru,https://www.1c-bitrix.ru/upload/iblock/c72/mibok_logo.jpg,/partners/partner/3825/,ru,2026-06-23T16:16:22+00:00
1587613,"TW company",https://twcompany.ru/,88632567696,go@twcompany.ru,"https://www.1c-bitrix.ru/upload/iblock/bd3/ohais5rg3yg9q8xrjnomz30w40ffib5e/лого tw rgb.png",/partners/partner/1587613/,ru,2026-06-23T16:16:25+00:00
7144379,otchet96,https://otchet96.ru,89022791569,zolotoy1@list.ru,"https://www.1c-bitrix.ru/upload/iblock/bf5/q2s7c2hs10hp8i1bjnc7im43301su18x/Копия 2 (1).png",/partners/partner/7144379/,ru,2026-06-23T16:16:27+00:00
9527787,"ИТ Стратег",https://itstrategist.ru/,"+7 (8182) 457-497",info@itstrategist.ru,https://www.1c-bitrix.ru/upload/iblock/4e4/j7wuhp4egof22wojgwti7q7y5tck3cfy/logo_new_175.png,/partners/partner/9527787/,ru,2026-06-23T16:16:33+00:00
10725870,ПлюсПлюс,https://plusandplus.ru,"+7 (383) 234-90-96",info@plusandplus.ru,https://www.1c-bitrix.ru/upload/iblock/66b/k8epkc096dmw02jmr4t2r9pfl6otna61/лого_цвет.png,/partners/partner/10725870/,ru,2026-06-23T16:16:35+00:00
25831,МедиаНация,https://medianation.ru,"8 495 215 10 97",comeon@medianation.ru,https://www.1c-bitrix.ru/upload/iblock/f5c/MN_logo_Bitrix.png,/partners/partner/25831/,ru,2026-06-23T16:16:38+00:00
1542129,Бизинтегро,https://bizintegro.ru,+7(3822)33-00-81,mail@bizintegro.ru,"https://www.1c-bitrix.ru/upload/iblock/561/vpz97wtim1e6xf1ju3l1fgdiay4yymao/Дизайн без названия (1) (1).jpg",/partners/partner/1542129/,ru,2026-06-23T16:16:40+00:00
1561431,SEOpremier,https://seopm.ru,"+7 (499) 346-80-87",info@seopm.ru,https://www.1c-bitrix.ru/upload/iblock/bf9/bg69azcko30hc3a9y6px4mr8beztgbj8/logo.png,/partners/partner/1561431/,ru,2026-06-23T16:16:42+00:00
9318127,"Синдикат АйТи",https://syndicate-it.ru,88129940255,info@syndicate-it.ru,https://www.1c-bitrix.ru/upload/iblock/6a4/rxsuq0lb6tb5o9iadkfa0a1an7fgnyz9/logo-light.png,/partners/partner/9318127/,ru,2026-06-23T16:16:45+00:00
10936606,"Digital First",https://digital-first.ru,+79636514162,sales@digital-first.ru,"https://www.1c-bitrix.ru/upload/iblock/6e6/Digital First dark B24.png",/partners/partner/10936606/,ru,2026-06-23T16:16:47+00:00
16135904,SmartCRM24,https://smartcrm24.ru,"+7 909 930 3287",info@smartcrm24.ru,https://www.1c-bitrix.ru/upload/iblock/c91/lisrkajq7gspex0omokb7i69blcoau3q/SmartCRM24.jpg,/partners/partner/16135904/,ru,2026-06-23T16:16:49+00:00
23389962,Logman,https://logman.su/,,info@logman.su,https://www.1c-bitrix.ru/upload/iblock/81d/3l26es3wbv02gqklc0qpa2535kp2qxi6/logo_logman_175.png,/partners/partner/23389962/,ru,2026-06-23T16:16:52+00:00
866879,DIGIMATIX,https://digimatix.ru,"8 911 098-87-85",office@digimatix.ru,"https://www.1c-bitrix.ru/upload/iblock/992/Ресурс 1 (1).jpg",/partners/partner/866879/,ru,2026-06-23T16:16:54+00:00
13379106,Сервис-Б24,https://serviceb.ru,"8 (865) 259-41-09",support@sbitrix.ru,"https://www.1c-bitrix.ru/upload/iblock/8b1/5jpk2x6up0zypnh4uvxa3rqfdo1fr1ri/favicon_serviceb (1).png",/partners/partner/13379106/,ru,2026-06-23T16:16:57+00:00
13500772,T-AND,https://t-and.ru/,"+7 (995) 599-97-46",andkrasnikov90@yandex.ru,https://www.1c-bitrix.ru/upload/iblock/74f/c4mubgjljn02x2fsraiz1cv1ty26oe7j/логоjpg.jpg,/partners/partner/13500772/,ru,2026-06-23T16:16:59+00:00
15093232,PM-Digital,https://pm-digital.ru,"+7 (967) 099-5253",info@pm-digital.ru,https://www.1c-bitrix.ru/upload/iblock/4b9/lpsk07azy2d396itlrm50msljtljbpfa/pm-digital-logo.jpg,/partners/partner/15093232/,ru,2026-06-23T16:17:06+00:00
25623546,implecs,https://implecs.ru,,info@implecs.ru,"https://www.1c-bitrix.ru/upload/iblock/67a/xgwev15xymx8odezze0zsjv0ra01965s/Implecs logo.png",/partners/partner/25623546/,ru,2026-06-23T16:17:08+00:00
874661,"САЙТ ПРОГРАММИСТА 1C БИТРИКС",https://www.sng-it.ru,89045890604,info@sng-it.ru,https://www.1c-bitrix.ru/upload/iblock/da1/abxvyntiuwox546l843aiyk70213uoam/logo.png,/partners/partner/874661/,ru,2026-06-23T16:17:10+00:00
18370534,Hide,https://ws-hide.ru/,+79157563863,admin@ws-hide.ru,https://www.1c-bitrix.ru/upload/iblock/1ee/g9xlsaas8fu49015f56zi8ifzvdkc2he/logo_hide.png,/partners/partner/18370534/,ru,2026-06-23T16:17:13+00:00
27409388,"ГК Комплект",https://complect.bitrix24site.ru/,+79100072323,a.berezenceva@complect.org,"https://www.1c-bitrix.ru/upload/iblock/cef/45me1o0t8drobkwrem5cq8vixyu1s31g/_Ð¡Ð»Ð¾Ð¹_1 (3).png",/partners/partner/27409388/,ru,2026-06-23T16:17:15+00:00
378126,"Живая сеть",https://zhivayaset.ru,+79103709597,info@zhivayaset.ru,https://www.1c-bitrix.ru/upload/iblock/2ca/iy7rl2mwscmztadeo2yot0til2up4q2p/logo_GS_2.png,/partners/partner/378126/,ru,2026-06-23T16:17:17+00:00
5227321,Wecser,https://wecser.ru,+78482619431,info@wecser.ru,https://www.1c-bitrix.ru/upload/iblock/b24/9e4ebkvl9l4twdog95tcmjynze4u5h3l/logo.png,/partners/partner/5227321/,ru,2026-06-23T16:17:20+00:00
26134052,"Архитектор CRM",https://architectcrm.ru/,89110418390,architect@crmvn.ru,"https://www.1c-bitrix.ru/upload/iblock/547/y553ctkjkw9itibazn6t1bpukc20zm5s/Новый проект.png",/partners/partner/26134052/,ru,2026-06-23T16:17:22+00:00
14324010,ПОМОЩЬ66,https://help66.bitrix24.site/,+79221597754,oca66@bk.ru,https://www.1c-bitrix.ru/upload/iblock/747/y87zluy3zb84gd6kli0qnwfbt6jg9rsm/Логотип.jpg,/partners/partner/14324010/,ru,2026-06-23T16:17:25+00:00
219042,Morepages,https://morepages.ru,"(495) 506-97-55",info@morepages.ru,https://www.1c-bitrix.ru/upload/iblock/855/logo2.png,/partners/partner/219042/,ru,2026-06-23T16:17:27+00:00
451465,QUBE,https://qube.pro,"+7 (8332) 250-111",market@qube.pro,https://www.1c-bitrix.ru/upload/iblock/33f/logo.png,/partners/partner/451465/,ru,2026-06-23T16:17:29+00:00
4194337,Рубикон,https://b24.rubikon.pw/,,rubikon@im46.ru,"https://www.1c-bitrix.ru/upload/iblock/712/61zgr2xbu2oqemsmqib03pugytpevdz4/small logo 175.png",/partners/partner/4194337/,ru,2026-06-23T16:17:32+00:00
23898280,"PURE CONSULTING",https://pureconsulting.ru,+79508332640,partners@pureconsulting.ru,"https://www.1c-bitrix.ru/upload/iblock/784/smxvfo6cfnlx6ypfs10id2ges9mic6zs/PC small.png",/partners/partner/23898280/,ru,2026-06-23T16:17:37+00:00
710262,"Урал Бизнес Софт",https://ural-bs.com,"+7(343) 319-49-60",lds@ural-bs.com,https://www.1c-bitrix.ru/upload/iblock/02a/logo.jpg,/partners/partner/710262/,ru,2026-06-23T16:17:40+00:00
971445,oWeb-Solutions,https://www.oweb-solutions.ru/,+7(499)677-61-84,info@oweb-solutions.ru,https://www.1c-bitrix.ru/upload/iblock/8bc/9f4hrntjrvf35qrpyf66k2n70i21gr5v/изображение_2023-03-01_164510010.png,/partners/partner/971445/,ru,2026-06-23T16:17:42+00:00
15898490,"Вячеслав Круговых",https://разработка-сайтов42.рф/,79134351246,kemrsk@mail.ru,"https://www.1c-bitrix.ru/upload/iblock/b04/wkgihn7smfkv0lxxlkj3o1xhqtp464io/logo-studio-site 1.png",/partners/partner/15898490/,ru,2026-06-23T16:17:44+00:00
22702746,HelpDesk38,https://helpdesk38.ru/,"8 (3952) 20-20-60",sales@helpdesk38.ru,https://www.1c-bitrix.ru/upload/iblock/692/kdheh8zdqj46ksl5tgh2s17jqwkcmal7/bt24.png,/partners/partner/22702746/,ru,2026-06-23T16:17:47+00:00
445842,"Luxar Group",https://luxar.group/,"+7 (351) 777-19-12",info@luxar.group,https://www.1c-bitrix.ru/upload/iblock/4c6/4k2i061mhk1xhuqa53cbvlrb2korml6p/135х135.png,/partners/partner/445842/,ru,2026-06-23T16:17:50+00:00
11115282,АКИТ-центр,https://www.acit-c.ru/,"8(4822) 633-133",b24@acit-c.ru,https://www.1c-bitrix.ru/upload/iblock/89a/onvlqo2lr3ig8m0hemyqcf84fpmglk2c/ACIT_Logo_73x58.png,/partners/partner/11115282/,ru,2026-06-23T16:17:52+00:00
11430870,Aveds,https://aveds.ru/,"8(499) 841-80-70",info@aveds.ru,https://www.1c-bitrix.ru/upload/iblock/93e/5xstg4i7wy87i36oayk99j1fnx9i2nqv/AVEDS.png,/partners/partner/11430870/,ru,2026-06-23T16:17:54+00:00
19402558,ОФФЕР,https://1offer.ru/,89132201818,offercompany@mail.ru,"https://www.1c-bitrix.ru/upload/iblock/3aa/yybzn30nvk5hyn6n2v6hafz9l3wb0ygj/Копия логотип белый.png",/partners/partner/19402558/,ru,2026-06-23T16:17:57+00:00
1023097,"Soft Engineering",https://itse.pro,"+7 (383) 263 78-97",info@itse.pro,https://www.1c-bitrix.ru/upload/iblock/21c/x7ugxswqenhvxjy5xhiyuoc16d83lzwr/SE.png,/partners/partner/1023097/,ru,2026-06-23T16:17:59+00:00
1346310,"Пиар Эксперт",https://prexpert.com/,+74952152746,a.svetikov@prexpert.ru,"https://www.1c-bitrix.ru/upload/iblock/b4c/Лого малое.jpg",/partners/partner/1346310/,ru,2026-06-23T16:18:01+00:00
2541139,"Экспресс Регистратор",https://www.reg-express.ru,"+7 (495) 414-27-27",me@reg-express.ru,https://www.1c-bitrix.ru/upload/iblock/327/b146n5ybj4cdcleeu2xdtnxg4ab9uj2r/newlogo.png,/partners/partner/2541139/,ru,2026-06-23T16:18:04+00:00
14331962,PR-MAKER,https://pr-maker.ru,+79301020444,info@pr-maker.ru,"https://www.1c-bitrix.ru/upload/iblock/8a5/obfgenhzna1l0iep94044zca3v829th1/лого pr maker.jpg",/partners/partner/14331962/,ru,2026-06-23T16:18:10+00:00
21917898,"Фаза Знаний",https://bodnaryuk.ru,+79362224479,bdnrk@ya.ru,https://www.1c-bitrix.ru/upload/iblock/c98/sehmc0wv4bzq1dvfbi8cx0itc7bv6s74/blogo.png,/partners/partner/21917898/,ru,2026-06-23T16:18:12+00:00
1160455,TrendKey,https://trendkey.ru,+7(499)3505786,info@trendkey.ru,https://www.1c-bitrix.ru/upload/iblock/492/3amodvobth563tk6ku844rxgh5q6j81x/^81E6F715E977B09C0BB03CF878EAF576A3B7BDA4A43613074A^pimgpsh_fullsize_distr.png,/partners/partner/1160455/,ru,2026-06-23T16:18:15+00:00
9811963,"Международные Интернет Решения",https://mirodel.ru,+79269111148,partner@mirodel.ru,https://www.1c-bitrix.ru/upload/iblock/172/lkvfgoodhan0t15cyv5m52f0h6xvkgnz/logo_blue_96px.png,/partners/partner/9811963/,ru,2026-06-23T16:18:17+00:00
16540822,"Oniks Web",https://oniksweb.ru,+79850554359,dir@oniksweb.ru,"https://www.1c-bitrix.ru/upload/iblock/4c1/6goz1op3ipshhjbc1i88ob5gvoaiwv8n/лого RGB-02.jpg",/partners/partner/16540822/,ru,2026-06-23T16:18:19+00:00
18066906,Маркетинг-N,https://artem-marketing.ru,"+7 961 591-45-70",artem@marketing-n.ru,"https://www.1c-bitrix.ru/upload/iblock/9fd/hk8lfby464g68dfngqo6vqvh7psn3gwt/Лого маркетинг Фавикон.png",/partners/partner/18066906/,ru,2026-06-23T16:18:22+00:00
26486518,SafeKit,https://safekit.tech/,+79696000089,sale@safekit.tech,https://www.1c-bitrix.ru/upload/iblock/5ab/0ifciy0iux47gdlmn13mp4g1zs8gn7w6/135х135.png,/partners/partner/26486518/,ru,2026-06-23T16:18:24+00:00
4062313,SO.USE,https://so-use.ru/,"+7 (930) 999-02-38",sales@so-use.ru,"https://www.1c-bitrix.ru/upload/iblock/6d8/hmft5y1hxca947916169ylnvdtig2ck3/логотип (для подписи писем) - битрикс.png",/partners/partner/4062313/,ru,2026-06-23T16:18:27+00:00
6474517,РРК,https://rrk-group.ru/,"+7 (812) 703-81-40",info@rrk-group.ru,https://www.1c-bitrix.ru/upload/iblock/1d4/kgt12yx4pbydds34os3eml3iqm1zyxbb/white_3d.jpg,/partners/partner/6474517/,ru,2026-06-23T16:18:31+00:00
789856,"Сентро Интернет Технологии",https://sentro.ru,"+7 905 389 20 20",info@sentro.ru,https://www.1c-bitrix.ru/upload/iblock/c76/88esp3uadcir9rs513lw2gc17wmyvnbw/logo-sentro2.png,/partners/partner/789856/,ru,2026-06-23T16:18:33+00:00
6626125,DMC.ru,https://www.dmc.ru,"+7 (800) 301-31-27",vip@dmc.ru,"https://www.1c-bitrix.ru/upload/iblock/505/лого dmc.ru_cr.jpg",/partners/partner/6626125/,ru,2026-06-23T16:18:36+00:00
11117422,KEYUP,https://key-up.ru,89177695923,info@key-up.ru,https://www.1c-bitrix.ru/upload/iblock/e57/48i2itlawgp7s48bs9zmw94li9j6go33/logo-mp.png,/partners/partner/11117422/,ru,2026-06-23T16:18:38+00:00
20267138,TheZaki,https://thezaki.ru,+79274141878,info@thezaki.ru,https://www.1c-bitrix.ru/upload/iblock/014/6opsp78f8208do69ljn1yp8rb61qcpkc/z26.png,/partners/partner/20267138/,ru,2026-06-23T16:18:45+00:00
24707426,BeProB24,https://bepro.bitrix24site.ru/,+79089530456,beprob24@yandex.ru,https://www.1c-bitrix.ru/upload/iblock/615/xs7anfwaz5m3zl0py1l993638nmzf1df/image_2025-05-13_18-08-58.png,/partners/partner/24707426/,ru,2026-06-23T16:18:47+00:00
6794651,"Sunergy Consult",https://www.suncon.ru/,88124256125,hello@suncon.ru,https://www.1c-bitrix.ru/upload/iblock/686/logo222.png,/partners/partner/6794651/,ru,2026-06-23T16:18:50+00:00
19092588,flyCRM,https://flycrm.ru/,+73472131075,brokenxerox@yandex.ru,"https://www.1c-bitrix.ru/upload/iblock/e97/z0s4q7gncja712hz37p5wv5f15h2evp1/2024-05-18_14-15-36 (1).jpg",/partners/partner/19092588/,ru,2026-06-23T16:18:53+00:00
21571076,Ксеремма,https://xeremma.ru,89050954495,xeremma@mail.ru,https://www.1c-bitrix.ru/upload/iblock/998/06dleay3n439if8pgyld5hgt0xhpp47g/лого135.jpg,/partners/partner/21571076/,ru,2026-06-23T16:18:55+00:00
23339324,itБРАТ,https://itbrat.pro,+79006737823,i@ceo-itbrat.ru,https://www.1c-bitrix.ru/upload/iblock/73d/7mv69jib36v6lm179jjm2sfq5psi4avc/12345.png,/partners/partner/23339324/,ru,2026-06-23T16:18:58+00:00
126875,«Ньюта»,https://newta.ru,"+7 (915) 105-94-37",hello@newta.ru,https://www.1c-bitrix.ru/upload/iblock/81f/2q3dg6y3ewoelzi0927bheryw96yjtr0/1.png,/partners/partner/126875/,ru,2026-06-23T16:19:00+00:00
944743,JUDU,https://judu.ru,"+7 (812) 467-97-67",info@judu.ru,https://www.1c-bitrix.ru/upload/iblock/9be/lzjnp2ti6yvyy1ulyr0o2r61lsett6w1/logoJDblue16011.png,/partners/partner/944743/,ru,2026-06-23T16:19:03+00:00
7553201,CRMConsult,https://crmcons.ru,+79031567151,crmcons@yandex.ru,https://www.1c-bitrix.ru/upload/iblock/e44/CRMConsult.png,/partners/partner/7553201/,ru,2026-06-23T16:19:05+00:00
15444444,"Лаборатория Продаж",https://sales2lab.ru,+79339975557,mikhail.kup@sales2lab.ru,https://www.1c-bitrix.ru/upload/iblock/eb4/m0rqu14cm93cq4awn6w1kg59e29vu2db/120.png,/partners/partner/15444444/,ru,2026-06-23T16:19:08+00:00
16706230,ПКС,https://pks59.bitrix24.site,+73422545510,pestrikov@pks59.ru,"https://www.1c-bitrix.ru/upload/iblock/177/ew3q4z4r4fn1qcxypu3wzbyl8ukzmahk/Прозрачный фон 175_135.png",/partners/partner/16706230/,ru,2026-06-23T16:19:10+00:00
18371498,Tenloc,https://tenloc.bitrix24site.ru,89043599332,tenloc@mail.ru,"https://www.1c-bitrix.ru/upload/iblock/fb7/fmcay89h7is36ijhzlt4yiqappgmiev8/i-fotor-2024080618349 (1).jpg",/partners/partner/18371498/,ru,2026-06-23T16:19:13+00:00
26869116,B2Systems,https://b2systems.ru,+79336675357,info@b2systems.ru,https://www.1c-bitrix.ru/upload/iblock/7f7/1t7v0sdybrhe7h62h01x2f2tq33ls22o/logo-horizontal.png,/partners/partner/26869116/,ru,2026-06-23T16:19:19+00:00
27105840,СиЭрМэджик,https://www.crmagic.ru,"+7 (4012) 39-00-58",info@crmagic.ru,https://www.1c-bitrix.ru/upload/iblock/aef/rko906c8kss5hi5zq9rxi0icab928tpd/logo_crmagic_small.png,/partners/partner/27105840/,ru,2026-06-23T16:19:21+00:00
8764125,АртПобеда,https://art-pobeda.com/,"+7 985 690-77-77",info@art-pobeda.com,https://www.1c-bitrix.ru/upload/iblock/83a/5n6hbdf77oporv7jpt1nq4whithaj4p9/artpobeda.png,/partners/partner/8764125/,ru,2026-06-23T16:19:24+00:00
8954041,Аста,https://astasib.ru,+79059686798,info@astasib.ru,https://www.1c-bitrix.ru/upload/iblock/95d/l2256d48ppwz8y4ls90o88398c2hp8la/cropped-logo-3.jpg,/partners/partner/8954041/,ru,2026-06-23T16:19:26+00:00
11582480,MyLink,https://Mylink24.ru,89618770727,sales@mylink24.ru,"https://www.1c-bitrix.ru/upload/iblock/091/favicon_96x96_created_by_logaster (1).png",/partners/partner/11582480/,ru,2026-06-23T16:19:29+00:00
26552072,"Alpha IT",https://alpha-it.pro,"8 958 756-89-69",info@alpha-it.pro,"https://www.1c-bitrix.ru/upload/iblock/333/oi0njdgtkmuv1v8vos1hetcjxt04xyk0/альфа it.png",/partners/partner/26552072/,ru,2026-06-23T16:19:31+00:00
811814,WebGem,https://web-gem.ru,+79261727127,info@skasite.ru,https://www.1c-bitrix.ru/upload/iblock/630/bx-logo.png,/partners/partner/811814/,ru,2026-06-23T16:19:34+00:00
5230177,PraWeb,https://praweb.ru,"+7 (342) 205-83-18",site@praweb.ru,"https://www.1c-bitrix.ru/upload/iblock/370/лого правеб 118 на 135.png",/partners/partner/5230177/,ru,2026-06-23T16:19:36+00:00
7692419,"АВК Консалтинг",https://avkconsul.ru,+79699991358,office@avkconsul.ru,https://www.1c-bitrix.ru/upload/iblock/c2e/hhhrofn4m9p8my34pjq9lw43kffo35s0/логотип.png,/partners/partner/7692419/,ru,2026-06-23T16:19:39+00:00
13540134,PragmatiX,https://PragmatiX.digital,"8 800 505-26-17",hello@pragmatix.digital,https://www.1c-bitrix.ru/upload/iblock/899/99q9fmed08pol1lo1xq8ucqymzn8u83f/logoforbitix.png,/partners/partner/13540134/,ru,2026-06-23T16:19:41+00:00
384110,Фьюче,http://future-group.ru/,"+7 495 409-01-79",info@future-group.ru,https://www.1c-bitrix.ru/upload/iblock/8cf/wzdii0c5ezfhaf533bzirvokcg74727u/Logo_future_mark_white.png,/partners/partner/384110/,ru,2026-06-23T16:19:43+00:00
7250843,KNG.agency,https://kng.agency,+79033458558,hello@kng.agency,https://www.1c-bitrix.ru/upload/iblock/f33/KNG_agency_logo_100x50.png,/partners/partner/7250843/,ru,2026-06-23T16:19:46+00:00
17297158,КейсМаркетинг,https://keismarketing.ru,89123341614,alexeybm2410@yandex.ru,"https://www.1c-bitrix.ru/upload/iblock/bee/usa7fde6o7rmf00lakow0ngag7l6oe5o/Лого на сайт битрикс.png",/partners/partner/17297158/,ru,2026-06-23T16:19:51+00:00
17360426,"Обратные коммуникации",https://lsse.ru,+79052090784,data@lsse.ru,https://www.1c-bitrix.ru/upload/iblock/e72/j8qktg4xe51tfv5zqo7ev7ttakm4yer7/logo.png,/partners/partner/17360426/,ru,2026-06-23T16:19:53+00:00
22278550,Odiseo,https://odiseo.ru/,"+7 902 244-15-46",leo@odiseo.ru,https://www.1c-bitrix.ru/upload/iblock/486/k357f0oeogzbw36rg3zzbziysq3umu2t/odiseo2.png,/partners/partner/22278550/,ru,2026-06-23T16:19:55+00:00
26708924,Usetech,https://1c.usetech.ru/,"+7 (495) 660-50-48",1c_client@usetech.ru,https://www.1c-bitrix.ru/upload/iblock/6f0/wa85per978zmol8cipors2xxvbhl6f9j/Рисунок1.png,/partners/partner/26708924/,ru,2026-06-23T16:19:58+00:00
1020302,MWI,https://crm.mwi.me,"+7 (499) 110 15 17",crm@mwi.me,https://www.1c-bitrix.ru/upload/iblock/b0b/rkls2cu4serbyaud2od0nwskowdkhhiu/logo.png,/partners/partner/1020302/,ru,2026-06-23T16:20:00+00:00
2185333,SPKCONSULT,https://spkconsult.ru/,"+7 995 129 42 51",info@spkconsult.ru,https://www.1c-bitrix.ru/upload/iblock/ce7/ldrn23diql7s5f9zlxcy8h44qcwslyvi/logo-b24-1.png,/partners/partner/2185333/,ru,2026-06-23T16:20:03+00:00
14229130,"DYNAMIC CRM",https://dynamic.bitrix24.site/,+79362996968,dpetrovy@gmail.com,https://www.1c-bitrix.ru/upload/iblock/c2f/zgd2gs57evzcqnl0apd6zrzp0kg2nc43/ima_2x_2x_2x_1x.jpg,/partners/partner/14229130/,ru,2026-06-23T16:20:05+00:00
16423090,SalesFriends,https://www.salesfriends.ru,+74999387417,mikem@salesfriends.ru,https://www.1c-bitrix.ru/upload/iblock/535/0emddut32iln0qw7mtm3qvsfo6jv7b41/9284619_transparent.png,/partners/partner/16423090/,ru,2026-06-23T16:20:08+00:00
138229,Intelsy,http://bitrix24.intelsy.ru/,"+7 499 325-57-35",contact@intelsy.ru,"https://www.1c-bitrix.ru/upload/iblock/ad9/b08q2l76ezzw233d6pl1pj12ck1lqmkm/Лого для битрикса.png",/partners/partner/138229/,ru,2026-06-23T16:20:10+00:00
7198959,"Бухгалтерский Центр",https://itlogin.ru/crm,"+7 (495) 445-42-63",manager@itlogin.ru,https://www.1c-bitrix.ru/upload/iblock/a01/imgonline-com-ua-Resize-eELEeTHCmZ.jpg,/partners/partner/7198959/,ru,2026-06-23T16:20:13+00:00
11941884,"IT Партнер",https://it-pn.ru/,+7(4012)52-63-00,mail@itpartner39.ru,https://www.1c-bitrix.ru/upload/iblock/a25/vpb54dopxy56vwft48n48kbch820pmf5/logo_without_bg.png,/partners/partner/11941884/,ru,2026-06-23T16:20:17+00:00
382316,"Support Advance",http://supporta.ru,"+7 (495) 414-29-23",info@supporta.ru,https://www.1c-bitrix.ru/upload/iblock/03f/b56bzgzt0g7c5eh9i1haydar6fdytav9/logo1.jpg,/partners/partner/382316/,ru,2026-06-23T16:20:20+00:00
25327968,КАДУТИ,https://caduti.ru,88124256065,caduti@ya.ru,"https://www.1c-bitrix.ru/upload/iblock/096/llkdqrg0p56vju44s4sovs573qrjk493/Untitled Project.jpg",/partners/partner/25327968/,ru,2026-06-23T16:20:22+00:00
23527060,"Ai Конверсия",https://konversia.bitrix24site.ru/,+79659339688,conversion.biz@gmail.com,"https://www.1c-bitrix.ru/upload/iblock/c07/op0qlvpj1jfj2us8nim9whsjz0sxfmgm/новый лого — малеький.png",/partners/partner/23527060/,ru,2026-06-23T16:20:25+00:00
6523305,ofmars,https://ofmars.ru,"+7 (8452) 98–58–59",post@ofmars.ru,https://www.1c-bitrix.ru/upload/iblock/3b5/Ofmars-Logo-RGB-invert-transparent-low-res.png,/partners/partner/6523305/,ru,2026-06-23T16:20:27+00:00
8167683,Ai-Solutions,https://AiSolutions.su,"+7 812 241-10-03",info@AiSolutions.ru,"https://www.1c-bitrix.ru/upload/iblock/06a/56ymqfbfea0pvoswgjhz376fm6vsxixt/logo (1).png",/partners/partner/8167683/,ru,2026-06-23T16:20:30+00:00
15228318,Нейравенство,https://neiravenstvo.ru/,89600266180,khibinytime@mail.ru,https://www.1c-bitrix.ru/upload/iblock/d7f/2yija0t4l31p0wera9x2bwkshrfsp62r/logo_neir_small.png,/partners/partner/15228318/,ru,2026-06-23T16:20:32+00:00
36465,ПрофТек,https://www.proftek.org,"+7(8652) 316-569, 316-568",info@proftek.org,https://www.1c-bitrix.ru/upload/iblock/56e/логотип_цветной_вставка.jpg,/partners/partner/36465/,ru,2026-06-23T16:20:35+00:00
585936,Southmedia,http://southmedia.ru,"+7 (861) 238-83-48",hello@southmedia.ru,https://www.1c-bitrix.ru/upload/iblock/01e/sdc9ujki3dssu1aot6btembevbzu9ddx/southmedia_logo_2016.png,/partners/partner/585936/,ru,2026-06-23T16:20:37+00:00
15877,ИИС,http://www.ivanovivan.ru,"+7 (912) 7700-612",mail@ivanovivan.ru,"https://www.1c-bitrix.ru/upload/iblock/5f0/nsmk7sgfk0nh07f8q1o4ptnu14if9b19/иис логотип color.png",/partners/partner/15877/,ru,2026-06-23T16:20:40+00:00
4918013,MAXYSS,https://maxyss.ru,+79803914604,info@maxyss.ru,https://www.1c-bitrix.ru/upload/iblock/95c/logo-maxyss.png,/partners/partner/4918013/,ru,2026-06-23T16:20:42+00:00
15772462,Деталион,https://detalion.bitrix24.site,"+7 (963) 384-79-93",sales@detali-on.ru,https://www.1c-bitrix.ru/upload/iblock/b96/rghyhxs93ees5qmze0xxygqcyd4pm0b0/битрикс323.jpg,/partners/partner/15772462/,ru,2026-06-23T16:20:45+00:00
17086230,СРВС,https://sibirskiy-studio.ru/crm,+79835367114,horuga.tv@gmail.com,"https://www.1c-bitrix.ru/upload/iblock/c3e/iot68no5zdj22b970zn6ds2sdpgyayf3/WhatsApp Image 2023-07-05 at 13.52.27.jpeg",/partners/partner/17086230/,ru,2026-06-23T16:20:50+00:00
26823154,"Aydar Gilyazov",https://aydargilyazov.ru,,gilyazov.aydar@gmail.com,https://www.1c-bitrix.ru/upload/iblock/acb/j8rziaztvsdkvtfjg0c11k4o2kpp58dp/Гилязов.png,/partners/partner/26823154/,ru,2026-06-23T16:20:52+00:00
45719,HTMLстудия,https://www.htmls.ru,"+7 (495) 797-66-07",order@htmls.ru,https://www.1c-bitrix.ru/upload/iblock/79d/u824tjx9e731gqua892gunsm67r33ov7/htmls-logo_rus_bx.png,/partners/partner/45719/,ru,2026-06-23T16:20:55+00:00
17998956,"LOGISTICS ONLINE",https://logistics-online.bitrix24site.ru/,89203494095,logist-rassvet@mail.ru,https://www.1c-bitrix.ru/upload/iblock/8f6/7kuw8kclo6i9n7hb4g4gisyu2834pa0d/11zon_cropped_(3)-transformed.png,/partners/partner/17998956/,ru,2026-06-23T16:20:57+00:00
18255756,Optium,https://optium.bitrix24site.ru,"+7 962 170-64-92",ximera6572@gmail.com,"https://www.1c-bitrix.ru/upload/iblock/b93/4kak1ros1a99hauvjinfuu3aaolo2qpv/Лого Optium — для Б24.png",/partners/partner/18255756/,ru,2026-06-23T16:21:00+00:00
23670536,"KUDROFF GROUP",https://kudrov.tech,+79854292485,egorkudroff@mail.ru,"https://www.1c-bitrix.ru/upload/iblock/b22/dria0iebzb4cpiotl6jtpal6cv39ihgn/KUDROFF GROUP (2).png",/partners/partner/23670536/,ru,2026-06-23T16:21:02+00:00
26748860,"Проектный подход",https://b24-ddggpp.bitrix24site.ru/,9148005096,p.approach@yandex.ru,https://www.1c-bitrix.ru/upload/iblock/b68/melcigfi1tk8f9fcdv42s607eesuuv27/6904417-84.png,/partners/partner/26748860/,ru,2026-06-23T16:21:05+00:00
112312,Mikero,https://mikero.ru,"+7(901) 417-05-77",hi@mikero.ru,https://www.1c-bitrix.ru/upload/iblock/be6/ry1z0i8tt9pw91myomysn087rcz0siq9/logo.png,/partners/partner/112312/,ru,2026-06-23T16:21:07+00:00
10903916,INRAISE,https://inraise.ru/,+79871556994,hello@inraise.ru,https://www.1c-bitrix.ru/upload/iblock/f6c/pwkuida8sar4q1a3b2g5z0eq2h7utcnb/logo_monochrome.png,/partners/partner/10903916/,ru,2026-06-23T16:21:10+00:00
10791528,SHIGAPOV,http://a1w.ru,"+7 911 842-84-90",info@shigapov.studio,https://www.1c-bitrix.ru/upload/iblock/52f/9fpdieeqy59tjpispon299j2oaciz5mt/shigapov.png,/partners/partner/10791528/,ru,2026-06-23T16:21:12+00:00
18074910,"Компьютерная индустрия",https://comind.ru,+79218662821,info@comind.ru,"https://www.1c-bitrix.ru/upload/iblock/280/fzkyqujw3sktaxn219eeyejxr8dltcjk/Лого_175 на 135.jpg",/partners/partner/18074910/,ru,2026-06-23T16:21:15+00:00
19265752,CRM-Solution,https://crm-solutions.bitrix24site.ru/,+79991572758,murtazin-ln@yandex.ru,"https://www.1c-bitrix.ru/upload/iblock/16f/egfv7ycgggnykhrurnwm6cy53k3txtwy/Frame 1518.png",/partners/partner/19265752/,ru,2026-06-23T16:21:17+00:00
782107,"Quantum CRM",https://quantum.bitrix24site.ru/,"(926) 6640273",sagalaevdimitri@yandex.ru,"https://www.1c-bitrix.ru/upload/iblock/5ce/jr4ipsg8rdgb9ixakr06bvfwqf1v9i2k/Без имени-5.png",/partners/partner/782107/,ru,2026-06-23T16:21:22+00:00
9200083,Альянс,https://crm-alyans.ru/,+73422252995,order@alyans.ru,"https://www.1c-bitrix.ru/upload/iblock/402/Лого Альянс.png",/partners/partner/9200083/,ru,2026-06-23T16:21:25+00:00
12711984,"Лаборатория Форт Крым",https://fort.crimea.com/,"+7 (989) 129-01-32",sales@fort.crimea.com,https://www.1c-bitrix.ru/upload/iblock/03b/Без-имени-1.png,/partners/partner/12711984/,ru,2026-06-23T16:21:27+00:00
13379118,PolzaDela.ru,https://polzadela.ru,+79967148854,info@polzadela.ru,https://www.1c-bitrix.ru/upload/iblock/ed0/khcw6z6nghzsc3no3715x1xd0dkax724/Logotip_PolzaDela_172-43.png,/partners/partner/13379118/,ru,2026-06-23T16:21:30+00:00
25483012,"БИЗНЕС КОНСАЛТИНГ",https://bc1.bitrix24site.ru,+79095207777,info@business-consulting1.ru,https://www.1c-bitrix.ru/upload/iblock/c1e/uk04pbm1clkxwa6jccky7y41hdppwkba/й.png,/partners/partner/25483012/,ru,2026-06-23T16:21:32+00:00
26750684,Консу,https://konsugroup.com/,"+7 812 325 82 94",info@konsugroup.com,https://www.1c-bitrix.ru/upload/iblock/b58/5mpnzwxt382do5zigob9xtaifal76pyc/Konsu-logo-blue1-175.png,/partners/partner/26750684/,ru,2026-06-23T16:21:35+00:00
176385,Digrium,https://digrium.ru/,"+7 906 907 91 19",info@digrium.ru,https://www.1c-bitrix.ru/upload/iblock/c0e/6fzivwb3znfhrdrtmunlqb0jft3o2a9j/digrium.png,/partners/partner/176385/,ru,2026-06-23T16:21:37+00:00
1095976,Lezhebokov.com,https://lezhebokov.com,"+7 (347) 299-35-75",info@lezhebokov.com,"https://www.1c-bitrix.ru/upload/iblock/ef3/ycazdjj8f1ce39ed70w2eg1b1lwy1oyj/Снимок экрана 2024-07-09 в 12.20.02.png",/partners/partner/1095976/,ru,2026-06-23T16:21:40+00:00
1117133,"Веб Анатомия",https://webanatomy.ru,"+7 (812) 564 64 72",z@webanatomy.ru,https://www.1c-bitrix.ru/upload/iblock/496/i8ep74d5k7ldwjghrl4z84tomy3gcmpu/logo.jpg,/partners/partner/1117133/,ru,2026-06-23T16:21:42+00:00
8740223,"Отдел продаж от А до Я",https://amobitrix.ru,+79603720026,an767300@yandex.ru,https://www.1c-bitrix.ru/upload/iblock/be1/Безымянный1213.png,/partners/partner/8740223/,ru,2026-06-23T16:21:45+00:00
15531142,Kolotilina.,https://kolotilina.com,+79191984144,info@kolotilina.com,https://www.1c-bitrix.ru/upload/iblock/e2c/p4ejsj41in0ag1rlq0q1pm5nqxj5t1dp/2024-05-20_15-24-51.png,/partners/partner/15531142/,ru,2026-06-23T16:21:47+00:00
16130498,Digmar,https://digmar.pro/,"+7 920 630 26 30",kaa@digmar.pro,"https://www.1c-bitrix.ru/upload/iblock/9e0/c0ymjxkhrozwfw4m0i2jj8irobk121ij/Logo v3.png",/partners/partner/16130498/,ru,2026-06-23T16:21:50+00:00
25461858,my10xsales,https://my10xsales.bitrix24site.ru/,+78452990578,bumazhnov@yandex.ru,"https://www.1c-bitrix.ru/upload/iblock/726/v0t3qcwe8psbp58cm55gq92jd01wrxqj/Дизайн без названия.png",/partners/partner/25461858/,ru,2026-06-23T16:21:55+00:00
67220,Sebekon,https://www.sebekon.ru,"+7 (495) 133-59-54",web@sebekon.ru,https://www.1c-bitrix.ru/upload/iblock/dca/logo.png,/partners/partner/67220/,ru,2026-06-23T16:21:57+00:00
7436307,Цифровой,https://диджитал.рус,84922495058,info@диджитал.рус,https://www.1c-bitrix.ru/upload/iblock/bda/mm3ix6zswdu83ozrwkruuf2buxl81lby/лого.jpg,/partners/partner/7436307/,ru,2026-06-23T16:22:00+00:00
17116942,Ready.Website,https://ready.website/,"+7 (383) 312-67-89",all@ready.website,https://www.1c-bitrix.ru/upload/iblock/c0a/fkmrfjvlkjnkau380g2fg0gtnybtojrw/transparent_without_blog.png,/partners/partner/17116942/,ru,2026-06-23T16:22:02+00:00
9205339,c4market,https://c4market.ru/,,info@c4market.ru,"https://www.1c-bitrix.ru/upload/iblock/73b/xmx57bty8t7hxvgcs451k2rv9wwy3g2k/лого 175x135.png",/partners/partner/9205339/,ru,2026-06-23T16:22:05+00:00
794969,SP-Artgroup,https://sp-artgroup.ru,"+7 (4162) 21 23 17",b24@sp-artgroup.ru,https://www.1c-bitrix.ru/upload/iblock/918/SP_logo_CMYK.jpg,/partners/partner/794969/,ru,2026-06-23T16:22:07+00:00
964797,AdminVPS,https://adminvps.ru,+74951552531,sales@adminvps.ru,https://www.1c-bitrix.ru/upload/iblock/bfb/logo_bitrix.png,/partners/partner/964797/,ru,2026-06-23T16:22:10+00:00
5171611,WEBranding,https://webranding.ru,"+7 (965) 1734237",msurkov@webranding.ru,https://www.1c-bitrix.ru/upload/iblock/b04/1с.jpg,/partners/partner/5171611/,ru,2026-06-23T16:22:12+00:00
12836894,"Digi STD",https://digistudio.su/,+7-(351)-777-08-85,hello@digistudio.su,https://www.1c-bitrix.ru/upload/iblock/3a8/0w4ibq1l3l0pr45q6e5hyekr7ae8pfjr/1.jpg,/partners/partner/12836894/,ru,2026-06-23T16:22:15+00:00
13049924,УслугиДон,https://uslugidon.ru,88633091039,glavbuh@uslugidon.ru,https://www.1c-bitrix.ru/upload/iblock/3ae/pk1qy7ksafp6k4sxmznpeobbxypi38wf/Логотип.png,/partners/partner/13049924/,ru,2026-06-23T16:22:17+00:00
14848512,"КОНАД Проекты",https://conad.pro,+74994905949,info@conad.pro,https://www.1c-bitrix.ru/upload/iblock/fc0/3wl27vftn73fw1elxls2lork96g0cvzy/IMG_2024-07-22-234745.png,/partners/partner/14848512/,ru,2026-06-23T16:22:20+00:00
16451788,Websoft,https://websoft.pro/,+79003609110,order@websoft.pro,https://www.1c-bitrix.ru/upload/iblock/b2d/q35zg5bjpof8zcfbho67rnd79o5gxe6u/WebSoft-Logo2.png,/partners/partner/16451788/,ru,2026-06-23T16:22:22+00:00
18346740,Linservice,https://www.линсервис.рф,88312911106,info@linservice.ru,https://www.1c-bitrix.ru/upload/iblock/51a/jh1wvlpj840ankes4z679r8dph11ypt4/Logo_175-135.png,/partners/partner/18346740/,ru,2026-06-23T16:22:27+00:00
19161920,Pen-up,https://pen-up.ru,+79508877696,info@pen-up.ru,https://www.1c-bitrix.ru/upload/iblock/a19/sm6yb6ynv1nyq8o8bpcl0i2o9ehe07g2/PEN-UP.png,/partners/partner/19161920/,ru,2026-06-23T16:22:30+00:00
19690810,Webikon,https://webikon-studio.com/,"+7 903 988 2054",info@webikon-studio.com,"https://www.1c-bitrix.ru/upload/iblock/f8b/ffedl25oxluywf2b706ol83p0fuo2jra/logo kon.png",/partners/partner/19690810/,ru,2026-06-23T16:22:32+00:00
21410278,Цифраз,https://cif-raz.ru/,"+7 (495) 198-05-25",info@cif-raz.ru,"https://www.1c-bitrix.ru/upload/iblock/1b3/l9zzg92pkdrvz4eazosa366vt6l8foxf/Лого цифраз мини.png",/partners/partner/21410278/,ru,2026-06-23T16:22:35+00:00
23418872,"ИД Эксперт",https://idexp.ru,+79161058870,info@idexp.ru,"https://www.1c-bitrix.ru/upload/iblock/191/mskn29wr4njjh8s5bpkflwhlw0tacso8/ИДЭ прозр 135пкс.png",/partners/partner/23418872/,ru,2026-06-23T16:22:37+00:00
25389172,ВНЕДРИМ,https://vnedrim.bitrix24site.ru,+79957878948,101@ts-eco.ru,https://www.1c-bitrix.ru/upload/iblock/119/d1x5jaa1qbnbx8y5xuexq87ir3p31s2l/vnedrim_logo_resized.png,/partners/partner/25389172/,ru,2026-06-23T16:22:39+00:00
25776430,Бессонов,https://bessonov.bitrix24site.ru/,"+7 905 080 61-61",en.bessonov@yandex.ru,https://www.1c-bitrix.ru/upload/iblock/d57/thhjuob88jr7klgf4siq4gqhqsmwgbf3/logo_ip_1x.png,/partners/partner/25776430/,ru,2026-06-23T16:22:43+00:00
26156990,Аритин,https://aritin.ru,"+7 (967) 040-04-02",info@aritin.ru,https://www.1c-bitrix.ru/upload/iblock/b0a/5tgcbr1i94i47dhbjw8zutv2ktuieike/logo_standart.jpg,/partners/partner/26156990/,ru,2026-06-23T16:22:46+00:00
831502,Rizon,https://rizon.pro,"8-800-511-05-73, 8 (8422) 755-244",sd@rizon.pro,https://www.1c-bitrix.ru/upload/iblock/673/8lapolr4zkz7enay1cbtsor75f5blsp9/вк.png,/partners/partner/831502/,ru,2026-06-23T16:22:48+00:00
17236654,Нейроквант,https://ben-zine.ru/,"+7 926 703 8788",ben-zine@mail.ru,"https://www.1c-bitrix.ru/upload/iblock/c84/14rsbyt5bk9bzc84krqlk6ck7c2x7lo7/Снимок экрана 2024-07-16 105148.png",/partners/partner/17236654/,ru,2026-06-23T16:22:50+00:00
9178823,Gintegrator,https://ru.gintegrator.com,"+7 (925) 432-72-05",ru@gintegrator.com,"https://www.1c-bitrix.ru/upload/iblock/351/gintegrator logo 131o102.png",/partners/partner/9178823/,ru,2026-06-23T16:22:53+00:00
20236038,REБИЗON,https://rebizon.ru,+79028070001,info@rebizon.ru,https://www.1c-bitrix.ru/upload/iblock/f10/1mpbzepnstq8ucbojw5pgxfd6mjrktiy/logo.png,/partners/partner/20236038/,ru,2026-06-23T16:22:56+00:00
846491,Be1st,https://www.be1st.pro,"+7 (495) 151-91-56",admin@be1st.pro,https://www.1c-bitrix.ru/upload/iblock/1d0/be1st-it-agency-crop-31.png,/partners/partner/846491/,ru,2026-06-23T16:23:02+00:00
1404766,"Сайт для Вас",https://www.site-4you.ru/,"+7 (812) 600 22 50",main@site-4you.ru,https://www.1c-bitrix.ru/upload/iblock/a80/v6x1j94dc5983k98dfi7th5uma0d3crm/СДВ.jpg,/partners/partner/1404766/,ru,2026-06-23T16:23:04+00:00
7252179,3598,https://3598.ru/bitrix24,"+7 (965)9278588",dinar3598@yandex.ru,https://www.1c-bitrix.ru/upload/iblock/34e/mq42tagokzo4a4956e3zg7e7u180qarn/unnamed.jpg,/partners/partner/7252179/,ru,2026-06-23T16:23:07+00:00
17631382,ГрейтЛинк,https://greatlink.ru,+79326999932,info@greatlink.ru,https://www.1c-bitrix.ru/upload/iblock/cd1/260quds49wa68yfh80q00c01wffkbp37/logo_photo-resizer.ru(1).png,/partners/partner/17631382/,ru,2026-06-23T16:23:09+00:00
780091,ЦИТАДЕЛЬ,https://www.citadel.digital,"+7 499 322 75 80",bitrix@citadel.digital,https://www.1c-bitrix.ru/upload/iblock/8ef/2E0AB9E9-2833-4D3D-B736-D3FE1CBB06DE.png,/partners/partner/780091/,ru,2026-06-23T16:23:12+00:00
814451,"BTB Digital",https://www.btb.su,"+7 (905) 084-57-85",info@btb.su,"https://www.1c-bitrix.ru/upload/iblock/439/gmke7ksmuhniupmbx8aviv0e2lu1xqg7/btb-logo 1200x1200.png",/partners/partner/814451/,ru,2026-06-23T16:23:16+00:00
10928362,MSPconsult,https://tender-klimina.ru/,"+7 925 379 84 08",consult4msp@gmail.com,"https://www.1c-bitrix.ru/upload/iblock/70a/MSP Logo.bmp",/partners/partner/10928362/,ru,2026-06-23T16:23:18+00:00
11318516,Технополис,https://технополис-пермь.рф,+73422149300,tp@tppm.ru,https://www.1c-bitrix.ru/upload/iblock/406/Technopolis_logo_132x61px.jpg,/partners/partner/11318516/,ru,2026-06-23T16:23:21+00:00
12982644,"Студия Интернет Решений",https://studio-ir.ru/,+78124545328,office@studio-ir.ru,"https://www.1c-bitrix.ru/upload/iblock/34d/v6atdfry5idpid5r7wpjn5ts5jn3xxl8/логотип 2.png",/partners/partner/12982644/,ru,2026-06-23T16:23:24+00:00
16144680,Grindes,https://grindes.ru,"+7 (812) 243-17-33",welcome@grindes.ru,https://www.1c-bitrix.ru/upload/iblock/c69/nlbm4ebz3151307jtpj0r1b32mh61cc9/grindes_175x135.png,/partners/partner/16144680/,ru,2026-06-23T16:23:26+00:00
1360696,e-comEXPERT,https://e-comexpert.ru/,"+7 495 960-51-20",info@e-comexpert.ru,"https://www.1c-bitrix.ru/upload/iblock/c55/56v5yf7e3w3zlm4581f8n180h10kcst7/лого еком 1.png",/partners/partner/1360696/,ru,2026-06-23T16:23:28+00:00
5011067,"ИП Идиятулин",https://vadim24.ru,"+7 (996) 605-83-49",hello@vadim24.ru,https://www.1c-bitrix.ru/upload/iblock/7b7/logo175x135.png,/partners/partner/5011067/,ru,2026-06-23T16:23:33+00:00
26589468,Royalcrm,https://royalcrm.ru,"+7 (495) 245-07-34",info@royalcrm.ru,https://www.1c-bitrix.ru/upload/iblock/8b0/2taz7xyadbeml9dkxwsswj7ek1yq6426/175-135.jpg,/partners/partner/26589468/,ru,2026-06-23T16:23:36+00:00
26818326,WIDGET,https://www.widget-studio.ru,"+7 (861) 212-32-31",sales@widget-studio.ru,"https://www.1c-bitrix.ru/upload/iblock/44f/vrdlad691w6ffmd4yimgof7rwn5anhds/logo для Битрикс24.png",/partners/partner/26818326/,ru,2026-06-23T16:23:38+00:00
202744,Клаудмил,https://www.cloudmill.ru/,"+7 (812) 425-67-17",info@cloudmill.ru,"https://www.1c-bitrix.ru/upload/iblock/eeb/8whmun3qsobsvuoie517h7gkxj9873nv/insta2 (2).png",/partners/partner/202744/,ru,2026-06-23T16:23:41+00:00
407425,BrainRay,https://brainray.pro,"+7 (985) 620 11 55",info@brainray.pro,https://www.1c-bitrix.ru/upload/iblock/1e6/2lipdmo85x074vyvrnak5qwwvqlv22ji/brainray_black_4.png,/partners/partner/407425/,ru,2026-06-23T16:23:43+00:00
6607147,Остерлевин,https://osterlevin24.bitrix24.site/,+79623211727,osterlevin@yandex.ru,"https://www.1c-bitrix.ru/upload/iblock/8c6/vgw2f6r6zun952ghn8kob2jwzweww2r5/ИП Остерлевин лого 175-135.png",/partners/partner/6607147/,ru,2026-06-23T16:23:46+00:00
6887077,"Антон Чехов",https://prigov.info/,+79516923000,prigov00@bk.ru,https://www.1c-bitrix.ru/upload/iblock/036/logoch_mini.png,/partners/partner/6887077/,ru,2026-06-23T16:23:48+00:00
11405194,АСК,https://ask-prof.ru/,"+7 (861) 279-22-37",ask@ask-prof.ru,https://www.1c-bitrix.ru/upload/iblock/18f/nwska5wl1zz767svz5r9tqhbywq2ij8l/logo_.png,/partners/partner/11405194/,ru,2026-06-23T16:23:50+00:00
16501304,СОЮЗ,http://union-24.ru/,+79699995360,union.bitrix@yandex.ru,"https://www.1c-bitrix.ru/upload/iblock/975/h7n806dno8e4ilhc7x2bxz8hindxif26/Union-small copy.png",/partners/partner/16501304/,ru,2026-06-23T16:23:53+00:00
18246942,"РПК ПЕРВОЕ РЕКЛАМНОЕ",https://rpk-pervoe.bitrix24site.ru,+74967311161,rpk.pervoe@mail.ru,"https://www.1c-bitrix.ru/upload/iblock/aec/bzsgjc5ltiw7ws9hgbwnhd49pg2it9k3/3539444 — копия.jpeg",/partners/partner/18246942/,ru,2026-06-23T16:23:55+00:00
20076086,"Евгений Сазонов",https://crm.businessmanagement.agency/,+74951087321,info@businessmanagement.agency,"https://www.1c-bitrix.ru/upload/iblock/1b8/id7m30dptd4my6ok06zvl2mjhabdcm70/Лого АУБ 3.jpg",/partners/partner/20076086/,ru,2026-06-23T16:23:58+00:00
26212936,"АЛЬПЕ Консалтинг",https://alpeconsulting.ru,"+7 495 532 22 27",info@alpeconsulting.com,"https://www.1c-bitrix.ru/upload/iblock/71f/m0i971l63v5fvspucfvczh3pvdvcrmwd/ALPE Bitrix logo H.jpg",/partners/partner/26212936/,ru,2026-06-23T16:24:00+00:00
26861302,Saykoo,https://saykoo.ru,89214197763,sales@saykoo.ru,https://www.1c-bitrix.ru/upload/iblock/6a7/yfev0irwx110896oqwbiuljj04khtf4w/logo_175_135.png,/partners/partner/26861302/,ru,2026-06-23T16:24:05+00:00
27939368,"СТ Цифровые Решения",https://stdigital.tech,"+7 919 959-09-97",info@stdigitaltech.ru,"https://www.1c-bitrix.ru/upload/iblock/542/zl7x4moy881408wielic67nqvimn3znh/ST logo.png",/partners/partner/27939368/,ru,2026-06-23T16:24:07+00:00
168458,ermmm.ru,https://ermmm.ru,+79213049994,alex@ermmm.ru,https://www.1c-bitrix.ru/upload/iblock/92d/xgk2369c0bgl2dvtx12r2o3mstqojlto/5e11ec4d90c3c111833330.png,/partners/partner/168458/,ru,2026-06-23T16:24:10+00:00
14369732,Маркон-Лаб,https://marconlab.ru,+7(831)231-20-30,welcome@marcon-lab.ru,"https://www.1c-bitrix.ru/upload/iblock/856/gw0awh3nyy9p1u8uo0p16q96c4adz0qk/МАРКОН-ЛАБ Лого черный горизонт.png",/partners/partner/14369732/,ru,2026-06-23T16:24:12+00:00
21009456,Mail-Host.ru,https://mail-host.ru,"+7 495 128-08-87",post@mail-host.ru,https://www.1c-bitrix.ru/upload/iblock/58c/1urqf8yss1vi04y8elncy2jb5qfbidvq/mailhost_175x135.png,/partners/partner/21009456/,ru,2026-06-23T16:24:15+00:00
168588,Mediahead,https://mediahead.ru,"+7 495 118-44-38",hello@mediahead.ru,"https://www.1c-bitrix.ru/upload/iblock/6eb/vub9us95h570sbk5w0s6kmyslql143jw/Логотип Mediahead 2022-09_small.png",/partners/partner/168588/,ru,2026-06-23T16:24:17+00:00
383052,АЙТИЛЛЕКТ,https://www.itllekt.ru/,"+7 383 2330700",op@itllekt.ru,"https://www.1c-bitrix.ru/upload/iblock/1b9/b3r6wpfpbri1231fztdvhnnzu9dori02/logo_with_text-белый фон.png",/partners/partner/383052/,ru,2026-06-23T16:24:19+00:00
1880809,"КСК Сервис",https://ksk.perm.ru,"+7 (342) 293 3976",pk@rtural.ru,https://www.1c-bitrix.ru/upload/iblock/e69/pitvclibw33t8w6rzy6m8s6rqegmf8wl/logo-ksk.jpg,/partners/partner/1880809/,ru,2026-06-23T16:24:22+00:00
17393016,"МВС технология",https://mvs-ai.ru/,"+7 (995) 900-08-86",mvs@twin24.io,https://www.1c-bitrix.ru/upload/iblock/a47/ubzm641j0revzfyya2vtb2ngs9y0uk96/horizontal_tagline_on_corporate_by_175х85.jpg,/partners/partner/17393016/,ru,2026-06-23T16:24:24+00:00
13630282,BAZA23,https://baza23.ru,"+7 985 196-81-92",yegoshin@baza23.ru,https://www.1c-bitrix.ru/upload/iblock/9a8/pmk4d0kcryooyl8l6da9ncliinv6592q/baza23.jpg,/partners/partner/13630282/,ru,2026-06-23T16:24:27+00:00
25363544,"Доверь Дело",https://doverdelo.ru/,"+7 931 376-36-02",rop@doverdelo.ru,"https://www.1c-bitrix.ru/upload/iblock/b88/ichbsqwq11xn21wasisrar1ugkt7jp64/IMG_20250612_133702_245 (1) (1) (1) (1) (1).jpg",/partners/partner/25363544/,ru,2026-06-23T16:24:29+00:00
3135787,"Market Mentor",https://mmentor.ru,"+7 (342) 225 00 89",info@mmentor.ru,"https://www.1c-bitrix.ru/upload/iblock/ca5/Market Mentor.png",/partners/partner/3135787/,ru,2026-06-23T16:24:31+00:00
7285933,ДиасПро,https://crm.diaspro.ru/,"(347) 2160100",info@diaspro.ru,https://www.1c-bitrix.ru/upload/iblock/a9d/z15vtz2jky9m9h1el6j2w9xgagc1v0r5/logo.png,/partners/partner/7285933/,ru,2026-06-23T16:24:36+00:00
909383,"Kodiji IT",https://kodiji.com,+79104592074,info@kodiji.com,https://www.1c-bitrix.ru/upload/iblock/760/mzfp9x7apwkzfw105pidkpbjbh1a0udq/kodiji_logo.png,/partners/partner/909383/,ru,2026-06-23T16:24:39+00:00
1573679,Quaddro,https://crm.quaddro.ru,8-(4852)-33-90-34,info@quaddro.ru,"https://www.1c-bitrix.ru/upload/iblock/9a7/Логотип 175.jpg",/partners/partner/1573679/,ru,2026-06-23T16:24:41+00:00
6974533,БИТРУ,https://bitru.ru,+7(987)000-111-8,info@bitru.ru,https://www.1c-bitrix.ru/upload/iblock/e4a/Лого.png,/partners/partner/6974533/,ru,2026-06-23T16:24:44+00:00
15275506,KIT-IT,https://kit-it24.ru,"+7 (995) 088-22-60",kit-it24@mail.ru,"https://www.1c-bitrix.ru/upload/iblock/c6e/8roxyj93gwkhc6g63spi5efs565s2tqx/Лого новый kit-it.png",/partners/partner/15275506/,ru,2026-06-23T16:24:46+00:00
16819514,AYBOOST,https://Ayboost.com,89673785151,info@ayboost.com,https://www.1c-bitrix.ru/upload/iblock/62d/9fnjl0m60qwf01la5cxl412eeau7yl5h/Logo-AB-gold2.png,/partners/partner/16819514/,ru,2026-06-23T16:24:48+00:00
24033078,АйтиЛектика,https://itlektika.bitrix24site.ru,+79047888427,rechkinap@ya.ru,https://www.1c-bitrix.ru/upload/iblock/939/2uew1kyvwhuby84bpi9l6z068d6hoh6o/АйтиЛектика_логотип_175x135_прозрачный.png,/partners/partner/24033078/,ru,2026-06-23T16:24:51+00:00
6299537,Диол,https://www.diol-it.ru/,"+7 495 132 03 02",info@diol-it.ru,https://www.1c-bitrix.ru/upload/iblock/99d/dkuz5ht7caiog4jt06l3ftfh1uxqd1kh/logo_diol.jpg,/partners/partner/6299537/,ru,2026-06-23T16:24:53+00:00
9256069,ADVERTKA,https://digital-it-expert.ru/,+78126661264,hello@digital-it-expert.ru,https://www.1c-bitrix.ru/upload/iblock/10c/3606zqmefugbzodj2b8s76kisxdhydok/1.png,/partners/partner/9256069/,ru,2026-06-23T16:24:55+00:00
12482456,NSL-Marketing,https://nsl-marketing.ru,"+7 995 120 87 47",hello@nsl-marketing.ru,https://www.1c-bitrix.ru/upload/iblock/052/s2133b5tbyqchn0zwi2lzuxzm93xdu79/nsl.png,/partners/partner/12482456/,ru,2026-06-23T16:24:58+00:00
22556002,СИНК,https://sinkonsalt.ru,"+7 (921) 266-33-81",go@sinkonsalt.ru,https://www.1c-bitrix.ru/upload/iblock/a97/0lsq4f3r0v8no0uocz0sqfz7cqu69xyq/аватар_размер.jpg,/partners/partner/22556002/,ru,2026-06-23T16:25:00+00:00
143322,Фор-Медиа,https://irk.bitrix24site.ru,"(3952) 686-008",arguzov@for-media.ru,https://www.1c-bitrix.ru/upload/iblock/80c/3q22umwla446fn6qzzzjdy5l40kk37jd/b81346713c404bb65d09b4041907d232.png,/partners/partner/143322/,ru,2026-06-23T16:25:03+00:00
1148101,Grass,https://itnosov.ru,+7-909-189-10-10,404@grassweb.ru,https://www.1c-bitrix.ru/upload/iblock/d8a/8bc16xp9i0prb54mn96amixjb58mche7/1-+-веб-студия.png,/partners/partner/1148101/,ru,2026-06-23T16:25:08+00:00
4952227,Спектр-Гранд,https://seo-spektr.ru,"+7 (499) 490 0387",info@seo-spektr.ru,https://www.1c-bitrix.ru/upload/iblock/c2b/3la8t0ucpnlkegf1kft7etktlfdrvkeo/logo-birt.png,/partners/partner/4952227/,ru,2026-06-23T16:25:10+00:00
21382012,Айдеск,https://i-desk.pro/,+79097998899,info@i-desk.pro,"https://www.1c-bitrix.ru/upload/iblock/af2/xy4ilwjtkoib3kc6et6p872j6oxigtnz/Без имени-1.png",/partners/partner/21382012/,ru,2026-06-23T16:25:13+00:00
1595795,"Trace IT",https://www.trace-it.ru/,+74952562225,info@trace-it.ru,https://www.1c-bitrix.ru/upload/iblock/1bc/small-for-web.png,/partners/partner/1595795/,ru,2026-06-23T16:25:15+00:00
10402922,"Alfa Sales",https://alfasales.bitrix24site.ru,+79843333523,alfa.sales@inbox.ru,"https://www.1c-bitrix.ru/upload/iblock/709/17ry56bs8ihrejudfwxyo9rc960a060l/Снимок экрана 2024-10-15 в 13.29.png",/partners/partner/10402922/,ru,2026-06-23T16:25:18+00:00
9753653,"Прямая Выгода",https://pvburo.ru,"7 (343) 382-28-77",glv@pvburo.ru,"https://www.1c-bitrix.ru/upload/iblock/40e/v3p8s50bpjk58rpy9od97vj1awipwsxt/Лого ПВ 175 на 135 без фона.png",/partners/partner/9753653/,ru,2026-06-23T16:25:20+00:00
4077493,TEGAPRO,https://tegapro.ru/,+79535253000,info@tega.pro,https://www.1c-bitrix.ru/upload/iblock/187/mmd6xjvbqxx4ogxjs342mhmt2m2eo9dk/tgpro.jpg,/partners/partner/4077493/,ru,2026-06-23T16:25:23+00:00
6897557,Systemmatica,https://systemmatica.com,89200761542,info@systemmatica.com,"https://www.1c-bitrix.ru/upload/iblock/574/7k7uv87wooa0zfu7fza23ah1z3skagbf/logo (2).png",/partners/partner/6897557/,ru,2026-06-23T16:25:25+00:00
12661406,pakaln.ru,https://pakaln.ru,+79031178388,eduard@pakaln.ru,https://www.1c-bitrix.ru/upload/iblock/d71/k6ryh71jf7mpav5lbygo3herq2jq43v6/logo.png,/partners/partner/12661406/,ru,2026-06-23T16:25:27+00:00
14016480,Перец,https://raperec.ru/,"8 3522 611-660, +79091780002",sales@raperetc.ru,"https://www.1c-bitrix.ru/upload/iblock/b64/ml2q8sbueb4oman5ts5ndcgld7qu84u0/лого Перец — копия.jpg",/partners/partner/14016480/,ru,2026-06-23T16:25:30+00:00
241513,"Первый Сайт",http://1is.ru,"+7 (927) 912-78-99",mail@1is.ru,https://www.1c-bitrix.ru/upload/iblock/a30/1is_nl.png,/partners/partner/241513/,ru,2026-06-23T16:25:32+00:00
6972991,LuckyDuck,https://b24-svd2sb.bitrix24site.ru,"+7 9262680222",maxim@yappipri.ru,"https://www.1c-bitrix.ru/upload/iblock/7ce/uq55xitkfamki89g9pcydj0m8n1y0dd5/Лого end s.jpg",/partners/partner/6972991/,ru,2026-06-23T16:25:35+00:00
10589324,Феникс,https://b24.phoenix-web.ru/,"+7 (343) 290-50-06",info@phoenix-web.ru,https://www.1c-bitrix.ru/upload/iblock/4e0/24bhu3bjv2cxv0g2mkjnuuwdy94k7ife/phoenix_znak1.png,/partners/partner/10589324/,ru,2026-06-23T16:25:39+00:00
19125776,ЦЭУ,https://esc-kazan.ru/,88007005191,info@esc-kazan.ru,https://www.1c-bitrix.ru/upload/iblock/cbe/4tbthyrwwgd398njy1qllwpb5ljt3zh8/175x135.png,/partners/partner/19125776/,ru,2026-06-23T16:25:42+00:00
21831680,Elfsoft,https://elfsoft.ru,+74996492400,info@elfsoft.ru,https://www.1c-bitrix.ru/upload/iblock/64c/subz75nrmaw4fykzo3n7r0vprplvvhqn/Elfsoft-175x135.png,/partners/partner/21831680/,ru,2026-06-23T16:25:44+00:00
1571603,"MIVOKS group",https://mivoks.ru,"+7 (351) 776-15-60",info@mivoks.ru,"https://www.1c-bitrix.ru/upload/iblock/7a1/e3dt0ni0kdqguw3rkbqi5eck1grhajc0/mivoks (1).png",/partners/partner/1571603/,ru,2026-06-23T16:25:46+00:00
15490684,ОЛДЖИ,https://oldji.ru,+79051536646,info@oldji.ru,https://www.1c-bitrix.ru/upload/iblock/89d/t7vpw28nxzwko26myiwk3tp1yw8bfbcf/logo_OLDZHI_nn_1x.png,/partners/partner/15490684/,ru,2026-06-23T16:25:49+00:00
21586656,КротГрупп,https://krotgroup.ru,+79170333069,krotgroup@mail.ru,https://www.1c-bitrix.ru/upload/iblock/188/vbgiywlh2vsmc7bsifb5gink4vcff40h/лого.jpg,/partners/partner/21586656/,ru,2026-06-23T16:25:51+00:00
522052,Некстайп,https://nextype.ru,"+7 (800) 350-21-15",info@nextype.ru,https://www.1c-bitrix.ru/upload/iblock/d1d/nvgkg200drlseusa9gjip5assy9t4d5k/only-logo-small-partners.jpeg,/partners/partner/522052/,ru,2026-06-23T16:25:53+00:00
1253570,ATRealt,https://atrealt.ru,+79531179290,info@atrealt.ru,https://www.1c-bitrix.ru/upload/iblock/8dc/cwynuu2020u84krpusy6ft2spk7b8883/atrealt_logo_blue_512_bgwhite.png,/partners/partner/1253570/,ru,2026-06-23T16:25:56+00:00
16441794,"Информационные бизнес-технологии",https://ibnet.bitrix24.site,"+7 (861) 991-07-00",zakaz@ibnet.ru,https://www.1c-bitrix.ru/upload/iblock/72d/rflmg6lg48uszouzrdnloo29or9gu6ng/Logo.png,/partners/partner/16441794/,ru,2026-06-23T16:25:58+00:00
19249200,"Pride IT",https://it.davet.pro/bitrix24,89785757526,Prideit.group@yandex.ru,"https://www.1c-bitrix.ru/upload/iblock/ff3/k3dymaro7pvsnawpmxff3smc5x210uae/Без имени-1.jpg",/partners/partner/19249200/,ru,2026-06-23T16:26:01+00:00
23493548,"Феникс CRM",https://phoenix24.bitrix24site.ru,"+7 (936) 316-94-24",phoenixcrm@yandex.ru,https://www.1c-bitrix.ru/upload/iblock/73e/yd985kx6jy09s0roc6j3hfj41oaxmi0k/Phoenixcrm.png,/partners/partner/23493548/,ru,2026-06-23T16:26:03+00:00
4756,ИСИБ,https://isib.ru,"+7 3952 500-677",info@isib.ru,"https://www.1c-bitrix.ru/upload/iblock/3fe/9y0hsn0n8qe0kfqvfr84vml0z26x4ix6/Lolo 175 px.png",/partners/partner/4756/,ru,2026-06-23T16:26:06+00:00
235284,Меридиан,http://meridianlip.ru/,"+7 (951) 300-11-88",info@meridianlip.ru,https://www.1c-bitrix.ru/upload/iblock/244/e0ht2sc8xa4l6rq2og6j18aspf2dbmyv/logo_bitrix.jpg,/partners/partner/235284/,ru,2026-06-23T16:26:10+00:00
876114,Абарис,https://abaris.ru/,"+7 (383) 2-143-789",abaris@abaris.ru,https://www.1c-bitrix.ru/upload/iblock/478/header-logo[1].png,/partners/partner/876114/,ru,2026-06-23T16:26:13+00:00
2525625,"The Red Button",https://the-red-button.ru,"+7 902 932-79-48",info@the-red-button.ru,"https://www.1c-bitrix.ru/upload/iblock/f4b/Frame 6.png",/partners/partner/2525625/,ru,2026-06-23T16:26:15+00:00
23250002,БизнесАп,https://busnessap.ru/,+79031690065,pav2020@bk.ru,"https://www.1c-bitrix.ru/upload/iblock/188/62k20m2r1d2ykd6j6l9vkf5e1odhkm64/для битрикс.jpg",/partners/partner/23250002/,ru,2026-06-23T16:26:18+00:00
375708,"Кирилл Царенко",http://kirilltsarenko.ru,"+7 913 006-27-14",hello@kirilltsarenko.ru,https://www.1c-bitrix.ru/upload/iblock/3c9/90qycrgfj6wk684tt6oeerz115ujh84q/logo2.png,/partners/partner/375708/,ru,2026-06-23T16:26:20+00:00
15862068,"Mukhach IT",https://it.mukhach.com,"+7 958 201-99-15",it@mukhach.com,https://www.1c-bitrix.ru/upload/iblock/c9c/eurlbw02879vzsucbhh24mg6z28gu484/2024-07-10_18-31-38.png,/partners/partner/15862068/,ru,2026-06-23T16:26:23+00:00
15953748,rabbit,https://rabbitweb.ru,"+7 (342) 256-35-25",sale_b24@rabbitweb.ru,https://www.1c-bitrix.ru/upload/iblock/d3b/7c2g4ctglzpn1gyc28vt2pamntvzaiwn/0112.png,/partners/partner/15953748/,ru,2026-06-23T16:26:25+00:00
80013,"MAG Technologies",https://magtech24.ru/,"+7 (499) 577-01-00",mail@magtech24.ru,https://www.1c-bitrix.ru/upload/iblock/2be/x02vo6yn87yf80q9esfog1vr34q7p0s0/logomagtech3.png,/partners/partner/80013/,ru,2026-06-23T16:26:27+00:00
22501350,"Зарко ИТ Групп",https://rusitgroup.ru/,+74993228067,zarkoitgroup@yandex.ru,https://www.1c-bitrix.ru/upload/iblock/603/qz0vgfapfys27ye5wkf30diaa9ueehbx/Zarko_IT_Group_Logo_Small.jpg,/partners/partner/22501350/,ru,2026-06-23T16:26:30+00:00
23256042,СмартВижн,https://smartvision.su/crm,+79788565529,support@smartvision.su,https://www.1c-bitrix.ru/upload/iblock/38e/gcuh1d57wg1dba8a7l24c2up26686lf6/Logo_vert2.jpg,/partners/partner/23256042/,ru,2026-06-23T16:26:32+00:00
23456010,"Ivanenko Marketing",https://ivanenkomarketing.ru,"+7 (999) 828-22-44",bitrix24@ivanenkomarketing.ru,"https://www.1c-bitrix.ru/upload/iblock/447/sifbx6rjtfdmvw0yn3a3681mr4qlt580/2024-12-11 21.43.00.jpg",/partners/partner/23456010/,ru,2026-06-23T16:26:35+00:00
9177919,"Getsite Studio",https://getsite.pro,+79065399666,info@getsite.pro,https://www.1c-bitrix.ru/upload/iblock/5bf/289wgf8gn4ub1h374w888x8c4nmrsp8s/logo-white.png,/partners/partner/9177919/,ru,2026-06-23T16:26:37+00:00
11946772,Гравител,https://gravitel.ru,+74952302222,client@gravitel.ru,"https://www.1c-bitrix.ru/upload/iblock/81d/8a5o1ox9gibafyxs0wb30zw5ieggnqr8/Лого Гравител PNG.png",/partners/partner/11946772/,ru,2026-06-23T16:26:42+00:00
13700098,"Калининградский Центр Автоматизации КИТ",https://www.itkgd.ru,+7(4012)994828,bt24@itkgd.ru,https://www.1c-bitrix.ru/upload/iblock/07f/1j2q4smcslac8hxt8o2jjtlm3ek60c2p/logo_kca_nobg_for_bt24.png,/partners/partner/13700098/,ru,2026-06-23T16:26:44+00:00
148560,NEXLAB,https://nex-lab.ru,"+7 (916) 522-55-99",nexlabcc@gmail.com,https://www.1c-bitrix.ru/upload/iblock/a3a/8c81ajp46akxx45ckhlw9fp9bhbaqfqs/bitrix24_nexlab_4_180_1xzzz.png,/partners/partner/148560/,ru,2026-06-23T16:26:47+00:00
539573,SeoTemple,https://www.seotemple.ru,"+7 (499) 113-13-74",info@seotemple.ru,https://www.1c-bitrix.ru/upload/iblock/81a/xjtoyq0whhhipbwonwtxh2uoxw2besrj/logo.jpg,/partners/partner/539573/,ru,2026-06-23T16:26:49+00:00
825565,Миратроникс,https://miratronix.ru,"+7 930 321 0114",info@miratronix.ru,https://www.1c-bitrix.ru/upload/iblock/7b2/MIRATRONIKS_175.png,/partners/partner/825565/,ru,2026-06-23T16:26:52+00:00
1078503,WeBrain,https://we-brain.ru,"+7 920 0747497",info@we-brain.ru,"https://www.1c-bitrix.ru/upload/iblock/1c8/logo (2) copy.png",/partners/partner/1078503/,ru,2026-06-23T16:26:54+00:00
1241419,NooSoft,https://noosoft.ru/,+79206059345,bryansk@noosoft.ru,"https://www.1c-bitrix.ru/upload/iblock/fe5/yxbogowc09ahlotsho8jkeh5t5fs3a5f/NooSoft logo.png",/partners/partner/1241419/,ru,2026-06-23T16:26:57+00:00
5194905,ПО-Проект,https://www.poproekt.ru/,"+7 (8184) 59-81-80",mail@poproekt.ru,https://www.1c-bitrix.ru/upload/iblock/18f/e43/logo.png,/partners/partner/5194905/,ru,2026-06-23T16:26:59+00:00
7724443,"Адаптивные технологии",https://b24.notariatsoft.ru,"8 (800) 707 3503",uaa@notariatsoft.ru,https://www.1c-bitrix.ru/upload/iblock/5cb/lzjlu3bpt2hedaiduqs8q31lf9nfd6e7/Nota-small.png,/partners/partner/7724443/,ru,2026-06-23T16:27:02+00:00
15256332,"Enjoy Your Business24",https://eyb24.bitrix24.site,+79062037171,skolbus543@gmail.com,"https://www.1c-bitrix.ru/upload/iblock/16e/6yxk1fjndqb92koo9q8gj2tnczr3dnq8/Снимок экрана 2022-02-16 в 13.01.50.png",/partners/partner/15256332/,ru,2026-06-23T16:27:04+00:00
15948956,Synergy24,https://synergy24.ru/,+79186551907,synergy24.info@gmail.com,https://www.1c-bitrix.ru/upload/iblock/690/sfphibg3ly9wauvv9wcob8tfhve6wwxa/Безымянный-2.jpg,/partners/partner/15948956/,ru,2026-06-23T16:27:07+00:00
16377602,"Железный Маркетолог",https://железный-маркетолог.рф,"+7 901 469 30 10",snab@tehnomarketing.ru,https://www.1c-bitrix.ru/upload/iblock/a78/olok8l6u103h46nxu1y00730yijuqj88/logo_color_bitrix.png,/partners/partner/16377602/,ru,2026-06-23T16:27:10+00:00
16503478,Milatrix,https://milatrix.ru,+79166693822,b24@milatrix.ru,https://www.1c-bitrix.ru/upload/iblock/7e6/fqrqeymrf3n5pcnjiwwh2rzmr0mbplgc/lu_logo_135.png,/partners/partner/16503478/,ru,2026-06-23T16:27:14+00:00
16513458,ИТЛ-СЕРВИС,https://itl-service.ru,"+7 4742 50 53 50",corp@itl-service.ru,https://www.1c-bitrix.ru/upload/iblock/768/e2qqvjg2vj3lb1ile1kdr8skwnzuz1fp/logo_l.png,/partners/partner/16513458/,ru,2026-06-23T16:27:17+00:00
17899382,"Смарт Групп",https://smartgroup24.ru/,89834200877,sergoradnaev@yandex.ru,"https://www.1c-bitrix.ru/upload/iblock/e15/kpow2lb9hjnqeadfx3bnlztinfxc5qky/Лого Смарт.png",/partners/partner/17899382/,ru,2026-06-23T16:27:19+00:00
19083974,БИТЕК,https://betec.ru/,"+7 (495) 220-56-57",info@betec.ru,"https://www.1c-bitrix.ru/upload/iblock/60a/8lyiqismajpn0phl4fppw2wowgv16did/БИТЕК (175x52).png",/partners/partner/19083974/,ru,2026-06-23T16:27:21+00:00
19328172,"Джи-Эм-Си-Эс (GMCS)",https://www.gmcs.ru,+79255045066,emosyazh@gmcs.ru,"https://www.1c-bitrix.ru/upload/iblock/499/d2ptyy00am7hbpcuw0i5wy4nbhqpxjwx/GMCS_logo (2).png",/partners/partner/19328172/,ru,2026-06-23T16:27:24+00:00
20139266,"Центр решений",https://cr1c.ru,,taa@cr1c.ru,"https://www.1c-bitrix.ru/upload/iblock/e88/t3z7tjb96o3vc44ar1rlcigxqxklk03b/лого на битрикс.jpg",/partners/partner/20139266/,ru,2026-06-23T16:27:26+00:00
21087022,Айкономик,https://iconomiq.ru,+79110906081,CNMQ@yandex.ru,https://www.1c-bitrix.ru/upload/iblock/fe3/nkv67ik29ls0gvpbg5z0sgq860g6wc8x/175.png,/partners/partner/21087022/,ru,2026-06-23T16:27:28+00:00
25270834,"ШКОЛА ОКНА+",https://oknacrm.ru/,+79038934333,dd0813@yandex.ru,https://www.1c-bitrix.ru/upload/iblock/54b/j5ihzytil0l17of4kqjm6glkpos7o2rl/logo_sho.jpg,/partners/partner/25270834/,ru,2026-06-23T16:27:31+00:00
26219344,"Стандарт Айти",https://стандарт-айти.рф,89617091768,priem@stand-it.ru,"https://www.1c-bitrix.ru/upload/iblock/858/8fsthqv5a4xikzs1u1py4n16wycg4ure/Лого стандарт айти 150х135.jpg",/partners/partner/26219344/,ru,2026-06-23T16:27:33+00:00
27910328,СПЕКТР,https://itspectr.tech,+79172344544,info@itspectr.tech,https://www.1c-bitrix.ru/upload/iblock/b8b/ym1rwpygxqsikda39vw87rn4huy5brbz/spectrsm.png,/partners/partner/27910328/,ru,2026-06-23T16:27:35+00:00
28083200,Zezeba,https://zezeba.ru,"+74955320212 (доб. 277)",info@oldis-digital.com,"https://www.1c-bitrix.ru/upload/iblock/0dd/f0stl77cumiqkbcu439wq7d6e6gzh3np/logo (2).png",/partners/partner/28083200/,ru,2026-06-23T16:27:38+00:00
14575642,BitRocket,https://bitrocket24.ru,+79607442407,korolev44kos@gmail.com,https://www.1c-bitrix.ru/upload/iblock/b66/nd3ad8fmzofsx4svrkpwwzd4xmtbbbpv/imgonline-com-ua-Resize-0qe0K5gMkJlRQ4.jpg,/partners/partner/14575642/,ru,2026-06-23T16:27:40+00:00
19769268,Инелит,https://Inelit.com,89310080810,sale@inelit.com,"https://www.1c-bitrix.ru/upload/iblock/100/wozth1kppt01n884sa26q73m6ax05w3j/logo inelit text.png",/partners/partner/19769268/,ru,2026-06-23T16:27:45+00:00
23891700,"Свои Люди",https://a1245aa@mail.ru,79220440122,a1245aa@mail.ru,https://www.1c-bitrix.ru/upload/iblock/654/i83xwrgsy7xk4ebqeotdqq4tjoge0y0q/sl_logo.png,/partners/partner/23891700/,ru,2026-06-23T16:27:47+00:00
28140674,"БЮДЖЕТ-ПЛЮС (ООО ""Б-ПЛЮС"")",https://budget-plus.ru/,"+7 906 010-10-36",info@budget-plus.ru,https://www.1c-bitrix.ru/upload/iblock/46f/gzakez5iouydfjndpu0gyb768x1zdwa3/_logo-budget_plus-rgb-color-for_white_background.png,/partners/partner/28140674/,ru,2026-06-23T16:27:49+00:00
5820241,ММ7,https://mm7.ru,"+7 (8652) 21-76-65",mail@mm7.ru,https://www.1c-bitrix.ru/upload/iblock/8fc/vd6qn3o2bdow8gq35q67og4uzg9w2amk/224.png,/partners/partner/5820241/,ru,2026-06-23T16:27:52+00:00
19630722,"Бизнес Система Чайкина",https://бизсистема.рф,+79910002800,alexeychaikin@gmail.com,"https://www.1c-bitrix.ru/upload/iblock/c05/wvgqahv0jru1c9gvzzm0188wt6hd0yed/Chaikin business logo1 (1).jpeg",/partners/partner/19630722/,ru,2026-06-23T16:27:54+00:00
21374698,"Bear Digital",https://www.beardigital.ru,"+7 924 019-04-04",info@beardigital.ru,"https://www.1c-bitrix.ru/upload/iblock/e93/4q93a0ozszc1opi8yycnnp9b2s11xcgx/Group 322 (1).png",/partners/partner/21374698/,ru,2026-06-23T16:27:56+00:00
23773380,InCRM,https://incrm24.ru,"+7 (953) 952-71-80",info@incrm24.ru,https://www.1c-bitrix.ru/upload/iblock/0df/iea6tswyshbouygk7vrr9mzbot69pasy/Лого.jpg,/partners/partner/23773380/,ru,2026-06-23T16:27:59+00:00
27423376,НЕТРУТИНЕ,https://нетрутине.рф,89770723766,sales@netrutine.ru,"https://www.1c-bitrix.ru/upload/iblock/7ad/c6ygw4so85fa59h197n7z19cbgf3ilep/Снимок экрана 2026-03-07 в 21.40.25.png",/partners/partner/27423376/,ru,2026-06-23T16:28:01+00:00
243263,Sekai,https://www.sekai.ru,+7(915)6952540,timofeevyury@gmail.com,https://www.1c-bitrix.ru/upload/iblock/962/88o70cf4pegj49x7p2an5pa9frc0ip9h/logo_2x.png,/partners/partner/243263/,ru,2026-06-23T16:28:03+00:00
8321845,BUREN,https://www.xn----7sbhbkacxrkrhhgvc6ai.xn--p1ai/,79990320233,TEX@генератор-клиентов.рф,"https://www.1c-bitrix.ru/upload/iblock/6ee/o7c34m3ko2ubvycp3metjkn8wwfuywpc/Screenshot 2024-05-27 at 20.03.40.png",/partners/partner/8321845/,ru,2026-06-23T16:28:06+00:00
10033973,"Уайт Бухгалтерия",https://buhb24.bitrix24site.ru/,89612494227,Wbuh37@yandex.ru,"https://www.1c-bitrix.ru/upload/iblock/e54/2r045bcmc5uu69y33a2y0maof3junzmh/2 вар.png",/partners/partner/10033973/,ru,2026-06-23T16:28:08+00:00
11446152,MagnitBest,https://magnit.best,+79961347470,info@magnit.best,https://www.1c-bitrix.ru/upload/iblock/f80/rmsf6gaabj3xu89zj3shj2iq0yw05cay/magnit.png,/partners/partner/11446152/,ru,2026-06-23T16:28:10+00:00
9460597,"Digital Markets",https://dgtl.market/,"+7 (495) 669-1-321",info@dgtl.market,https://www.1c-bitrix.ru/upload/iblock/677/hioi35xwa4qsbk5k7pbb0irgw1kid8ga/logo_16.png,/partners/partner/9460597/,ru,2026-06-23T16:28:15+00:00
23329326,Bizmetriks,https://bizmetriks.ru/,"+7 (934) 047-77-99",info@bizmetriks.ru,"https://www.1c-bitrix.ru/upload/iblock/8c1/lmw6xsfvyenbvnfdo99nkiivwobkjk3a/Без имени-1.jpg",/partners/partner/23329326/,ru,2026-06-23T16:28:17+00:00
26838362,"Кирилл Берковский",https://kberkovskiy.ru/,89002858182,kberkovskiy@yandex.ru,"https://www.1c-bitrix.ru/upload/iblock/215/10aan4cd9i6csjehbwhz3q6n8kk48iul/2027 (1).jpg",/partners/partner/26838362/,ru,2026-06-23T16:28:20+00:00
1462828,"Nova Sphere",https://nova-sphere.ru/,+79681122013,info@nova-sphere.ru,"https://www.1c-bitrix.ru/upload/iblock/a76/Group (4).png",/partners/partner/1462828/,ru,2026-06-23T16:28:22+00:00
22048734,3ASOFT,https://3asoft.ru,+79177402323,info@3asoft.ru,https://www.1c-bitrix.ru/upload/iblock/520/3sxm5yf5uxjlkx3l0ezhgmk1bszcnb88/3AS_85x135.png,/partners/partner/22048734/,ru,2026-06-23T16:28:25+00:00
25792732,Лид+,https://leadplus-agancy.ru/,+79082712496,lead-agancy@mail.ru,https://www.1c-bitrix.ru/upload/iblock/a5b/099q654gy6jldcq0bdxvlrmtexbnn7iv/Лого.png,/partners/partner/25792732/,ru,2026-06-23T16:28:27+00:00
9761897,1CRM,https://www.crm-rpk.ru,"+7 (495) 414-26-62",info@crm-rpk.ru,https://www.1c-bitrix.ru/upload/iblock/cbe/sxgbrew12e3ee6nbqa6t92at92wcwner/logo-2.png,/partners/partner/9761897/,ru,2026-06-23T16:28:29+00:00
11845526,PROSPEKT,https://prospekt-web.ru,"+7 908 066-66-92",i@megapp.ru,https://www.1c-bitrix.ru/upload/iblock/90b/logo2.png,/partners/partner/11845526/,ru,2026-06-23T16:28:32+00:00
17472912,BitCase,https://bitcase.bitrix24site.ru,+79227434346,bitcase74@mail.ru,"https://www.1c-bitrix.ru/upload/iblock/3b9/dkwn09wkwh6mj8mf7066lduk7f8z113w/Логотип BitCase 130_130пкс.png",/partners/partner/17472912/,ru,2026-06-23T16:28:34+00:00
18389684,SinerTech,https://sinertech.ru,+79289571486,sinertech@yandex.ru,"https://www.1c-bitrix.ru/upload/iblock/178/zpdh710a55vua5p87bq3286ie446ix52/STnI7rmZG0_1x (1).png",/partners/partner/18389684/,ru,2026-06-23T16:28:37+00:00
12588000,Vendor,https://клиенты-строительство.рф,+79005262337,info@advendor.pro,"https://www.1c-bitrix.ru/upload/iblock/834/vr62nht69vkbwyubgo1ft1x3f668o1nw/Frame 1043.png",/partners/partner/12588000/,ru,2026-06-23T16:28:39+00:00
17022818,"Альба Групп",https://alba-group.pro,+7(843)2334585,info@alba-group.pro,"https://www.1c-bitrix.ru/upload/iblock/c1b/mc3dvkeayu9rmr3sj66355nliiarzqww/Alba group. logo.png",/partners/partner/17022818/,ru,2026-06-23T16:28:41+00:00
23511508,"Steam People",https://steampeople.ru,+79951399512,info@steampeople.ru,"https://www.1c-bitrix.ru/upload/iblock/3b4/23ikl7j6ovypkz4mghes99f8292harzj/steam people main logo small 4 vendor.jpg",/partners/partner/23511508/,ru,2026-06-23T16:28:46+00:00
642469,Олимп,https://olimp.ltd,+7(495)649-66-80,mail@olimp.ltd,https://www.1c-bitrix.ru/upload/iblock/4df/ogkvwd1odlo3x8t8cp4cy5vgogq9xdhi/imgonline-com-ua-Resize-etvRSv4bqOgj5G.jpg,/partners/partner/642469/,ru,2026-06-23T16:28:49+00:00
8593675,Винтра,https://wintramedia.ru,88463002169,info@wintramedia.ru,https://www.1c-bitrix.ru/upload/iblock/45a/i9sncdbyi57nnfdfci06x6yeuj2j043z/logo_text_blue_height-35.png,/partners/partner/8593675/,ru,2026-06-23T16:28:51+00:00
12990450,"КОНСАЛТ ХОЛЛ",https://konsalthall.bitrix24site.ru,89696688801,ahmedavarsky@yandex.ru,https://www.1c-bitrix.ru/upload/iblock/d6f/0wxd4rj7loqna00jsdkoi9d2m4jq53wv/result_Konsalt_Hall_logo_175x135.png,/partners/partner/12990450/,ru,2026-06-23T16:28:54+00:00
23497218,Работаем,https://rabotaem.bitrix24site.ru/,+79114291849,10.rabotaem@mail.ru,https://www.1c-bitrix.ru/upload/iblock/8c1/xmm2jr7xwirb88rlx2844dnt3jvueaz8/rabotaem_logo_g2_175.png,/partners/partner/23497218/,ru,2026-06-23T16:28:56+00:00
27837056,Structura24,https://www.structura24.ru/,+79956263865,structura24@yandex.com,"https://www.1c-bitrix.ru/upload/iblock/6f4/0f0f9wx62hxnof3k9mymsdm8zo6ylz16/2 — копия.png",/partners/partner/27837056/,ru,2026-06-23T16:28:58+00:00
1505573,Веб-Эталон,https://web-etalon.ru/,+7(4872)38-48-71,info@web-etalon.ru,https://www.1c-bitrix.ru/upload/iblock/7a3/5jehp4bj3l700jsdpey5o948m8efou6d/logo-var3.png,/partners/partner/1505573/,ru,2026-06-23T16:29:01+00:00
6729777,"Allied Marketing",https://www.alliedm.ru,8-903-846-12-12,ceo@alliedm.ru,"https://www.1c-bitrix.ru/upload/iblock/f2a/fsft2musrsfqt1fk4hxgf6a296jbivne/ALLIED логопит корпоративный цвет.png",/partners/partner/6729777/,ru,2026-06-23T16:29:03+00:00
12390552,VAIC,https://vaic.ru/,88002001074,info@vaic.ru,"https://www.1c-bitrix.ru/upload/iblock/b3e/q2874e1b9unddvbdr3omvhr2gktl13cj/vaic 175px.bmp",/partners/partner/12390552/,ru,2026-06-23T16:29:05+00:00
13203815,RedUnisystem,https://redunisystem.ru,+79780090548,friend@redunisystem.ru,"https://www.1c-bitrix.ru/upload/iblock/520/cijvrh1d8o6bau3zm82akyhfflfchv3l/рюс лого 169х135.jpg",/partners/partner/13203815/,ru,2026-06-23T16:29:08+00:00
9734729,helloData,https://hellodata.ru,"+7 911 1227933",info@hellodata.ru,https://www.1c-bitrix.ru/upload/iblock/3cf/apple-icon-120x120.png,/partners/partner/9734729/,ru,2026-06-23T16:29:10+00:00
9777551,"Be Projects",http://zhamsuevbair.ru/,+74952753030,105.bair@gmail.com,https://www.1c-bitrix.ru/upload/iblock/281/белый-на-синем.jpg,/partners/partner/9777551/,ru,2026-06-23T16:29:13+00:00
20335656,TEAM-73,https://team-73.ru/,"8 (863) 283-85-95",info@team-73.ru,"https://www.1c-bitrix.ru/upload/iblock/771/suyc59ygslinykxx67pfy13swtxaujra/Team 73__.png",/partners/partner/20335656/,ru,2026-06-23T16:29:17+00:00
7362249,GOREALLY,http://goreally.group,"+7 984 286-50-37",office-goreally@bk.ru,https://www.1c-bitrix.ru/upload/iblock/b18/imgonline-com-ua-Resize-yxuTWTmYFGlZWfj.png,/partners/partner/7362249/,ru,2026-06-23T16:29:20+00:00
422793,"Центр развития сайтов",https://crsnn.ru,+79307000021,af@crsnn.ru,https://www.1c-bitrix.ru/upload/iblock/a52/logo-3.png,/partners/partner/422793/,ru,2026-06-23T16:29:22+00:00
13107004,ИКС-ЧАС,https://x-chas.ru,+79092383623,m.6.1@yandex.ru,https://www.1c-bitrix.ru/upload/iblock/590/5kt18tvxf0d1iz59h354aym4ehe2etav/175.png,/partners/partner/13107004/,ru,2026-06-23T16:29:25+00:00
18620886,ABC-PROFIT,https://abcprofit.ru/,+79195470700,info@abcprofit.ru,https://www.1c-bitrix.ru/upload/iblock/fc1/cn9m0vk9b2jzxevvk5ctf8a9ska1pff1/лого175на135.jpg,/partners/partner/18620886/,ru,2026-06-23T16:29:27+00:00
602196,E2E4,http://www.e2e4gu.ru,"+7 (383) 3049950",bitrix@office.e2e4gu.ru,https://www.1c-bitrix.ru/upload/iblock/f82/e2e4_logo.png,/partners/partner/602196/,ru,2026-06-23T16:29:29+00:00
723912,F5,https://topintegrator.ru,"+7 (902) 286-56-47",info@topintegrator.ru,"https://www.1c-bitrix.ru/upload/iblock/83c/6sdl8vtt6vnnpy97e1n3nh40t0dl4qnp/Group 4.png",/partners/partner/723912/,ru,2026-06-23T16:29:32+00:00
7408877,"UNIQTRIP SOFT",https://uniqtripsoft.ru/,89384197688,info@uniqtrip.ru,"https://www.1c-bitrix.ru/upload/iblock/a75/Component 64.png",/partners/partner/7408877/,ru,2026-06-23T16:29:34+00:00
17828206,Аксиома,https://aksiomadev.ru,+78633075400,aksiomadev@yandex.ru,https://www.1c-bitrix.ru/upload/iblock/d7b/anveduxchbyo3s68wxxb164ummlo7k3n/2024-12-13_14-28-36.png,/partners/partner/17828206/,ru,2026-06-23T16:29:37+00:00
18210464,code-flow,https://code-flow.ru,,yaroslav@klimovitch.ru,"https://www.1c-bitrix.ru/upload/iblock/f69/ze6c7fj8kmnjlm5gcipm3vzskpftnuvh/лого 175х135.png",/partners/partner/18210464/,ru,2026-06-23T16:29:39+00:00
18385570,"Цифровые информационные решения",https://digitise.ru,"+7 (846) 933-36-26",help@digitise.ru,"https://www.1c-bitrix.ru/upload/iblock/669/shb95r2i2xjibxwxvj83of9g8yov2y0h/Digitise logo.png",/partners/partner/18385570/,ru,2026-06-23T16:29:41+00:00
21402648,"Диджитал Бридж",https://digitalbg.ru,"+7 (495) 023-98-55",evgeny@digital-bridge.ru,https://www.1c-bitrix.ru/upload/iblock/a77/7ieajne40l7xl0xbgip61j0y3l0oupud/digitalbridge.jpg,/partners/partner/21402648/,ru,2026-06-23T16:29:44+00:00
27026632,ВашCRM,https://vaschcrm.ru,89036180087,zakaz@vaschcrm.ru,https://www.1c-bitrix.ru/upload/iblock/c52/h7n5fkygsyl724jqyylft13i278xoz1w/vaschcrm_small.png,/partners/partner/27026632/,ru,2026-06-23T16:29:49+00:00
60922,KDM,https://www.artkornilov.ru,"+7 (920) 938-00-99",help@artkornilov.ru,https://www.1c-bitrix.ru/upload/iblock/c67/Логотип_175.png,/partners/partner/60922/,ru,2026-06-23T16:29:51+00:00
13023922,silver-IT,https://silver-it.ru,+79956168919,a89281613231@yandex.ru,https://www.1c-bitrix.ru/upload/iblock/15d/7ngldnr94tgg3aktf6rzb7z3j1zguiz6/Logo175.png,/partners/partner/13023922/,ru,2026-06-23T16:29:53+00:00
14017134,SeoУслуга,https://seousluga.ru/,"8 (800) 600-95-30",info@seousluga.ru,https://www.1c-bitrix.ru/upload/iblock/5b0/gbrs3cojwnajmw1m4d0m5kc10ew67263/изображение_2024-04-12_151530458.png,/partners/partner/14017134/,ru,2026-06-23T16:29:56+00:00
16487358,Saturday,https://www.saturd.ru/,+74993468926,ivan@saturd.ru,https://www.1c-bitrix.ru/upload/iblock/b54/dcmiwk6jsac5gzs6i452oijektf7yn1j/log.png,/partners/partner/16487358/,ru,2026-06-23T16:29:58+00:00
21063526,YouOnline24,https://youonline24.ru,"+7 (901) 078-95-30",info@youonline24.ru,https://www.1c-bitrix.ru/upload/iblock/824/iw2nsedu6d9ej6m7949e3p3ybf491a4r/Logo_noText_100.png,/partners/partner/21063526/,ru,2026-06-23T16:30:00+00:00
529706,"RMS GROUP",https://rms.group,"+7(495) 414-15-13",it@rms.group,https://www.1c-bitrix.ru/upload/iblock/9e8/pek0wmsqnc8pv58std9qlefrcxrr90wn/loglRMS.png,/partners/partner/529706/,ru,2026-06-23T16:30:03+00:00
649618,Positive2B,http://www.positive2b.ru,"+7 (495) 109-63-75",smile@positive2b.ru,https://www.1c-bitrix.ru/upload/iblock/4a5/ws9b3six5aogvzpxhi04vu6uu6cjz1ys/logo_kv.png,/partners/partner/649618/,ru,2026-06-23T16:30:05+00:00
1576089,"Insky Digital",https://insky.digital,+74993507512,info@insky.digital,https://www.1c-bitrix.ru/upload/iblock/fa7/zvq2w5fpxb5629myq01diox15ik8n1cp/Logo_nowords.png,/partners/partner/1576089/,ru,2026-06-23T16:30:08+00:00
21953562,Ремонтпк63,https://ремонтпк63.рф/,,fojro@mail.ru,"https://www.1c-bitrix.ru/upload/iblock/eae/bc408o4q8hpdn7tna237jxei051ga6ev/Логотип_175 x 135.jpg",/partners/partner/21953562/,ru,2026-06-23T16:30:10+00:00
24554708,НЭК,https://it-nec.ru/,"8 (423) 2‒406‒700",sales@groupit.ru,"https://www.1c-bitrix.ru/upload/iblock/e87/0td6n0561xdz78vytt5q0ehjaersspwo/НЭК лого 1 (1).png",/partners/partner/24554708/,ru,2026-06-23T16:30:12+00:00
25523306,Котлетошная,https://kotletoshnaya.ru,"+7 924 112-38-76",info@kotletosh.ru,"https://www.1c-bitrix.ru/upload/iblock/b35/fp3u15t61bl6tdn9y33m9o2w7bhozvbn/photo_2025-08-28_14-16-59 (3)low scale.png",/partners/partner/25523306/,ru,2026-06-23T16:30:15+00:00
758950,Bquadro,https://bquadro.ru,"+7 (812) 507-88-28",info@bquadro.ru,https://www.1c-bitrix.ru/upload/iblock/1b5/Logo-BQ-dlia-BITRIXA.png,/partners/partner/758950/,ru,2026-06-23T16:30:20+00:00
4564675,"Nice Digital",https://nicedigital.ru,+79155789023,hello@nicedigital.ru,https://www.1c-bitrix.ru/upload/iblock/730/3fydkfg6im1h9zb5wow3pyqjr0ym889m/HK8adS2XbUg.jpg,/partners/partner/4564675/,ru,2026-06-23T16:30:22+00:00
6541637,Вебсервер24,https://webserver24.ru,"8 (950) 642-42-07",info@webserver24.ru,https://www.1c-bitrix.ru/upload/iblock/1b6/120qbp1gfstam3cqqzm3mx0sanl2h4qe/битрикс.png,/partners/partner/6541637/,ru,2026-06-23T16:30:24+00:00
22284602,ИНСАЙТ,https://insite.su/,89384444084,hello@insite.su,"https://www.1c-bitrix.ru/upload/iblock/38d/dxha6aos5rsmo04xdq3nrsee1g23tdm6/Frame 1.jpg",/partners/partner/22284602/,ru,2026-06-23T16:30:27+00:00
25643932,Сфера,https://sferacrm.bitrix24site.ru,"+7 928 125-18-65",kolyada.en@mail.ru,https://www.1c-bitrix.ru/upload/iblock/5a3/8bp2z4992epyaic2v0pbbepvoknm28wk/logoSfera175.png,/partners/partner/25643932/,ru,2026-06-23T16:30:29+00:00
1229409,Web-Russian,https://web-russian.com,"+7 (4812) 60-15-30",info@web-russian.com,https://www.1c-bitrix.ru/upload/iblock/e61/u8l3j43mc05ar5kyrdk0jno0vsfy4lae/logo2.png,/partners/partner/1229409/,ru,2026-06-23T16:30:32+00:00
7503137,SPURT,https://crm.spurt.dev,+79043730000,start@spurt.dev,https://www.1c-bitrix.ru/upload/iblock/6d6/h8vvhsogdcbly1hhxe5bojpc5ocy7fwc/Logo_vertical_2.jpg,/partners/partner/7503137/,ru,2026-06-23T16:30:34+00:00
9232823,ЛанСерв,https://www.lan-serv.ru,"+7 (495) 109-07-06",doc@lan-serv.ru,https://www.1c-bitrix.ru/upload/iblock/aab/95oznugfzk6dydqsjdfv6u1q60hzraia/логоsmall.png,/partners/partner/9232823/,ru,2026-06-23T16:30:37+00:00
10318498,"Armata Technology",https://armata-tech.ru/,"+7 (924) 114-57-01",volosnov_pavel@mail.ru,"https://www.1c-bitrix.ru/upload/iblock/05b/35siglgeojyutdn89ig5fn1zj0ln56hb/Визитки ARMATA (кривые)2.png",/partners/partner/10318498/,ru,2026-06-23T16:30:39+00:00
15149990,ITsale,https://itsale.ru,"+7 499 390-30-07",zakaz@itsale.ru,https://www.1c-bitrix.ru/upload/iblock/7e3/hd8m49ao48u9wuaof0chyozbca8lmx8b/logo.png,/partners/partner/15149990/,ru,2026-06-23T16:30:41+00:00
17174418,Статус,https://statusagency.ru,+73822252475,hello@statusagency.ru,"https://www.1c-bitrix.ru/upload/iblock/665/yy0e422vilhtdq5mxlemuvgffjuh58e7/Logo Avatar.png",/partners/partner/17174418/,ru,2026-06-23T16:30:44+00:00
23038922,Flats,https://flats.bitrix24site.ru/,+79186394583,anatoliglinko@gmail.com,https://www.1c-bitrix.ru/upload/iblock/ae9/fpbtnwylyujv2wn5clfb65y0zf9gbqpu/flats_ver2.jpg,/partners/partner/23038922/,ru,2026-06-23T16:30:46+00:00
23298930,Bitrio,https://bitrio.ru/,89268203774,info@bitrio.ru,"https://www.1c-bitrix.ru/upload/iblock/518/i9esx90ima98y2zkb5t7zv998q2rywal/Frame 3.png",/partners/partner/23298930/,ru,2026-06-23T16:30:51+00:00
17825920,НастройКа,https://nastroyca.ru/,+79385201515,hello@nastroyca.ru,"https://www.1c-bitrix.ru/upload/iblock/6f1/6swv097l9q3ehf4z4zw8r3erqurugldz/лого маленькое.png",/partners/partner/17825920/,ru,2026-06-23T16:30:54+00:00
23117468,"АКЦЕПТ ГРУПП",https://mfo-pro.ru,"8 800 333-94-52",consult@mfo-pro.ru,https://www.1c-bitrix.ru/upload/iblock/7c2/20sd44azahd8zchl364yzgvnjtjhz7kh/лого_new_AcceptGroup.png,/partners/partner/23117468/,ru,2026-06-23T16:30:56+00:00
24637380,CRMonauts,https://crms.bitrix24site.ru/,+79627069925,j.s.kopteva@gmail.com,"https://www.1c-bitrix.ru/upload/iblock/146/vg9ktjkczvm04fujotakzdzs1w0bi70i/Лого Буськосмо (фон удален)мал.png",/partners/partner/24637380/,ru,2026-06-23T16:30:59+00:00
291526,SITECRAFTPRO,https://sitecraftpro.ru,+79122612543,info@sitecraftpro.ru,https://www.1c-bitrix.ru/upload/iblock/054/j8cqx3idxe9dbx14v7robvz17avwj5e1/logo.png,/partners/partner/291526/,ru,2026-06-23T16:31:01+00:00
5266593,zSoft,https://zsoft.pw,"+7 846 211-0706",info@zsoft.pw,"https://www.1c-bitrix.ru/upload/iblock/8a2/vh0o1iagcncr9ptmtyzcq5291tvi5il7/ZSoft Logo 1.png",/partners/partner/5266593/,ru,2026-06-23T16:31:04+00:00
7366355,YesPromo,https://YesPromo.ru,+79037980595,YesPromo@mail.ru,https://www.1c-bitrix.ru/upload/iblock/61f/2wmirztj05cdvua9vt12ea0s42eg469i/yes_promo_green_175px.png,/partners/partner/7366355/,ru,2026-06-23T16:31:07+00:00
11610350,Mkdev,https://mkdev.pro,89108691546,maksim.kalupin@gmail.com,https://www.1c-bitrix.ru/upload/iblock/784/jgdqlzwxxfd80jfmpyr6wmfncy2nn75d/logo.png,/partners/partner/11610350/,ru,2026-06-23T16:31:09+00:00
24985608,DevON,https://devondev.ru,+79317057060,ceo@devondev.ru,"https://www.1c-bitrix.ru/upload/iblock/cf8/h05f9z02t84i0v6gikl3sr6972ynbomx/Логотип Devon без фона-черный БИТРИКС.png",/partners/partner/24985608/,ru,2026-06-23T16:31:12+00:00
297282,Авекодо,https://avecodo.ru,"+7 812 425-65-42",hello@avecodo.ru,https://www.1c-bitrix.ru/upload/iblock/f95/ln954n3qc2y0msgw9pwgxkdv2uy6jac5/avecodo-logo-175.png,/partners/partner/297282/,ru,2026-06-23T16:31:15+00:00
1079917,"Siluet Studio",https://siluetstudio.com,"+7 812 313-22-25",siba@siluetstudio.com,https://www.1c-bitrix.ru/upload/iblock/7cd/logo_siluet_175x135.png,/partners/partner/1079917/,ru,2026-06-23T16:31:18+00:00
9273583,PanTheon,https://the-pantheon.ru,+79109632897,info@the-pantheon.ru,https://www.1c-bitrix.ru/upload/iblock/9c4/k5io4mls7otchquhqf7xdm3ain6n2out/logo_square_for_round-bitrix.jpg,/partners/partner/9273583/,ru,2026-06-23T16:31:20+00:00
14436736,"Lean IT",https://lean-it.ru,+74993942269,b24@lean-it.ru,https://www.1c-bitrix.ru/upload/iblock/439/7brxqcqg04wueql1gbhkbg8daalf07ra/logo_bitrix.png,/partners/partner/14436736/,ru,2026-06-23T16:31:25+00:00
17124824,PRO-B24,https://pr0-b24.ru/,+7-993-609-04-71,info@pr0-b24.ru,https://www.1c-bitrix.ru/upload/iblock/71b/qxvvge9zpmofua4axg3x18znyfypn6xy/pro_mini.png,/partners/partner/17124824/,ru,2026-06-23T16:31:27+00:00
27096186,"Зона автоматизации",https://zona.bitrix24site.ru/,+79953465381,com-zone@yandex.ru,"https://www.1c-bitrix.ru/upload/iblock/e61/3tok1p28x4n11icw6wam4b8pihut29yq/финальное лого 1.png",/partners/partner/27096186/,ru,2026-06-23T16:31:30+00:00
1846899,Интеллект-Плюс,https://intellekt48.bitrix24.site,+79103529097,bitrix24@intellekt48.ru,https://www.1c-bitrix.ru/upload/iblock/7f3/logobitrix_invert.jpg,/partners/partner/1846899/,ru,2026-06-23T16:31:32+00:00
9377783,Сибрил,https://sibril.ru/,"+7 (3812) 29-37-99",info@sibril.ru,"https://www.1c-bitrix.ru/upload/iblock/ea1/z9qrchhuelapd4i32nve324o9914fox5/Скриншот 29-06-2024 100913.jpg",/partners/partner/9377783/,ru,2026-06-23T16:31:35+00:00
15628484,"KhM legal service",https://khaustov-s.bitrix24.site/,+79102400434,office@khmlegal.ru,https://www.1c-bitrix.ru/upload/iblock/3ab/nj4roc0r6o2nbwqnbj3ee7fp7rg6rcnn/logokhm.png,/partners/partner/15628484/,ru,2026-06-23T16:31:37+00:00
15787328,"РУССКИЙ БИТ",https://b24.russ-bit.ru,+79268215029,info@russ-bit.ru,https://www.1c-bitrix.ru/upload/iblock/b6e/ef0zd3kdws0qg1ijcskmgmz9tpevnb6t/logo_3_1x.png,/partners/partner/15787328/,ru,2026-06-23T16:31:39+00:00
18505304,"Result x2",https://resultx2.ru,+79843330503,info@resultx2.ru,"https://www.1c-bitrix.ru/upload/iblock/f8d/ips5rg0pklr93hrg60psefo5qzh4pp7w/Лого квадрат.png",/partners/partner/18505304/,ru,2026-06-23T16:31:42+00:00
589186,SUPPORTix,https://supportix.ru/,"+7 (8422) 58-73-56",mail.us@supportix.ru,https://www.1c-bitrix.ru/upload/iblock/c72/logo.jpg,/partners/partner/589186/,ru,2026-06-23T16:31:44+00:00
9044071,ПроффИТ,https://proffit-site.ru,+79274997868,info@proffit-site.ru,https://www.1c-bitrix.ru/upload/iblock/6fe/1p4gfk4b3layhjvihib0n4a4b0pp61f9/logo.jpg,/partners/partner/9044071/,ru,2026-06-23T16:31:47+00:00
11464864,Alltel24,https://alltel24.ru,"+7 343 228-75-65",info@alltel24.ru,https://www.1c-bitrix.ru/upload/iblock/30d/4sea1huybrhwhw1bhhvajdrzik0r619w/newlogo.jpg,/partners/partner/11464864/,ru,2026-06-23T16:31:49+00:00
12513984,ББУ-Франчайзинг,https://ББУ-Франчайзинг.РФ,"+7 (937) 555-7-222",bbu-f@mail.ru,"https://www.1c-bitrix.ru/upload/iblock/137/qdy7ear2sguvnpgyd0nku8fly4jlfvsl/BBU_new_LOGO — копия 135.png",/partners/partner/12513984/,ru,2026-06-23T16:31:52+00:00
12981320,"Ваши Клиенты",https://vashy-klienty.ru,+78005517725,info@vashi-klienty.com,"https://www.1c-bitrix.ru/upload/iblock/652/4iuwmvqjj1u12twsua2hzbl2nnfjgwkd/logo 135x135.png",/partners/partner/12981320/,ru,2026-06-23T16:31:57+00:00
9250651,Рекурсиум,https://rekursium.ru,"+7 (495) 64-222-63",1@reksma.ru,https://www.1c-bitrix.ru/upload/iblock/331/tughjnkmnsqzygraipvzp72pv765e2dd/Логотип175.jpg,/partners/partner/9250651/,ru,2026-06-23T16:32:00+00:00
12308944,BiCRM,https://bicrm.ru,79637107719,skill@bicrm.ru,https://www.1c-bitrix.ru/upload/iblock/7e7/582ufp8sc3ll4vdsavrxjcnayilonx0d/7615.png,/partners/partner/12308944/,ru,2026-06-23T16:32:03+00:00
13190120,b2bintegrator,https://b2bintegrator.ru/,+79631093979,b2bintegrator@mail.ru,"https://www.1c-bitrix.ru/upload/iblock/480/v2gbgitmfo7gxmorzh2zpjw1bzswcfoe/мини 2.jpg",/partners/partner/13190120/,ru,2026-06-23T16:32:05+00:00
13624496,"KLS Digital",https://kls-digital.ru,+78125000552,info@kls-digital.ru,"https://www.1c-bitrix.ru/upload/iblock/e56/znxouff22rzuovqemfg7e6gu33ldyofz/lkz ,bnhs.png",/partners/partner/13624496/,ru,2026-06-23T16:32:08+00:00
21729086,"VR group",https://vr-group.tech/,"+7 993 422-55-76",info@vr-group.tech,https://www.1c-bitrix.ru/upload/iblock/ee9/e236za996mdmijgk9h9f1lxk0hluqdow/Screenshot_2.jpg,/partners/partner/21729086/,ru,2026-06-23T16:32:10+00:00
11413580,Фанатор,https://fanator.com/,+79377002022,info@fanator.com,https://www.1c-bitrix.ru/upload/iblock/649/fanator-logo.png,/partners/partner/11413580/,ru,2026-06-23T16:32:13+00:00
18829542,"РОП на связи",https://роп-на-связи.рф/,+79220403389,Igor@roponline.ru,"https://www.1c-bitrix.ru/upload/iblock/904/3ilw800bz1y8d6n1tcww6bwji0a6yj9i/для соц сетей лого — копия.png",/partners/partner/18829542/,ru,2026-06-23T16:32:15+00:00
1740657,OSDES,https://osdes.ru,"+7(4912) 510-978",info@osdes.ru,https://www.1c-bitrix.ru/upload/iblock/866/qncqpkybvoxee3o9alh1iq6ccdqw03w1/OSDES.png,/partners/partner/1740657/,ru,2026-06-23T16:32:17+00:00
7010055,vorlis,https://vorlis.ru,"+7 (910)4766212",vorotnikov_i@mail.ru,https://www.1c-bitrix.ru/upload/iblock/752/2gj6ygwi30j9jv5b8f42oh85liy0pquy/logo-07-1.png,/partners/partner/7010055/,ru,2026-06-23T16:32:20+00:00
15846226,Mitup,https://mitup.ru,"+7 995 2255872",info@mitup.ru,https://www.1c-bitrix.ru/upload/iblock/20d/g0eqzx9ngjskkybrn4lv13xqefb7t34d/mitup_ru.png,/partners/partner/15846226/,ru,2026-06-23T16:32:22+00:00
17584792,"Cloud Systems",https://cloudsystems.business,,hello@cloudsystems.business,"https://www.1c-bitrix.ru/upload/iblock/a0c/mvbi5gewkxccwrhdu8agkyzx6eayadai/Логотип 2 (175c135).jpg",/partners/partner/17584792/,ru,2026-06-23T16:32:25+00:00
27228310,LexTech,https://Lex-Tech.ru,89250910571,lextech.lab@gmail.com,"https://www.1c-bitrix.ru/upload/iblock/6f9/0u5f40lxhczopsnb49g2ha7k2tj4ti4s/Снимок экрана 2025-11-28 в 12.36.png",/partners/partner/27228310/,ru,2026-06-23T16:32:30+00:00
4346621,Конверсайт,https://conversite.ru,"+7 (391) 204-60-83",info@conversite.ru,https://www.1c-bitrix.ru/upload/iblock/888/5fj0gozt7nqvexznpzm7lva79rbwmhka/332.jpeg,/partners/partner/4346621/,ru,2026-06-23T16:32:32+00:00
17410620,"NORD IT",https://nord-it.ru,"8 921 408-11-11",welcome@nord-it.ru,https://www.1c-bitrix.ru/upload/iblock/9ab/11b9af9yiw46u5gogb71odp58c61rc8y/logo.png,/partners/partner/17410620/,ru,2026-06-23T16:32:34+00:00
23035406,Tensalt,https://tensalt.ru/,89804483111,team@tensalt.ru,https://www.1c-bitrix.ru/upload/iblock/9a3/7u0lf8uh7wybwjj9sjdl61lnxzma0q76/Logo_new.png,/partners/partner/23035406/,ru,2026-06-23T16:32:37+00:00
28132274,AIntellect,https://aintellect.studio,+79520955577,info@aintellect.studio,"https://www.1c-bitrix.ru/upload/iblock/494/xqjromamx2eeyt7bhih6jd1pzb7x2git/мой лого мал.jpg",/partners/partner/28132274/,ru,2026-06-23T16:32:39+00:00
119217,СОВА,https://biz24.websowa.ru/,"+7 (922) 242-10-41",sale@websowa.ru,https://www.1c-bitrix.ru/upload/iblock/14a/logo-bx.png,/partners/partner/119217/,ru,2026-06-23T16:32:42+00:00
2231903,СИСТЕМА,https://sys-tem.ru,"+7 (902)000-36-00",mail@sys-tem.ru,https://www.1c-bitrix.ru/upload/iblock/89e/bm9fb6ig41aqycx708wzha5rcsfkgktn/logo.png,/partners/partner/2231903/,ru,2026-06-23T16:32:44+00:00
15445094,М-Реклама,https://m-reklama.ru/,88122091224,info@m-reklama.ru,https://www.1c-bitrix.ru/upload/iblock/24e/9sgchc6bzclbbo6nrq8hrpizph71xqwe/m-reklama-175-135.png,/partners/partner/15445094/,ru,2026-06-23T16:32:46+00:00
17011404,Sites-CRM,https://sites-crm.ru/,+79042818140,info@sites-crm.ru,"https://www.1c-bitrix.ru/upload/iblock/cda/wvkn6xr9vgn169gx595cvpzwwx71vtv1/logo Sites-CRM 175x55.png",/partners/partner/17011404/,ru,2026-06-23T16:32:49+00:00
22410252,"IT Software Solutions",https://itsoftware.pro,"+7 (995) 222 97 03",info@itsoftware.pro,"https://www.1c-bitrix.ru/upload/iblock/955/3f5ugnxgossa8b24chuevyw0pp46wyhi/short_logo copy.png",/partners/partner/22410252/,ru,2026-06-23T16:32:51+00:00
19153070,"Ваш Бизнес Куратор",https://xn--80aae7avkcog2c.xn--p1ai/,"+7 925 205 4444",y.b.curator@gmail.com,https://www.1c-bitrix.ru/upload/iblock/7ba/ydw5tu7vkrbhwmq81aejabxrv52pg7ww/logoforb24.jpg,/partners/partner/19153070/,ru,2026-06-23T16:32:54+00:00
4240599,PR-Volga,https://pr-volga.ru/,"8 (800) 250-21-88",support@pr-volga.ru,https://www.1c-bitrix.ru/upload/iblock/3fd/Logo.jpg,/partners/partner/4240599/,ru,2026-06-23T16:32:56+00:00
6716883,IT-PSG,https://www.it-psg.com,"+7 (843) 514-88-66",mail@it-psg.com,https://www.1c-bitrix.ru/upload/iblock/562/PSG-it_159x159_1.png,/partners/partner/6716883/,ru,2026-06-23T16:33:01+00:00
8698425,FAMILY,https://familytm.ru/,"+7 951 350 02 87",info@family-web.ru,https://www.1c-bitrix.ru/upload/iblock/bae/h1g6gwt6ttx9yzw35gjeh1y1490gk420/Family.png,/partners/partner/8698425/,ru,2026-06-23T16:33:03+00:00
17168392,Businessb24,https://businessb24.ru/,"+7 (812) 302-63-14",tatyana@buhbusines.ru,"https://www.1c-bitrix.ru/upload/iblock/f52/iwmde5s0e9sgz3hz18p0c2axz4cu4gcy/для Битрикса.jpg",/partners/partner/17168392/,ru,2026-06-23T16:33:06+00:00
17999838,"The Liapustin",https://TheLiapustin.ru/,,TheLiapustin@gmail.com,"https://www.1c-bitrix.ru/upload/iblock/580/7dda7oc1eedosbx09wa52m7b6arenvwd/nhe1 1.png",/partners/partner/17999838/,ru,2026-06-23T16:33:08+00:00
27018356,YousIT,https://yousit.ru,+79274998685,yous.it@yandex.ru,https://www.1c-bitrix.ru/upload/iblock/068/rnjgmclspf85lsdm5yy02u2jmfiku382/Logoyousit.png,/partners/partner/27018356/,ru,2026-06-23T16:33:10+00:00
27420802,"Джэт САС",https://jetsas.ru,"+7 (921) 919-69-94",b24@jetsas.ru,"https://www.1c-bitrix.ru/upload/iblock/67e/xi4uccb22ldyqssji4apga7j6k5o2gsr/Logo Jet SAS B24.jpg",/partners/partner/27420802/,ru,2026-06-23T16:33:13+00:00
1072528,"Бест Бизнес Софт",https://best-bs.ru,+7(495)540-59-36,info@1c-best.ru,https://www.1c-bitrix.ru/upload/iblock/619/logo.jpg,/partners/partner/1072528/,ru,2026-06-23T16:33:15+00:00
1153138,Иннова,https://innova-lab.ru,"+7 (812) 937-05-22",info@innova-lab.ru,"https://www.1c-bitrix.ru/upload/iblock/0f9/9bxtu5wfeyh995uzzt1x8d4gujfeb5ws/innova-logo (3).png",/partners/partner/1153138/,ru,2026-06-23T16:33:18+00:00
5390979,ТОММИГАН,https://tommy-gun.pro,"8 800 250 91 50",info@tommy-gun.pro,https://www.1c-bitrix.ru/upload/iblock/5fa/лого-мелко.png,/partners/partner/5390979/,ru,2026-06-23T16:33:20+00:00
14006488,BXTechnologies,https://bxtechnologies.ru,+79519981369,info@bxtechnologies.ru,https://www.1c-bitrix.ru/upload/iblock/1ab/xmtpiu6slvlseniwswafsyehytfjwb1k/Bezymyannyy-1_1x.png,/partners/partner/14006488/,ru,2026-06-23T16:33:22+00:00
16994744,CRM-Интеграция,https://crm-integratsia.ru,+79217438060,support@crm-integratsia.ru,https://www.1c-bitrix.ru/upload/iblock/5bd/hrcseljreqpn1kk71r2txefgzoltlz5y/logo2.png,/partners/partner/16994744/,ru,2026-06-23T16:33:25+00:00
23169230,"ОПТИМАЛЬНОЕ РЕШЕНИЕ",https://optimasol.ru,,info@optimasol.ru,"https://www.1c-bitrix.ru/upload/iblock/819/33n7iwydmgy37r24qf0huksm9vzuq1t8/лого без фона Оптимальное решение 175x60.png",/partners/partner/23169230/,ru,2026-06-23T16:33:28+00:00
505428,Тэга,https://tega.ru/,"+7 473 239-03-04",tega@tega.ru,https://www.1c-bitrix.ru/upload/iblock/cff/vckwwyz7f8gwbqdyx2vsqym3xxcz0bmg/LogoTega.png,/partners/partner/505428/,ru,2026-06-23T16:33:32+00:00
1168612,"RU UP",https://ruup.ru,"+7 (495) 476-69-00",mail@ruup.ru,https://www.1c-bitrix.ru/upload/iblock/b3d/RUUP_LOGO_OK.jpg,/partners/partner/1168612/,ru,2026-06-23T16:33:35+00:00
1278757,Иностудио,https://inostudio.com/,"+7(495)6404500, +7(8634)320318",welcome@inostudio.com,https://www.1c-bitrix.ru/upload/iblock/4f2/ocawc8gvlv2ssn7wtmuwjmnbzv2ckuj6/ino-basic-bg.png,/partners/partner/1278757/,ru,2026-06-23T16:33:37+00:00
6694769,"Технологии и Бизнес",https://1ctab.ru,"8 800 555 31 44, +7 (495) 120-29-44, +7 (958) 578-08-04",sale@tab-is.ru,https://www.1c-bitrix.ru/upload/iblock/8f3/n78l81g3ynyx1kr8636ysmxhiq6wa8ds/logo_175.png,/partners/partner/6694769/,ru,2026-06-23T16:33:39+00:00
7086259,К-Сервис,https://k-service44.ru,"+7 (4942) 480-300",k-service44@yandex.ru,https://www.1c-bitrix.ru/upload/iblock/c0a/x90.jpg,/partners/partner/7086259/,ru,2026-06-23T16:33:42+00:00
7993041,Blagoit,https://blagoit.com/,"+7 (495) 797-96-89",info@blagoit.com,"https://www.1c-bitrix.ru/upload/iblock/ca5/wosj33r1g4ff9hdmqy4uazbm1s763x24/Снимок экрана 2024-07-18 в 18.02.52.png",/partners/partner/7993041/,ru,2026-06-23T16:33:44+00:00
10430620,"Решение Есть",https://строимотделпродаж.рф,8-950-154-57-98,273alex@gmail.com,https://www.1c-bitrix.ru/upload/iblock/db5/горизонтальное-2.png,/partners/partner/10430620/,ru,2026-06-23T16:33:47+00:00
16959380,"Интегратор CRM",https://lyaysan.bitrix24site.ru/,+79174951559,sabcrm@yandex.ru,https://www.1c-bitrix.ru/upload/iblock/b7d/zamcx1hs057yyn8u1wknc0hw6yr93dns/400_F_30638580_PEELlr0rytpLMOFATIXaMTbtoH7uo1E4-80x80.jpg,/partners/partner/16959380/,ru,2026-06-23T16:33:49+00:00
21185370,Podshivalov.pro,https://www.podshivalov.pro,+79034708260,mail@podshivalov.pro,"https://www.1c-bitrix.ru/upload/iblock/e6c/tkyi0hra8km2br9xw43drjoik1jrbbp6/logo mini.png",/partners/partner/21185370/,ru,2026-06-23T16:33:51+00:00
447699,Sobisweb,https://sobisweb.ru,"8 (800) 200-08-27",web@sibhoster.ru,https://www.1c-bitrix.ru/upload/iblock/bf4/Logo.jpg,/partners/partner/447699/,ru,2026-06-23T16:33:54+00:00
964416,"Красная рамка",https://redramka.ru/,"+7 (3822) 713-696; +7 (495) 266-67-61",hello@redramka.ru,https://www.1c-bitrix.ru/upload/iblock/e5a/ta9vbb27ibb677ezchan1bhr5n7wwh53/LOGO.jpg,/partners/partner/964416/,ru,2026-06-23T16:33:56+00:00
4197247,"Cometric Digital",https://cometric.ru/,+74951338729,hello@cometric.ru,https://www.1c-bitrix.ru/upload/iblock/3a5/logo_small.png,/partners/partner/4197247/,ru,2026-06-23T16:33:59+00:00
10930970,Sam73,https://sam73.ru,"+7 927 631-22-61",info@sam73.ru,https://www.1c-bitrix.ru/upload/iblock/036/ezm210vhaot4nc47udf1d2logb92ib70/logo.png,/partners/partner/10930970/,ru,2026-06-23T16:34:04+00:00
17759354,"Бюро Бизнес Проектирования",https://b24.b-bp.ru/,+79958861968,order@b-bp.ru,"https://www.1c-bitrix.ru/upload/iblock/673/pdp0210pd2timz2jjfwpjlep65onv3t3/Logo - ББП 6 135х135.png",/partners/partner/17759354/,ru,2026-06-23T16:34:06+00:00
22459858,ITLUTSIK,https://itlutsik.ru,+79933566911,sfihks@gmail.com,"https://www.1c-bitrix.ru/upload/iblock/cc8/4oh65kq6849djov4o94w23pjr98y81va/itlutsik_logo.png (битрикс).png",/partners/partner/22459858/,ru,2026-06-23T16:34:09+00:00
23331184,"Елизаров Бизнес Решения",https://el-ad.bitrix24site.ru/,+79936232818,el.ad.js@yandex.ru,https://www.1c-bitrix.ru/upload/iblock/7ae/gpfp9gpiz38qk36wt0e346dwepjlxj62/image_2024-12-28_12-21-50.png,/partners/partner/23331184/,ru,2026-06-23T16:34:11+00:00
2999,"Андрей Проскуряков",https://www.dstudio.ru,"+7 (903) 114-40-40",info@dstudio.ru,https://www.1c-bitrix.ru/upload/iblock/c3e/7uliwl8or6ch00eaxnske8mgby4u88d6/Andrey_Proskuryakov_001.png,/partners/partner/2999/,ru,2026-06-23T16:34:14+00:00
361202,eClient24,https://eClient24.ru,"+7 (499) 350-37-54",hello@eClient24.ru,https://www.1c-bitrix.ru/upload/iblock/37d/logo_final_eClient24_800-185.jpg,/partners/partner/361202/,ru,2026-06-23T16:34:16+00:00
593864,Кемплокс,https://kemplox.ru,"+7 992 205-77-55",info@kemplox.ru,"https://www.1c-bitrix.ru/upload/iblock/319/лого оригинал.jpg",/partners/partner/593864/,ru,2026-06-23T16:34:18+00:00
1781623,ISeeData,https://iseedata.ru,"+7(927) 966 46 86",info@iseedata.ru,https://www.1c-bitrix.ru/upload/iblock/d15/7np5kqwnykiwhd3wmqs20owv0yyqtd22/2024-05-20_10-13-18.png,/partners/partner/1781623/,ru,2026-06-23T16:34:21+00:00
5477565,INSTERA,https://instera.ru,"+7 (900) 029-69-16",dedenev@instera.ru,https://www.1c-bitrix.ru/upload/iblock/f78/dvgyx66bfrliwxv3rby4im2b2frryrom/logo_v5.png,/partners/partner/5477565/,ru,2026-06-23T16:34:23+00:00
10247116,Sg-lab.ru,https://Sg-lab.ru,89770501832,order@sg-lab.ru,https://www.1c-bitrix.ru/upload/iblock/89f/sh8q4l2zh5ystz4iugowbufn5rivqlux/logo175-135.png,/partners/partner/10247116/,ru,2026-06-23T16:34:26+00:00
10993504,In-sade,https://in-sade.ru,+79051990232,info@in-sade.ru,https://www.1c-bitrix.ru/upload/iblock/85f/imgonline-com-ua-Resize-uoog7ounatxTpUQ2.png,/partners/partner/10993504/,ru,2026-06-23T16:34:28+00:00
14216998,"SMM Prosto",https://smm-prosto.ru/,+79996068696,start@smm-prosto.ru,"https://www.1c-bitrix.ru/upload/iblock/f55/wahx0qvkr931kirw7lyp7n8xwy0y3dw0/photo_2025-07-10_18-37-52 (1) (1).png",/partners/partner/14216998/,ru,2026-06-23T16:34:31+00:00
17410790,Альфа-Альянс,https://alfacrm.ru,89288844334,2924334@mail.ru,https://www.1c-bitrix.ru/upload/iblock/fa4/ygoi8d0uxbrw86sfsl7c5s2qp3og1vr1/105x105.jpg,/partners/partner/17410790/,ru,2026-06-23T16:34:36+00:00
22948350,Дрягуновой,http://dryagunova.ru,"+7 (931) 352-70-79",dryagunova.studio@yandex.ru,https://www.1c-bitrix.ru/upload/iblock/f4f/xs6umqx3fvbqjtyrdr3kiuhcyi3t7lyl/logo_ds.png,/partners/partner/22948350/,ru,2026-06-23T16:34:38+00:00
24292656,АВКГ,https://one.bitrix24site.ru,"+7 923 442-41-52",vershalovskiy.bitrix@gmail.com,"https://www.1c-bitrix.ru/upload/iblock/67f/h6zfzkjbz545jg4zy1n4w4s9nj5k1h3q/АВКГ лого.png",/partners/partner/24292656/,ru,2026-06-23T16:34:40+00:00
24865668,"Фрирайд ИТ",https://www.freerideit.ru,"+7 495 414-38-00",info@freerideit.ru,https://www.1c-bitrix.ru/upload/iblock/3d6/rwilbflv8hl6x7wtpeezocozso1xh8xo/image.png,/partners/partner/24865668/,ru,2026-06-23T16:34:43+00:00
25222380,Калипта,https://kalipta.ru,"+7 926 551-81-65",info@kalipta.ru,https://www.1c-bitrix.ru/upload/iblock/960/nskcdz6pt2x0tem62wgl3dgidj5p75v2/logo-v02.png,/partners/partner/25222380/,ru,2026-06-23T16:34:45+00:00
237565,IT-DELTA,https://it-delta.ru,+7-800-511-34-70,delta@it-delta.ru,https://www.1c-bitrix.ru/upload/iblock/507/logo-h50.png,/partners/partner/237565/,ru,2026-06-23T16:34:48+00:00
11189172,DesignDirect,https://chadaev.com,"+7 985 100-25-55",vv@chadaev.com,https://www.1c-bitrix.ru/upload/iblock/ad5/i42zswvsd4yaiobvinkzmryvtxd4w9ig/logo_DD.png,/partners/partner/11189172/,ru,2026-06-23T16:34:50+00:00
16209578,"ПРОГРАММЫ 93",https://1c.programs93.ru,"+7 (499)444-54-91",info@programs93.ru,https://www.1c-bitrix.ru/upload/iblock/9d2/kx8nomoirhjzpja9gec80qj0lzhm1gh4/Логотип.png,/partners/partner/16209578/,ru,2026-06-23T16:34:53+00:00
946658,Inter-Web,https://iw-studio.ru/,"+7 (8634) 45-61-51",info@iw-studio.ru,https://www.1c-bitrix.ru/upload/iblock/f2b/Рисунок4.png,/partners/partner/946658/,ru,2026-06-23T16:34:55+00:00
7452075,ЭВИОН,https://www.ev-group.ru,89037346037,sale@ev-group.ru,https://www.1c-bitrix.ru/upload/iblock/3e4/bcjcq7yjf7imkgxi8fxu173ezeio3ave/evivonlogo.jpg,/partners/partner/7452075/,ru,2026-06-23T16:34:57+00:00
9750981,"ICS Media",http://ics-media.ru/,+79953707083,ps@ics-media.ru,https://www.1c-bitrix.ru/upload/iblock/78a/Increase-Sales-Logo.png,/partners/partner/9750981/,ru,2026-06-23T16:35:00+00:00
10387272,"5 звонков",https://5zvonkov.ru,+7(800)100-05-44,bitrix@5zvonkov.ru,https://www.1c-bitrix.ru/upload/iblock/535/8ujouwrolldtvi3yy1r72v8b99rudl81/logo5mini.png,/partners/partner/10387272/,ru,2026-06-23T16:35:02+00:00
13630474,ИТГИК,https://itgik.ru,8(863)3036381,info@itgik.ru,"https://www.1c-bitrix.ru/upload/iblock/20a/cz5ltsrf7qiy5113cchw80ceq6ldhh71/лого1 — копия.png",/partners/partner/13630474/,ru,2026-06-23T16:35:07+00:00
16385880,PROCRM,https://crm.php-proger.ru,89105285915,trueklg@yandex.ru,"https://www.1c-bitrix.ru/upload/iblock/7c4/wtnmknvenbu0ae2cdkfnx1gyfk1g5xlb/logoza.ru (2).png",/partners/partner/16385880/,ru,2026-06-23T16:35:10+00:00
25795582,"Здоровый Бизнес",https://healthybiz.ru,+79052052204,info@healthybiz.ru,"https://www.1c-bitrix.ru/upload/iblock/1dd/utfxcy154gnxfw7l6338gjp4xz6khe7d/Здоровый Бизнес Битрикс24.png",/partners/partner/25795582/,ru,2026-06-23T16:35:12+00:00
458509,Неос,https://neosweb.ru/,"(8443) 41-65-61, 8-960-894-0835",webmaster@neosweb.ru,https://www.1c-bitrix.ru/upload/iblock/a4c/logo_1.png,/partners/partner/458509/,ru,2026-06-23T16:35:15+00:00
17127366,"Грани менеджмента",https://www.grani-mn.ru,+79630203355,imerzlov@grani-mn.ru,"https://www.1c-bitrix.ru/upload/iblock/283/tm20dh3xe3bvu1djivu40s83kt1qhufo/logo_plus (2).png",/partners/partner/17127366/,ru,2026-06-23T16:35:17+00:00
20824698,"IT Success Partners","https:// it-success.ru",+79377135438,iptankushina@yandex.ru,"https://www.1c-bitrix.ru/upload/iblock/4a0/l6ienhzzluf4y7q1x8ulho0cmkydamj6/Logo 2 175x135.png",/partners/partner/20824698/,ru,2026-06-23T16:35:19+00:00
1093013,KOLORED,https://kolored.bitrix24site.ru/,"+7 9774313232",support@kolored.ru,https://www.1c-bitrix.ru/upload/iblock/acf/239pwwl55m1nxix70uu3gar9ru6xyg15/logok.png,/partners/partner/1093013/,ru,2026-06-23T16:35:22+00:00
1799281,"Different Way",https://difway.bitrix24.site,"+7 (499) 322-8252",b24@difway.ru,https://www.1c-bitrix.ru/upload/iblock/e8f/bitrix.jpg,/partners/partner/1799281/,ru,2026-06-23T16:35:24+00:00
21415762,ИТ-РЕШЕНИЕ,https://saastrade.ru,+73452692077,sale@072rus.ru,"https://www.1c-bitrix.ru/upload/iblock/32f/5129780ul7n9odndvova371nnzuq6vlr/ИТ-РЕШЕНИЕ копия.png",/partners/partner/21415762/,ru,2026-06-23T16:35:27+00:00
21870958,BCR.expert,https://bcr-expert.ru/,"+7 921 632-32-39",mail@bcr-expert.ru,https://www.1c-bitrix.ru/upload/iblock/64c/nmydf5pgwxy480y08d38umg6a1mnkwmh/лого.jpg,/partners/partner/21870958/,ru,2026-06-23T16:35:29+00:00
25219320,РеАктив,http://reaktivonline.ru/,89267270989,selina_a_a@mail.ru,"https://www.1c-bitrix.ru/upload/iblock/ed4/k2arl27xf7fhmysf6j0fhjhffazgdch2/WhatsApp Image 2025-11-04 at 19.36.31.jpeg",/partners/partner/25219320/,ru,2026-06-23T16:35:32+00:00
10212274,"Аллсан Интеграция",https://alsn.ru,"+7 (495) 260-04-03",mail@alsn.ru,https://www.1c-bitrix.ru/upload/iblock/74c/5mositabjxog4wx453428rgzjvnjf4y4/allsun-logo-175px.png,/partners/partner/10212274/,ru,2026-06-23T16:35:34+00:00
13688818,"Кайт Юнион",https://www.kiteunion.ru/,+79138993276,info@kiteunion.ru,https://www.1c-bitrix.ru/upload/iblock/8e5/r3k6f1oefnv95gti66sf1razoqxxg2mn/Logo_175x135_w.png,/partners/partner/13688818/,ru,2026-06-23T16:35:39+00:00
17463028,"Консалтинговый Дом",https://kd-partner.bitrix24site.ru,+79265000030,kogan.d.u@gmail.com,"https://www.1c-bitrix.ru/upload/iblock/ebe/h5j25hh33i7b0ghddqqxd63442yn4bzv/консалтинговый дом_круг 110х110.png",/partners/partner/17463028/,ru,2026-06-23T16:35:41+00:00
17779054,"Ковалайф CRM",https://kovalaifcrm.ru,+79213287800,info@kovalaifcrm.ru,https://www.1c-bitrix.ru/upload/iblock/ddc/tgyav6wnnwiu17k9sw594a53z4sz9gqw/imgonline-com-ua-Resize-DDFV99ikTo.jpg,/partners/partner/17779054/,ru,2026-06-23T16:35:44+00:00
18068276,Гратио,https://gratio.tech/,+79021233467,hello@gratio.tech,https://www.1c-bitrix.ru/upload/iblock/b0c/8s1q4030pyz9t1x2cw9rlu8ivxltmbnk/Avatar.png,/partners/partner/18068276/,ru,2026-06-23T16:35:46+00:00
164683,"АЛЬФА Системс",https://redsign.ru,"+7 (499) 350-47-13",pro@redsign.ru,https://www.1c-bitrix.ru/upload/iblock/c18/alfa-logo-200x250.png,/partners/partner/164683/,ru,2026-06-23T16:35:49+00:00
18398806,WannaFly,https://wf-agency.ru,"+7 (383) 209‒69‒93",pavel@wf-agency.ru,https://www.1c-bitrix.ru/upload/iblock/d93/qfvx4jjydswk1smf5uxgh4ycxwufjafy/logo.png,/partners/partner/18398806/,ru,2026-06-23T16:35:52+00:00
23039942,"ZOKY Digital",https://digital.zoky.ru,"+7 (911) 177-26-12",project@zoky.ru,https://www.1c-bitrix.ru/upload/iblock/42c/hwk8okbkd6ixpa23k7s80oo9ydbgtwkr/logozoky.png,/partners/partner/23039942/,ru,2026-06-23T16:35:54+00:00
23692528,Макселан,https://макселан.рф,,info@maxelan.ru,"https://www.1c-bitrix.ru/upload/iblock/cbc/1t7m1ndyazlbdokh0wnzb7et55pf1qe7/MAXELAN LOGO_small COLOR.png",/partners/partner/23692528/,ru,2026-06-23T16:35:57+00:00
20487998,ИНТЕГРАЦИЯ,https://integration.su,+79141383333,info@integration.su,https://www.1c-bitrix.ru/upload/iblock/5f5/49iy2l2jxhtg5kwvo8ka9yn819oqa1s7/лого1.jpg,/partners/partner/20487998/,ru,2026-06-23T16:36:00+00:00
3272,ЛюК-студия,https://www.luk-studio.ru,"+7 (969) 966-91-23",info@luk-studio.ru,https://www.1c-bitrix.ru/upload/iblock/ea2/logo_80x100_2variant.jpg,/partners/partner/3272/,ru,2026-06-23T16:36:02+00:00
297091,СайтТебе,https://www.sitetebe.ru,"+7 9027 220212",clients@st68.ru,https://www.1c-bitrix.ru/upload/iblock/62e/khti-vfwm-txlu.jpg,/partners/partner/297091/,ru,2026-06-23T16:36:05+00:00
330402,KRAWSTER,https://krawster.ru,"+7 969 777 61 81",info@krawster.ru,https://www.1c-bitrix.ru/upload/iblock/327/1ege1f9skx1n5tu2rr2cml6mmnmvx20s/krawster_logo_box_big.png,/partners/partner/330402/,ru,2026-06-23T16:36:07+00:00
7042629,Интек,https://webtekgroup.ru,"+7 (919) 687 2157",intek116@yandex.ru,https://www.1c-bitrix.ru/upload/iblock/63a/kwieli7y07qxog3e3qn1n3wf8f3akb3f/webtekgroup.png,/partners/partner/7042629/,ru,2026-06-23T16:36:12+00:00
7426685,NORDIS24,https://www.nordis24.ru,+79324372225,sale@nordis.su,https://www.1c-bitrix.ru/upload/iblock/fc7/x4s3ud7838gb6aadk30jbal20hz06cnx/Logo_128x135.png,/partners/partner/7426685/,ru,2026-06-23T16:36:14+00:00
9747671,"Алмаз Система",https://alsyst.ru,"+7 (927) 443-20-55",info@alsyst.ru,"https://www.1c-bitrix.ru/upload/iblock/cc3/hpfavalzx2z3wm27snlkb6ytctz2c8rs/Логотип Алмаз Система 175x135.PNG",/partners/partner/9747671/,ru,2026-06-23T16:36:16+00:00
16794034,"Онлайн касса.ру",https://online-kassa.ru/kupit/bitriks24/,"8 (800) 500-25-91",info@online-kassa.ru,https://www.1c-bitrix.ru/upload/iblock/d34/hc887j6p9r1a44h0ce8cu1h64hmv77ke/imgonline-com-ua-Resize-FYi7evf7iyqOJh.jpg,/partners/partner/16794034/,ru,2026-06-23T16:36:19+00:00
18158918,СкайСервис®,https://SKYPC.RU,,office@skypc.ru,https://www.1c-bitrix.ru/upload/iblock/d8f/tv3d9v4rjvom008wjdmfm6hnq3ajlxbg/Logo175.jpg,/partners/partner/18158918/,ru,2026-06-23T16:36:21+00:00
25975406,ФОРСЕТ,https://forset.ru,"+7 950 741-10-04",info@forset.ru,"https://www.1c-bitrix.ru/upload/iblock/a4d/mn32165gixf3nm3ppo8mtcjqg67gs3kr/logo (1).png",/partners/partner/25975406/,ru,2026-06-23T16:36:23+00:00
26381556,"Экспресс АйТи",https://экспресс-айти.рф/partner-bitrix24/,+79158779234,info@express-cloud.ru,https://www.1c-bitrix.ru/upload/iblock/ac7/3b7d11tmhepsplx5ltzhko641it0mr32/Лого2.png,/partners/partner/26381556/,ru,2026-06-23T16:36:26+00:00
356313,CreativА,http://creativa.su,"7 (909) 721 12 33",in@creativa.su,https://www.1c-bitrix.ru/upload/iblock/b16/by0ohuwf3tk539qaa854g0di1u7yp7xb/q.png,/partners/partner/356313/,ru,2026-06-23T16:36:28+00:00
1113989,Legacy,https://legacy-agency.ru/,"+7 905 240 64-67",info@legacy-agency.ru,https://www.1c-bitrix.ru/upload/iblock/b9e/sitap138wkyc3xcl7y0qd2ioj7okfi3f/short_990x898.png,/partners/partner/1113989/,ru,2026-06-23T16:36:30+00:00
1364895,"Alex Kote",https://alexkote.ru,"+7 (918) 11-222-77",info@alexkote.ru,https://www.1c-bitrix.ru/upload/iblock/7b9/6750.png,/partners/partner/1364895/,ru,2026-06-23T16:36:33+00:00
4773675,72SEO,https://72seo.ru/,89044995488,i@72seo.ru,https://www.1c-bitrix.ru/upload/iblock/e08/86n2tbjljh2gdm3o2f2gavqhmjh1ywex/2025-05-21_111000.jpg,/partners/partner/4773675/,ru,2026-06-23T16:36:35+00:00
10182598,Yakimov,https://yakimov.pro,+79179020749,info@yakimov.pro,https://www.1c-bitrix.ru/upload/iblock/fee/tq2qmcnwy51axu0vo1440kx16ryozpq5/Безымянный-1.png,/partners/partner/10182598/,ru,2026-06-23T16:36:37+00:00
14479232,ИНФОКОМ,https://www.infocompskov.ru,+78112660500,info@infocompskov.ru,https://www.1c-bitrix.ru/upload/iblock/117/vtnz8ca00tlnjr2rq2n2vr7gpre7rx0m/Лого2.jpg,/partners/partner/14479232/,ru,2026-06-23T16:36:42+00:00
14597476,Normaxion,https://b-mfc.bitrix24site.ru,89953165607,pillars34@bk.ru,https://www.1c-bitrix.ru/upload/iblock/92b/9tj71h7l04usfve0fsjeow5b2b4h7t2t/135.jpg,/partners/partner/14597476/,ru,2026-06-23T16:36:45+00:00
17935140,Микрон,https://micron73.ru,+79272708592,micron173@mail.ru,"https://www.1c-bitrix.ru/upload/iblock/006/d3ykrhodnaqxjdo4tgfjt6e99zlzq0ih/science (1).jpg",/partners/partner/17935140/,ru,2026-06-23T16:36:47+00:00
20453864,E-soft,https://esoft.tech/,"+7 922 041 9687",d.a.fominykh@esoft.tech,https://www.1c-bitrix.ru/upload/iblock/ef4/coj4vpgov5h8izhu17cdb4vg2wxjsg2q/medium_e57b493c04c150bc94e184271a616e1b.jpg,/partners/partner/20453864/,ru,2026-06-23T16:36:49+00:00
25369302,Lhost,https://lhost.ru,+7(812)385-49-50,info@lhost.ru,https://www.1c-bitrix.ru/upload/iblock/a69/y0nt697g6y92zjt6bkhdeozd1ped0rdj/lhost.png,/partners/partner/25369302/,ru,2026-06-23T16:36:52+00:00
525238,Медиалюкс,https://b24.medialux.ru/,"+7 (347) 222-87-00",medialux@medialux.ru,"https://www.1c-bitrix.ru/upload/iblock/2c7/rmq44o80l8c8phld6s2t08qlloak8pvl/Медиалюкс Логотип-900px.png",/partners/partner/525238/,ru,2026-06-23T16:36:54+00:00
24266,"Интернет Промоушен",https://www.internetpromotion.ru,"+7 981 797 7929",info@internetpromotion.ru,https://www.1c-bitrix.ru/upload/iblock/b44/logo_mini.jpg,/partners/partner/24266/,ru,2026-06-23T16:36:56+00:00
212737,"Zeffir Studio",https://www.zeffir.ru,"+7 (993) 471-15-00",info@zeffir.ru,https://www.1c-bitrix.ru/upload/iblock/97c/zeffir-logo1.png,/partners/partner/212737/,ru,2026-06-23T16:36:59+00:00
1841315,DMI,https://dmistudio.ru/,"+7 4722 777-897",info@dmistudio.ru,https://www.1c-bitrix.ru/upload/iblock/9e3/1ac8m7x0s6fgph13ww8cvmyu2dljxkzp/DMI_avatar_01.jpg,/partners/partner/1841315/,ru,2026-06-23T16:37:01+00:00
5613065,PetersburgStudio,https://petersburg-studio.com/,"+7 (993) 477-10-00",info@petersburg-studio.com,https://www.1c-bitrix.ru/upload/iblock/e8e/t3vqwn0x9816mutg2onhzk80up8q50d9/sp-2-sm.png,/partners/partner/5613065/,ru,2026-06-23T16:37:03+00:00
7870259,ruslanovna.ru,https://ruslanovna.ru/,"+7 9884212631",info@ruslanovna.ru,"https://www.1c-bitrix.ru/upload/iblock/0ae/433gxx5qoz0kdhpe7wvvjgw77tcasw82/Ruslanovna.ru (1).png",/partners/partner/7870259/,ru,2026-06-23T16:37:06+00:00
12862616,Альткорп,https://www.altcorp.ru,+78633226565,sales@altcorp.ru,https://www.1c-bitrix.ru/upload/iblock/3b5/logo_sm.png,/partners/partner/12862616/,ru,2026-06-23T16:37:08+00:00
17939932,"TSTeam (technical support team)",https://tsteam.online/,+79505471471,olga.tst@ya.ru,https://www.1c-bitrix.ru/upload/iblock/61c/ph4i0grnxm3k5aa5np01rbw1g22ddq8f/photo_2022-06-15_14-25-23.jpg,/partners/partner/17939932/,ru,2026-06-23T16:37:13+00:00
233286,"Софт Навигатор",https://softnavi.ru,"+7 (4932) 26-77-77",bitrix24@softnavi.ru,https://www.1c-bitrix.ru/upload/iblock/df2/logo_0V4BWBrA.png,/partners/partner/233286/,ru,2026-06-23T16:37:15+00:00
2457755,Креатайзер,https://creatizer.bitrix24site.ru/,+79507243290,info@creaitzer.ru,https://www.1c-bitrix.ru/upload/iblock/c6a/fedhzc6mfgc2wx7vo9l2v0rdrof2bchh/logo_instagram.jpg,/partners/partner/2457755/,ru,2026-06-23T16:37:17+00:00
11353114,"Единая Система",https://amons.ru/,+79170411040,one.sistema@mail.ru,"https://www.1c-bitrix.ru/upload/iblock/f22/prrfzr94r3j78mw593lvt685pifgi50c/WhatsApp Image 2024-12-24 at 14.15.33 1.png",/partners/partner/11353114/,ru,2026-06-23T16:37:20+00:00
18802044,"ARS Mechanica",https://arsmechanica.bitrix24site.ru,,antgruschin@yandex.ru,"https://www.1c-bitrix.ru/upload/iblock/a98/mjsbk0clzioykf6x368q0mx41mq7rle5/d54afb61-37e7-42d7-9a35-40d5f7a3ebf8 (1)(1).png",/partners/partner/18802044/,ru,2026-06-23T16:37:22+00:00
19313414,"CRM ВСЕМ",http://crm-vsem.ru/,"+7 9273627608",crmvsem@list.ru,"https://www.1c-bitrix.ru/upload/iblock/d60/u0012z6zgykzwwsvi18cna3fullrnjy7/CRM ВСЕМ 175 лого.png",/partners/partner/19313414/,ru,2026-06-23T16:37:25+00:00
22153630,Медпрофит,https://medprofit.pro,+74996771890,info@medprofit.pro,"https://www.1c-bitrix.ru/upload/iblock/abf/ixhmdd4tklbrw2glv4z13jf3415c42hu/logo medprofit fiol -175.png",/partners/partner/22153630/,ru,2026-06-23T16:37:27+00:00
22676460,"Глобал АйТи",https://ndigital.tech,89183506548,info@ndigital.tech,https://www.1c-bitrix.ru/upload/iblock/ee6/ib94f2jk10oeqy1w9hkp7wqxlmsp6he6/logo-git.png,/partners/partner/22676460/,ru,2026-06-23T16:37:29+00:00
25693240,NEMO24,https://donemo.ru,89852233428,qeepin@yandex.ru,https://www.1c-bitrix.ru/upload/iblock/9fd/6wjkwef85lk58qv8txeyluops5bhp52k/favicon.png,/partners/partner/25693240/,ru,2026-06-23T16:37:32+00:00
200009,Арсис-Принт,https://arsis-print.ru/,"+7 999 038-92-41",info@arsis-print.ru,https://www.1c-bitrix.ru/upload/iblock/d8a/ccqxm8170wvn90ppwywuhywybtyhwqz9/Frame.png,/partners/partner/200009/,ru,2026-06-23T16:37:34+00:00
910851,FATFOX,https://www.fatfox.ru/,+74952780898,info@fatfox.ru,https://www.1c-bitrix.ru/upload/iblock/955/cv83jkgusejphk70h4j5z94vdaalkjh9/fatfox-logo-175x135.png,/partners/partner/910851/,ru,2026-06-23T16:37:36+00:00
963712,"Павел Шулаев",https://rover-it.me,"+7 9223352230",hello@rover-it.me,https://www.1c-bitrix.ru/upload/iblock/e84/jdhud6me7s1jyygddas1p2gn6mf2lahi/logo.png,/partners/partner/963712/,ru,2026-06-23T16:37:39+00:00
6043245,Domodigital,https://domodigital.ru/?utm_referrer=B24partner,+79263058075,info@domodigital.ru,https://www.1c-bitrix.ru/upload/iblock/c9c/ku0a513veiqtv14e25mlm6c4bqpvukhs/white-logo-01.png,/partners/partner/6043245/,ru,2026-06-23T16:37:44+00:00
6264697,"ХОЧУ САЙТ",https://хочу-сайт.москва,"+7 (495) 128-00-14",info@хочу-сайт.москва,https://www.1c-bitrix.ru/upload/iblock/a76/ihzn7gjx2ht2pqolak9oodh3etowy4ol/logo.png,/partners/partner/6264697/,ru,2026-06-23T16:37:46+00:00
12079436,СyberproCRM,https://cyberprocrm.ru/,"+7 499 112-48-19",info@cyberprocrm.ru,https://www.1c-bitrix.ru/upload/iblock/fd4/xrabekpu6y71n1qp752fugzksso0ewwu/LogoMakr-5ikzry_175.png,/partners/partner/12079436/,ru,2026-06-23T16:37:48+00:00
18257932,"Смарт Бизнес",https://smartb24.ru,+7(843)558-70-58,info@smartb24.ru,https://www.1c-bitrix.ru/upload/iblock/c1b/5tnl01tmf9giifplz6p8qktmowiv983a/logoNewNoBgSmall.png,/partners/partner/18257932/,ru,2026-06-23T16:37:51+00:00
20884596,ОРКА,https://www.orca.codes/,+79956473606,info@orca.codes,"https://www.1c-bitrix.ru/upload/iblock/66b/bp3sqxcc75foroiitwx86x4s92uub1ly/orca codes_Б24.png",/partners/partner/20884596/,ru,2026-06-23T16:37:53+00:00
22290078,"Сергей Рожанский | Бизнес-трекер",https://biznestreker.top/,"+7905 095-88-99",partner@biznestreker.top,"https://www.1c-bitrix.ru/upload/iblock/d1f/2f9r4ypdeeicn15nkj8296nvyvty65er/Сергей Рожанский (175х98).png",/partners/partner/22290078/,ru,2026-06-23T16:37:55+00:00
1379478,"DNT Digital",https://dnt-digital.ru,"+7 (804) 700-42-21",hi@diez.io,"https://www.1c-bitrix.ru/upload/iblock/1a9/m3famns7jsiztfwvkdwp4v9t69nldg6w/bitrix 24 dnt.png",/partners/partner/1379478/,ru,2026-06-23T16:37:58+00:00
7878061,"Марка диджитал",https://markadigital.ru,+7(495)127-04-84,hello@markadigital.ru,https://www.1c-bitrix.ru/upload/iblock/4be/db8chh2nqdcfjg072p61asab63oq58u5/Eng_Black.png,/partners/partner/7878061/,ru,2026-06-23T16:38:00+00:00
12787844,"Оптимальные бизнес решения",https://ob-solutions.ru,"+7 (905) 075-94-83",contact@ob-solutions.ru,https://www.1c-bitrix.ru/upload/iblock/761/jprvlt2mxy9j3ogmvgkk9wch5oqojuko/logo_обр.png,/partners/partner/12787844/,ru,2026-06-23T16:38:03+00:00
20966260,ИнсайтКонсалт,https://insightconsult.ru,+79151781566,info@insightconsult.ru,"https://www.1c-bitrix.ru/upload/iblock/10c/exn4po7wygg44zxsi1djpo5ga6c93gq0/ЛОГО Инсайт.png",/partners/partner/20966260/,ru,2026-06-23T16:38:05+00:00
23110960,"ДОКА ИТ",https://doka-it.ru/,"+7 495 120-55-65",info@doka-it.ru,https://www.1c-bitrix.ru/upload/iblock/9f9/2lt2sw16m2teqij2xsi7l1g3vjs4d6rk/170х105.png,/partners/partner/23110960/,ru,2026-06-23T16:38:08+00:00
13228142,SVETCORE,https://svetcore.com,+79999991992,mail@svetcore.com,https://www.1c-bitrix.ru/upload/iblock/a70/zt6wk0w4f4f8dsptqxzbog79o6jeuavh/svetcore.png,/partners/partner/13228142/,ru,2026-06-23T16:38:10+00:00
13650882,МБТ-ГРУПП,https://mbtgroup.ru,"+7 964 006 35 38",mbt_group@mail.ru,https://www.1c-bitrix.ru/upload/iblock/3fc/ktys3310taz5nwxj3x7iuoe3ehk1v3ay/ЛОГО.png,/partners/partner/13650882/,ru,2026-06-23T16:38:15+00:00
16632486,milshin.pro,https://www.milshin.pro,"+7 981 077-88-87",mail@milshin.pro,"https://www.1c-bitrix.ru/upload/iblock/cee/ppyyw38f5kx5jetyzdveeu5kzbz5tgad/Снимок экрана 2024-07-03 в 08.48.png",/partners/partner/16632486/,ru,2026-06-23T16:38:17+00:00
18426730,ItAzarov,https://itazarov.bitrix24site.ru/,79229953158,7343129@gmail.com,https://www.1c-bitrix.ru/upload/iblock/590/n3nbruit8r5cfhfap4ybpb160unidum2/photo_2023-04-21_14-37-30.jpg,/partners/partner/18426730/,ru,2026-06-23T16:38:19+00:00
198225,Бихайв,https://beehive.ru/,84923477900,main@beehive.ru,"https://www.1c-bitrix.ru/upload/iblock/165/5lv39djhpb9kkvk4iveb8hmifbvojjch/Logo Beehive.png",/partners/partner/198225/,ru,2026-06-23T16:38:22+00:00
1371645,DoWeb.PRO,http://doweb.pro/,"+7 (495) 2666164",support@doweb.pro,https://www.1c-bitrix.ru/upload/iblock/d9b/2018-09-27_16-49-36.png,/partners/partner/1371645/,ru,2026-06-23T16:38:24+00:00
7949977,"Система Плюс",https://sistema-plus.su,+74112402378,zakaz@sistema-plus.su,"https://www.1c-bitrix.ru/upload/iblock/b14/25pqcseccg69vvcd8019i8dpd6b40vfh/Лого маленький7кб.jpg",/partners/partner/7949977/,ru,2026-06-23T16:38:27+00:00
11817010,G4-IT,https://g4-it.ru/,"+7 (910) 742-90-29",g4media@yandex.ru,"https://www.1c-bitrix.ru/upload/iblock/d57/906n6066hv4vlqeyt8g0gndlqsywqhmz/G4 синий.png",/partners/partner/11817010/,ru,2026-06-23T16:38:29+00:00
12923192,РАМКЬЮ,https://ramq.info/,"+7 980 217-67-13",ramq.business.maris@gmail.com,https://www.1c-bitrix.ru/upload/iblock/2da/0lytgy14p5f3ea296hf76bhow17uq4c3/ramq.png,/partners/partner/12923192/,ru,2026-06-23T16:38:31+00:00
17284406,"Цифровые роботы",https://цифровыероботы.рф,"+7 (914) 647-00-45",info@dbots.ru,"https://www.1c-bitrix.ru/upload/iblock/2a9/q2iikw7rkhcwgldvz2w9wrmt3zekey0k/Лого без фона и рамки 175.png",/partners/partner/17284406/,ru,2026-06-23T16:38:34+00:00
23393264,FULLCRM,https://fullcrm.ru/,88002004842,inirkhairullin@gmail.com,"https://www.1c-bitrix.ru/upload/iblock/9d2/fi2mq14x9bjpeafdkkisro4ot9zu48ic/origina3333 (1).png",/partners/partner/23393264/,ru,2026-06-23T16:38:36+00:00
23862340,SITE.ADDRESS,https://siteaddress.ru,89182593414,info@siteaddress.ru,https://www.1c-bitrix.ru/upload/iblock/857/te10bs58zsfdl03g6pi3qildkryavf0u/logo.siteaddress.png,/partners/partner/23862340/,ru,2026-06-23T16:38:38+00:00
1183768,СайтоГенез,https://sitegenez.ru,"+7 925 553 47 17",info@sitegenez.ru,"https://www.1c-bitrix.ru/upload/iblock/893/x3b54gwdj674szozylkbge06ldpr3ji4/Saytogenez 1 (1).png",/partners/partner/1183768/,ru,2026-06-23T16:38:41+00:00
16044818,"Вионви Лайт",https://vlite.ru,"+7 (861) 217-66-58",in@vlite.ru,"https://www.1c-bitrix.ru/upload/iblock/3f5/heg4iwv259upvdhk10x09t8y5ycf7ibu/вионвилайт — копия.png",/partners/partner/16044818/,ru,2026-06-23T16:38:46+00:00
19572806,Crm-Masters,https://crm-masters.ru/,+79057500948,info@kaznagk.ru,https://www.1c-bitrix.ru/upload/iblock/369/jrq2p7jsgqkvhmg23sgvz2vwce3d5o0y/logoza.ru.png,/partners/partner/19572806/,ru,2026-06-23T16:38:48+00:00
23024460,АРОМОРФОЗ,https://aromorphos.ru/,"+7 (958) 804-80-64",info@aromorphos.ru,"https://www.1c-bitrix.ru/upload/iblock/93d/oa8r2sdbwo0a8d91pq8dhlzn2i29crtq/Aromorphos logo bitrix24 1х.png",/partners/partner/23024460/,ru,2026-06-23T16:38:51+00:00
23378024,Волга-Автоматика,https://npk-va.com/,"(843) 526-73-10",info@npk-va.com,https://www.1c-bitrix.ru/upload/iblock/6a1/353xj8rew131luwuydyfz2xp4o36iyst/logo_175_2.png,/partners/partner/23378024/,ru,2026-06-23T16:38:53+00:00
25716210,СТОТЕК,https://ctotek.com/,+79371830005,sales@ctotek.com,"https://www.1c-bitrix.ru/upload/iblock/aa4/oq1uj49hfucjai1fzxpyou0kn40ru5k2/LOGO_100tek-1 (1).png",/partners/partner/25716210/,ru,2026-06-23T16:38:55+00:00
235108,АйПромо,https://ipromo.ru,(495)6629543,klimov@ipromo.ru,https://www.1c-bitrix.ru/upload/iblock/9ad/logo_175.jpg,/partners/partner/235108/,ru,2026-06-23T16:38:58+00:00
13377830,Integra63,https://integra63.site/,+79639104185,integra_63@mail.ru,https://www.1c-bitrix.ru/upload/iblock/625/Integra63_3.png,/partners/partner/13377830/,ru,2026-06-23T16:39:00+00:00
1908075,Альтер,https://alterclub.ru/bitrix,89244030437,alter@alterclub.ru,"https://www.1c-bitrix.ru/upload/iblock/c1f/hdqrxh2800l95xqm9qpn8w3ydfz0b10x/Лого посл ред (1).png",/partners/partner/1908075/,ru,2026-06-23T16:39:03+00:00
3701529,"DA «2K»",https://hochu.site/,+79313330343,ya@hochu.site,https://www.1c-bitrix.ru/upload/iblock/665/8ie56xoko6hbt38od7ulwh0i48apreqj/logo_new_norm.png,/partners/partner/3701529/,ru,2026-06-23T16:39:05+00:00
10225512,СЕРВИС-ПАРТНЕРЫ,https://service-partners.ru,"+7 (903) 296-65-10",company@service-partners.ru,https://www.1c-bitrix.ru/upload/iblock/bdf/sapliralcb6encesldzsdhehx3nj6ifz/logo-small.png,/partners/partner/10225512/,ru,2026-06-23T16:39:08+00:00
15763480,SOFTKEY,https://softkey72.bitrix24site.ru,"+7 (982) 977 45 88",info@softkey72.ru,https://www.1c-bitrix.ru/upload/iblock/22a/nqfmkamcofjj5d18hs7rxmukkyhyz9rh/SK.jpg,/partners/partner/15763480/,ru,2026-06-23T16:39:10+00:00
16309238,ITtoBIZ,https://ITtoBIZ.ru,+79130190717,bitrix@ittobiz.ru,"https://www.1c-bitrix.ru/upload/iblock/873/psid5nd31m8bnmusr5ynrbalb1t2v5lw/cover 100х22.png",/partners/partner/16309238/,ru,2026-06-23T16:39:13+00:00
27093086,"Вектор Внедрения",https://vector-vnedrenia.ru,+7-930-209-02-00,info@vector-vnedrenia.ru,https://www.1c-bitrix.ru/upload/iblock/463/0wqba6awuxacv9m95o4vw3vnzmgysrcq/Логотип.jpeg,/partners/partner/27093086/,ru,2026-06-23T16:39:18+00:00
6074237,Симплком,https://simplecom24.ru/?utm_source=pbitrix,+78312351448,info@simplecom24.ru,"https://www.1c-bitrix.ru/upload/iblock/4df/0wwwoy10ixyti8m57gdnm0gki8tqzpb4/логотип для сайта Битрикс 175 по длинной стороне.png",/partners/partner/6074237/,ru,2026-06-23T16:39:20+00:00
12753510,"Цифровое управление",https://dc-24.ru,89878879753,office@dc-24.ru,"https://www.1c-bitrix.ru/upload/iblock/0f3/a22w643n8patgzxeylppz7jv7nyckvb9/logo-consalt 175-53.png",/partners/partner/12753510/,ru,2026-06-23T16:39:23+00:00
15983842,GSMB2B,https://gsmb2b.ru,+79955371195,gsmb2b@yandex.ru,"https://www.1c-bitrix.ru/upload/iblock/dae/uojnnrxu23wvwm3gzi0y01rl20vo2ad1/GSMB2B-logo — копия.png",/partners/partner/15983842/,ru,2026-06-23T16:39:25+00:00
20458692,Ori-Gami,http://ori-gami.ru/,+79120772909,biz@ori-gami.ru,"https://www.1c-bitrix.ru/upload/iblock/2cd/gyej2c1vkdzd1vxo1vhoh3x9cn41c7it/Лого yf cfqn (1).png",/partners/partner/20458692/,ru,2026-06-23T16:39:28+00:00
22760438,АБС,https://absolutesafety.ru/,+79818048099,murzila51@mail.ru,https://www.1c-bitrix.ru/upload/iblock/b89/uh1uvuj27yzmgsjn4mnnbv7hc8niu1cq/letter-logo-with-l-a--and-black-and-white-elegant444.jpg,/partners/partner/22760438/,ru,2026-06-23T16:39:30+00:00
100989,Автоматизация,https://www.automate.ru,"(3812) 33-50-20, 33-90-20",marat@automate.ru,https://www.1c-bitrix.ru/upload/iblock/44b/uowylmx2.jpg,/partners/partner/100989/,ru,2026-06-23T16:39:33+00:00
292403,Ярософт,https://www.yarosoft.ru,"8(4852) 59-45-46",info@yarosoft.ru,"https://www.1c-bitrix.ru/upload/iblock/f5b/w9yjku0z4gu2cmdpom1ly5adwxxhgx1b/Logo_Yarosoft_NEW_цв_,24.jpg",/partners/partner/292403/,ru,2026-06-23T16:39:36+00:00
22573778,"Точка роста",https://tochkarosta-ms.ru,+74997031394,contact@tochkarosta-ms.ru,https://www.1c-bitrix.ru/upload/iblock/92c/pmbajpjl2s91f9cxhivwkl7rtk3o8ioa/2_Flat_logo_on_transparent_109x73.png,/partners/partner/22573778/,ru,2026-06-23T16:39:38+00:00
23828066,ТАКО,https://tako.ru,89033333456,hi@tako.ru,https://www.1c-bitrix.ru/upload/iblock/750/biecr2o1fzstq83fne81w58wfqtvy0le/TAKO---черный.png,/partners/partner/23828066/,ru,2026-06-23T16:39:41+00:00
24046590,OdysseyTeam,https://odysseyteam.ru,89650406966,info@odysseyteam.ru,"https://www.1c-bitrix.ru/upload/iblock/bbe/ik7jza6rslzwhagj2sxiajyoma1yflr4/Без названия.png",/partners/partner/24046590/,ru,2026-06-23T16:39:43+00:00
1071973,SOCIALIT,https://www.socialit.ru/,"8 (800) 555 90 94",info@socialit.ru,https://www.1c-bitrix.ru/upload/iblock/74d/vt42rm094nwhb3xpdtl725p1fbj3w23v/logo.png,/partners/partner/1071973/,ru,2026-06-23T16:39:46+00:00
11288764,AsterMaster,https://astermaster.ru/,+7(951)028-34-10,admin@astermaster.ru,"https://www.1c-bitrix.ru/upload/iblock/553/krkquefu4hbf3eo4fi3zps5abwbzc4sa/m_Лого астер мастер на прозрачном (2).png",/partners/partner/11288764/,ru,2026-06-23T16:39:51+00:00
13317508,"Автоматизация Бизнес Решений",https://absteam.ru,+74954616777,sales@absteam.ru,https://www.1c-bitrix.ru/upload/iblock/7f2/i2zg8he28zrk8vmoan7mt0j5v7wdk1zk/ЛогоC440.png,/partners/partner/13317508/,ru,2026-06-23T16:39:54+00:00
1322001,Реалист,https://realist.site,"+7 (924) 451-56-78",hello@realist.site,https://www.1c-bitrix.ru/upload/iblock/b58/kk1y75jnyxmdfyw60p9ozihcwyhsoxce/logo-full-small.png,/partners/partner/1322001/,ru,2026-06-23T16:39:56+00:00
10409424,"RT IT Lab.",https://rt-itlab.ru/,"+7 915 887 84 17",rt@rt-itlab.ru,"https://www.1c-bitrix.ru/upload/iblock/8e9/0ghi6f0m46w36j7394j87fbx3hf1dw8n/Лого RT IT Lab..JPG",/partners/partner/10409424/,ru,2026-06-23T16:39:58+00:00
10566020,Франчай,https://franchay.ru/,"+7 9292690820",aarazuvaev@gmail.com,https://www.1c-bitrix.ru/upload/iblock/ecc/Логотип3.jpg,/partners/partner/10566020/,ru,2026-06-23T16:40:01+00:00
11396442,m-draft.com,https://m-draft.com,+79829336523,mdraft@yandex.ru,https://www.1c-bitrix.ru/upload/iblock/5b6/logo-bitrix.png,/partners/partner/11396442/,ru,2026-06-23T16:40:03+00:00
19239204,"Digital Peach",http://digital-peach.com/,"+7 937 414-52-00",direct@digital-peach.com,"https://www.1c-bitrix.ru/upload/iblock/0e0/km7mglqz60oz76gh33y0gj2f7obiyfu7/Logo 175 x 135.png",/partners/partner/19239204/,ru,2026-06-23T16:40:06+00:00
20257,Get-Web.ru,http://get-web.ru,"+7 926 221 3351",info@get-web.ru,https://www.1c-bitrix.ru/upload/iblock/038/b8f4zhh87dkbxrspj1d8wl56s6pw2o4k/logo_d4uysvCY[1].png,/partners/partner/20257/,ru,2026-06-23T16:40:08+00:00
65951,EPIR,https://b24.epir.biz,"(812) 612-77-80",mail@epir.biz,https://www.1c-bitrix.ru/upload/iblock/893/logocms.jpg,/partners/partner/65951/,ru,2026-06-23T16:40:10+00:00
5854827,NastArtWEB,https://nastart-web.ru,"+78129094035, +78123098510",info@nastart-web.ru,https://www.1c-bitrix.ru/upload/iblock/b50/eqvk12axn2suc26ar2egl1d1ltex7jwb/96509e24-fd7c-42f1-8a9f-b3b0c98b.png,/partners/partner/5854827/,ru,2026-06-23T16:40:13+00:00
13790362,ALAB,https://alab.su,+73422030403,sales@alab.su,"https://www.1c-bitrix.ru/upload/iblock/3e9/f9j6psvilldzw1krc68m8rpct6b451fd/1_Монтажная область 1 — копия.png",/partners/partner/13790362/,ru,2026-06-23T16:40:15+00:00
140970,"ИП Генералова",https://inetgeneral.bitrix24site.ru/,+74952119631,inetgeneral@yandex.ru,https://www.1c-bitrix.ru/upload/iblock/044/1dwl1pmg7ra02t3p0jy32wb56qegu9gj/logo-IP.png,/partners/partner/140970/,ru,2026-06-23T16:40:20+00:00
1127448,Akropol,https://akropol-st.ru/,+79097747944,akropolx@gmail.com,https://www.1c-bitrix.ru/upload/iblock/18b/minilogo.png,/partners/partner/1127448/,ru,2026-06-23T16:40:22+00:00
1269043,Техномакс,https://24tmx.ru/,"8(391) 218–18–00",info@tehnomaks.ru,"https://www.1c-bitrix.ru/upload/iblock/bc6/wjdbezmhz2psyxk09daj8g760qh3bphl/Frame 1425.png",/partners/partner/1269043/,ru,2026-06-23T16:40:24+00:00
6836143,ХЕЛПИКА,https://helpika.ru/,"+7 (800) 775-38-79",info@helpika.ru,https://www.1c-bitrix.ru/upload/iblock/302/ugysws881d2slg89lgzcjipoq7aacpps/helpika-bitrix.png,/partners/partner/6836143/,ru,2026-06-23T16:40:27+00:00
13484292,BITS-Company,https://bits-company.ru,+7(383)305-44-70,movi@mosk.ru,https://www.1c-bitrix.ru/upload/iblock/153/k2b6ljotojjyoyiwre1o0r95tsivg8ij/Logo_19.06_2x-2.png,/partners/partner/13484292/,ru,2026-06-23T16:40:29+00:00
19404148,Analyst-Grroup,https://analyst-group.ru,+79327001151,ooo.resurs96@gmail.com,https://www.1c-bitrix.ru/upload/iblock/93d/okbocnllstp3de1c8veshgxowsx63ayb/Безымянный.png,/partners/partner/19404148/,ru,2026-06-23T16:40:32+00:00
20617076,Итабирит,https://itabirit.ru,"+7 812 677-62-85",mainit@itabirit.ru,https://www.1c-bitrix.ru/upload/iblock/7d6/g62oa5redv81l7i2gkgbk82x0btkypxy/logo1mini.jpg,/partners/partner/20617076/,ru,2026-06-23T16:40:35+00:00
23422480,"Бизнес оптимизация",https://business-optimization.ru,"+7 939 000 39 13",dir-marketing@optimization24.ru,"https://www.1c-bitrix.ru/upload/iblock/909/7enf633p2ji52ibid9ivmzxm2b14005u/Прозрачный фон, соц сети_4@3x.png",/partners/partner/23422480/,ru,2026-06-23T16:40:37+00:00
24475006,Клюква,https://klukva.studio,"+7 993 189 99 30",info@klukva.studio,"https://www.1c-bitrix.ru/upload/iblock/8a6/lom0ku08o1nfvn82rl8tm1rv9aqjxuhg/logo klukva (1).png",/partners/partner/24475006/,ru,2026-06-23T16:40:40+00:00
27268980,Partners24,https://partnerwave24.ru,"+7 923 212 23 39",partnerwave24@mail.ru,"https://www.1c-bitrix.ru/upload/iblock/3c7/hzpzu4ishpsajiybzsx8ck2jdhv24716/__2025-09-10__104537 (1).png",/partners/partner/27268980/,ru,2026-06-23T16:40:43+00:00
264141,"IT-IP Интеллект-Партнер",http://pm-partner.ru,"+7 (343) 266-29-00",pm@it-ip.ru,https://www.1c-bitrix.ru/upload/iblock/ca2/IT-IP-14-LET_new_pink.gif,/partners/partner/264141/,ru,2026-06-23T16:40:47+00:00
789489,"Магия Цвета",https://www.magicolors.ru,"+7 (924) 282 91 62",art@magicolors.ru,https://www.1c-bitrix.ru/upload/iblock/51d/9030.png,/partners/partner/789489/,ru,2026-06-23T16:40:50+00:00
946924,ТаймАйти,https://time-it.ru,"+7 9063385727",info@time-it.ru,"https://www.1c-bitrix.ru/upload/iblock/824/лого - копия.png",/partners/partner/946924/,ru,2026-06-23T16:40:55+00:00
12505834,FDEmedia,https://fdemedia.ru,"+7 (499) 322 91 10",info@fdemedia.ru,https://www.1c-bitrix.ru/upload/iblock/ee9/5p2hnk3vn5zkfmmd351yctb1mhm7sorv/logo1.png,/partners/partner/12505834/,ru,2026-06-23T16:40:57+00:00
17885572,arbi:m,https://arbi-m.com,"+7 (985) 219-69-06",info@arbi-m.com,https://www.1c-bitrix.ru/upload/iblock/092/t0ewnfbhcngtimh16tivimlt93wl9s0v/image_2025-08-10_16-54-19.png,/partners/partner/17885572/,ru,2026-06-23T16:40:59+00:00
170501,TATNET,https://tatnet.pro,"+7 (958) 678-90-70",tatnet.pro@ya.ru,https://www.1c-bitrix.ru/upload/iblock/bed/logo-s.jpg,/partners/partner/170501/,ru,2026-06-23T16:41:02+00:00
760746,ENTEREGO,https://enterego.ru,"+7 (495) 255-15-65",info@enterego.ru,https://www.1c-bitrix.ru/upload/iblock/2bd/enterego_logo.png,/partners/partner/760746/,ru,2026-06-23T16:41:04+00:00
907576,"Peppers Digital",https://peppers.digital/,"+7 499 577-03-83",info@peppers.digital,https://www.1c-bitrix.ru/upload/iblock/9c7/peppers-logo150-1.jpg,/partners/partner/907576/,ru,2026-06-23T16:41:06+00:00
9645757,FENIX,https://fenixcrm24.ru,"+7 (495) 023-11-50",support@fenixcrm.ru,https://www.1c-bitrix.ru/upload/iblock/099/i6449k7syrwutqtannqmx8if2ikx1kaf/FENIX24.png,/partners/partner/9645757/,ru,2026-06-23T16:41:09+00:00
10141312,"Мастер Графикс",https://mastergrafiks.ru,8(4855)284040,mg284040@mail.ru,"https://www.1c-bitrix.ru/upload/iblock/60c/a2bja252xldgzacvzma0qpp8rp3byiqd/Лого МГ.png",/partners/partner/10141312/,ru,2026-06-23T16:41:11+00:00
10937902,"Sivkov promo group",https://sivkovpromogroup.ru,+79226084548,mail@sivkovpromogroup.ru,https://www.1c-bitrix.ru/upload/iblock/1a1/93jhi2zz34vrw5rzekknr51iuxis8zq6/spg-logo-normal.png,/partners/partner/10937902/,ru,2026-06-23T16:41:13+00:00
10994656,BPMN-B24,https://b24-f5t8e4.bitrix24site.ru/,89996395183,zakaz@bpmn-b24.ru,https://www.1c-bitrix.ru/upload/iblock/b17/q2fht9g40rfv0ahln7gslsq2di6zinko/2021-05-04_16-41-20.png,/partners/partner/10994656/,ru,2026-06-23T16:41:16+00:00
14214686,Nindeco,https://nindeco.com/,"7 900 123 0 360",info@nindeco.com,https://www.1c-bitrix.ru/upload/iblock/8b9/u84jzp7yay7pn2iigk10b4gbsb73k0qe/logo175.png,/partners/partner/14214686/,ru,2026-06-23T16:41:18+00:00
14807822,"Интернет Актив",https://internetactive.ru,"+7 (342) 250‒04‒44",mikov@internetactive.ru,"https://www.1c-bitrix.ru/upload/iblock/6ea/6f2lurn1vxtsd3xdquzywfpkxk91fyru/Group 49.png",/partners/partner/14807822/,ru,2026-06-23T16:41:21+00:00
16359238,"Академия тендерных продаж",https://tender-sales.ru,+74993017579,m.vlasenko@strateg-tender.ru,https://www.1c-bitrix.ru/upload/iblock/811/2e92tkuk20doqe5fv0b6hchjcza2sykr/academy-2.png,/partners/partner/16359238/,ru,2026-06-23T16:41:25+00:00
18612178,"API COM",https://api-com.su,"+7 910-512-50-75",bt24@api-com.ru,https://www.1c-bitrix.ru/upload/iblock/736/2iyznu5ayj2i977ye4qyznec2e1e61m8/лого75.png,/partners/partner/18612178/,ru,2026-06-23T16:41:28+00:00
20235734,CRMka24,https://crmka24.ru,74952212958,info@crmka24.ru,https://www.1c-bitrix.ru/upload/iblock/1dc/vhiuy7txxb5jg52rtpnabuce34hef4ju/crmka24-small.png,/partners/partner/20235734/,ru,2026-06-23T16:41:30+00:00
26509762,Синтел,https://sintele.ru/,+79680428081,info@sintele.ru,https://www.1c-bitrix.ru/upload/iblock/077/x5wrhy8b047rua7mbrgzgcnek51l5rz8/logo_sintele.jpg,/partners/partner/26509762/,ru,2026-06-23T16:41:32+00:00
27741948,avs-tech,https://avs-tech.ru,+79531493833,info@avs-tech.ru,https://www.1c-bitrix.ru/upload/iblock/e2e/ua48x6966zqff9irtsfr9av32c7nwo2y/Logo_AVStech.jpg,/partners/partner/27741948/,ru,2026-06-23T16:41:35+00:00
235471,Инфолайн,https://infoline74.ru,"(351) 270-82-69",infoline@bk.ru,https://www.1c-bitrix.ru/upload/iblock/8ad/i56my4ukdqh1q3bkqhxxup7wrifr5tqn/InfolineLogo175x47px.jpg,/partners/partner/235471/,ru,2026-06-23T16:41:37+00:00
891137,UserFirst,https://userfirst.ru/,"+7 (499) 281-62-73",info@userfirst.ru,"https://www.1c-bitrix.ru/upload/iblock/89d/под фавикон2.png",/partners/partner/891137/,ru,2026-06-23T16:41:40+00:00
18874600,Кадры+,https://kadryplus.ru/,+79951208814,iva@kadryplus.ru,"https://www.1c-bitrix.ru/upload/iblock/efd/6a12xi7u0utdit8vxys9nyerc8cy2jmm/Frame 19 (1).png",/partners/partner/18874600/,ru,2026-06-23T16:41:42+00:00
23852290,ИнсайтЛаб,https://insite-lab.ru,+79785749009,info@insite-lab.ru,"https://www.1c-bitrix.ru/upload/iblock/588/v1933cgs3sggccf545z417d3ahjxixiq/Слой 3 — копия.png",/partners/partner/23852290/,ru,2026-06-23T16:41:45+00:00
28362442,byGrishin,https://bygrishin.ru,+79657777964,i@bygrishin.ru,"https://www.1c-bitrix.ru/upload/iblock/0a2/0ubelw44d6xncrkjd6vgoh2bljlyzs67/для б24.png",/partners/partner/28362442/,ru,2026-06-23T16:41:47+00:00
29567,"Болдырев Сергей",https://lastormo.ru,+79778087071,lastormo@yandex.ru,https://www.1c-bitrix.ru/upload/iblock/d8f/klxhf7n9zmorafux6ucwbpuocuw8e3ai/lastormo.ru.png,/partners/partner/29567/,ru,2026-06-23T16:41:49+00:00
372978,"Компания УНИВЕРСАЛ",https://universalvg.ru,8(8443)204921,info@universalvg.ru,"https://www.1c-bitrix.ru/upload/iblock/8cc/s5comvn9eg448wnlr7s6n1rspt14kt3r/карта лицевая — копия.png",/partners/partner/372978/,ru,2026-06-23T16:41:52+00:00
501990,SOK,https://sok24.ru,"(391) 258-29-91",info@sok24.ru,"https://www.1c-bitrix.ru/upload/iblock/7ff/5rgal5j1dfgcxkq2u2c1p4wzj7bdk510/Frame 1555_sok_logo (1).png",/partners/partner/501990/,ru,2026-06-23T16:41:56+00:00
1050635,MAXITOP,https://maxitop.ru,"+7 (861) 201-23-03",info@maxitop.ru,"https://www.1c-bitrix.ru/upload/iblock/a5b/kmo5jjphh90ohjzk8y2xlmcweuniqwj2/logo MT.jpeg",/partners/partner/1050635/,ru,2026-06-23T16:41:59+00:00
18979192,Фоза,https://foza-soft.ru/,"+7 (499) 390-24-49",info@foza-soft.ru,"https://www.1c-bitrix.ru/upload/iblock/447/jcv3zqdcb67qisf613xd9okdzmo3g7a8/Лого Foza мал.png",/partners/partner/18979192/,ru,2026-06-23T16:42:01+00:00
5760133,Imtera,https://imtera.ru,"+7 (499) 286-83-73",info@imtera.ru,https://www.1c-bitrix.ru/upload/iblock/d71/g3pmm42k10qotk471znoplsjk0c9ze21/logo.png,/partners/partner/5760133/,ru,2026-06-23T16:42:03+00:00
12733444,Цифин,https://cifin.ru,83517111301,cifin@cifin.ru,"https://www.1c-bitrix.ru/upload/iblock/cda/b20ywkx6udfww2huk1mgajlhzwrvn0g4/2023-12-20 11.56.36.jpg",/partners/partner/12733444/,ru,2026-06-23T16:42:06+00:00
19343700,СЕТАП,https://setup-crm.ru,+79626855333,stroev@terra.spb.ru,"https://www.1c-bitrix.ru/upload/iblock/db5/67lzernltitpx7j55q1l7hbvudp1gqsl/LOGO — копия.jpg",/partners/partner/19343700/,ru,2026-06-23T16:42:08+00:00
20886596,"Increase Business Results",https://increase.su,+79174277959,hello@increase.su,"https://www.1c-bitrix.ru/upload/iblock/97f/sdn9jxklue054qgieo2lkb4wblu3uf17/лого сайт-2.png",/partners/partner/20886596/,ru,2026-06-23T16:42:10+00:00
27554600,Б-Профит,https://bprofit.ru,+78003330148,info@bprofit.ru,https://www.1c-bitrix.ru/upload/iblock/b77/qwo6mpiyg4mcfy86xttnhvy7j8bt1f38/logo_new.png,/partners/partner/27554600/,ru,2026-06-23T16:42:13+00:00
282194,"Ольга Маркова",https://nuka.ru,"+7(999) 229-34-22",studio@nuka.ru,https://www.1c-bitrix.ru/upload/iblock/864/gm1qpcxf2p73oe1yoidjszjtf89o3hc1/logo-public-175.png,/partners/partner/282194/,ru,2026-06-23T16:42:15+00:00
1797025,РИМ,https://studiarim.ru/,"+7 (861) 21 76 001",info@studiarim.ru,https://www.1c-bitrix.ru/upload/iblock/89c/2fl3u0qn5u9opvbv6dyibbkpwi4cdmrk/logo135.jpg,/partners/partner/1797025/,ru,2026-06-23T16:42:17+00:00
6262741,"Sopkin Fedor",http://www.sopkin.ru/,"+7 (993) 488-09-99",info@sopkin.ru,https://www.1c-bitrix.ru/upload/iblock/f94/n9x9u446gv4wa1lifle35t13vfrbq47w/лого_3-03.jpg,/partners/partner/6262741/,ru,2026-06-23T16:42:20+00:00
7902841,SEO-Технологии,https://seo18.ru,+79018656611,info@seo18.ru,"https://www.1c-bitrix.ru/upload/iblock/fae/7smo2j01e9whcgedanlbxrf3m9cu65zu/сео лого маленький 2.jpg",/partners/partner/7902841/,ru,2026-06-23T16:42:22+00:00
7999459,web-diving,https://web-diving.ru,"+7 (921) 579-54-93",n9215795493@gmail.com,https://www.1c-bitrix.ru/upload/iblock/804/logo_WD152X80-01.png,/partners/partner/7999459/,ru,2026-06-23T16:42:27+00:00
8586287,CRM-HUB,https://crm-hub.ru,"+7 (993) 338-3549",info@crm-hub.ru,https://www.1c-bitrix.ru/upload/iblock/1a3/93cp4c7dksm2m7w9np60vkf0wdaikogl/logo_bitrix24.png,/partners/partner/8586287/,ru,2026-06-23T16:42:29+00:00
9340299,Ansom,https://ansom.ru/,"+7 (964) 921-45-36",info@ansom.ru,"https://www.1c-bitrix.ru/upload/iblock/b06/WhatsApp Image 2019-05-05 at 21.02.58.jpeg",/partners/partner/9340299/,ru,2026-06-23T16:42:31+00:00
9469245,Белка,https://belka.info,"+7 995 600-13-20",hello@belka.info,https://www.1c-bitrix.ru/upload/iblock/e1f/kbl34gil00jnxi89t1ik752dkg1ahbfb/logo_ai.png,/partners/partner/9469245/,ru,2026-06-23T16:42:34+00:00
10242218,"IT ОТДЕЛ",https://itotdel10.bitrix24site.ru/,+79062090116,faa-email@yandex.ru,https://www.1c-bitrix.ru/upload/iblock/510/td354au7fiu3ztek52r8t48ic9p3ckkm/IT-ОТДЕЛ_logo.png,/partners/partner/10242218/,ru,2026-06-23T16:42:36+00:00
10397026,"Data CRM",https://data-crm.bitrix24site.ru,+79518946889,galimovrs@yandex.ru,"https://www.1c-bitrix.ru/upload/iblock/dd7/ejqawq6ilvo9ht09wmjhrwmpujrbtp4a/yandexart-fbvg12b9aq05qhduushp (2).jpeg",/partners/partner/10397026/,ru,2026-06-23T16:42:38+00:00
10851846,ADDU,https://addu.ru/,"+7(495) 150-32-00",sales@addu.ru,https://www.1c-bitrix.ru/upload/iblock/859/2ef/logo.png,/partners/partner/10851846/,ru,2026-06-23T16:42:41+00:00
11805304,РИТСО-КОНСАЛТИНГ,https://ritso.ru/index_temp2.html,"+7495 780-36-00",am@ritso.ru,"https://www.1c-bitrix.ru/upload/iblock/a52/26clkr7z8m3bet17bv57syz9tdjzbc5g/logo — копия.jpg",/partners/partner/11805304/,ru,2026-06-23T16:42:43+00:00
12082848,"Семенютин Александр",https://semenyutin.ru,+79154310006,alex@semenyutin.ru,https://www.1c-bitrix.ru/upload/iblock/798/ico_min.png,/partners/partner/12082848/,ru,2026-06-23T16:42:45+00:00
13117504,CWS,https://centerstudio.ru/,+79050678525,info@centerstudio.ru,https://www.1c-bitrix.ru/upload/iblock/ba6/tla8evuj0iyjn640l0lqhw1lho46g0so/logo.png,/partners/partner/13117504/,ru,2026-06-23T16:42:48+00:00
14293660,"Ключ к клиенту",https://key-client.ru,"+7 (495) 128-15-50",info@key-client.ru,"https://www.1c-bitrix.ru/upload/iblock/ebb/7nt6vrxvy902lyvutom7avtkr4iracn0/Logotip (1000x1000)-01.png",/partners/partner/14293660/,ru,2026-06-23T16:42:50+00:00
14480816,БИЗНЕС-СИСТЕМЫ,https://bs74.ru,"+7(351)7769576, +7(351)7001676",info@bs74.ru,"https://www.1c-bitrix.ru/upload/iblock/a00/kpwyowqlojcso5phi32gtxuxd7cpbg2h/бс лого.png",/partners/partner/14480816/,ru,2026-06-23T16:42:52+00:00
15277066,Ситис,https://sitisit.ru,"+7 343 385-22-22",info@sitisit.ru,"https://www.1c-bitrix.ru/upload/iblock/83d/uu1i18zqng1pyhi63ec4hwqx48371l3z/logo_sitis_vertical slim.png",/partners/partner/15277066/,ru,2026-06-23T16:42:57+00:00
15906076,Решение,https://shinevsky.ru,+79054951867,alezanderrus@yandex.ru,https://www.1c-bitrix.ru/upload/iblock/800/5atown89ptmd1j7750n34z2ydx3um59o/favicon_96x96_created_by_logaster.png,/partners/partner/15906076/,ru,2026-06-23T16:42:59+00:00
16176106,VB-IT,https://vb-it.ru,+79955928795,info@vb-it.ru,https://www.1c-bitrix.ru/upload/iblock/a25/g053bcrn8l1d9gfw96t816ueepgcac33/logo-3-black-small.png,/partners/partner/16176106/,ru,2026-06-23T16:43:02+00:00
16374340,"gIT City",https://gitcity.ru,+74951097729,sales@gitcity.ru,https://www.1c-bitrix.ru/upload/iblock/48b/p4fnl3bn8dk3ocri4rdqe1prhp7plpmx/logo_small.png,/partners/partner/16374340/,ru,2026-06-23T16:43:04+00:00
16483322,Valera,http://valera22.ru/,+79059264500,reklama@valera22.ru,"https://www.1c-bitrix.ru/upload/iblock/9aa/6fecc70ux34x1ok4bgp8v6vnfd4wiy8a/Валера_ИНТЕГРАТОР_Лого_Вертикал_битрикс 135х75.png",/partners/partner/16483322/,ru,2026-06-23T16:43:07+00:00
16743810,РОМБИТ,https://rombit.ru,88124678633,info@rombit.ru,https://www.1c-bitrix.ru/upload/iblock/f32/0oi5wjkplhl0kjrqizx58e1nzhsll9zt/LOGO.png,/partners/partner/16743810/,ru,2026-06-23T16:43:09+00:00
17078956,foxcrew,http://foxcrew.ru/,+79536702751,brinnaloga@mail.ru,https://www.1c-bitrix.ru/upload/iblock/d0b/xdh8bnf2esvq358pxufjf9hs15eezkt3/photo.png,/partners/partner/17078956/,ru,2026-06-23T16:43:11+00:00
17209574,ITROOM,https://itroom.pro,+7383-242-74-74,sales@itroom.pro,"https://www.1c-bitrix.ru/upload/iblock/856/sygcs7i56cba0tvgxksxqvxsexeaprrf/IT ROOM круглый-1.jpg",/partners/partner/17209574/,ru,2026-06-23T16:43:14+00:00
17582782,"Инновационная Лаборатория",https://innovlab.bitrix24site.ru/,"+7 912 870-60-00",innnovlab@mail.ru,https://www.1c-bitrix.ru/upload/iblock/8ae/dgdteb4osme3j5zi9slzkvf9br41sngj/2023-07-06_11-19-13.png,/partners/partner/17582782/,ru,2026-06-23T16:43:16+00:00
19437452,ТамКон,https://soft4ved.ru/,+73833630460,office@tamkon.ru,"https://www.1c-bitrix.ru/upload/iblock/f19/6o8tn7pqzuq2dcca8lcn6nvelneqn6w1/лого синий ТамкоN 2020 без подзаголовка 137.png",/partners/partner/19437452/,ru,2026-06-23T16:43:18+00:00
20009408,Систематизатор,https://systematizer.bitrix24site.ru,+79057695152,systematizer24@gmail.com,"https://www.1c-bitrix.ru/upload/iblock/875/vp0m9tppd6o4m34vn9ymdwmzl53764bv/m_‎Без названия 2.‎001.jpeg",/partners/partner/20009408/,ru,2026-06-23T16:43:21+00:00
22563564,Neiton,https://neiton.ru/,+79282085566,neitonai@yandex.ru,https://www.1c-bitrix.ru/upload/iblock/837/4fayc9jqrgrqoo8e3x3tj9fxlnp7jmua/Neiton.png,/partners/partner/22563564/,ru,2026-06-23T16:43:23+00:00
24373266,"Ваш Цифровой Интегратор",https://digitalintegrator.pro,+79950328399,hello@digitalintegrator.pro,https://www.1c-bitrix.ru/upload/iblock/be6/npjj44fadevms7o36rp4hw11hgm0beqp/YDI_Logo_175_135.png,/partners/partner/24373266/,ru,2026-06-23T16:43:29+00:00
25906498,ИнфоТех,https://ит-дцт.рф/,79870504022,tp@it-dct.ru,"https://www.1c-bitrix.ru/upload/iblock/c50/yp4p5vqqh2nus4h6svxhs8v6wiv16is0/Лого Инфотех.png",/partners/partner/25906498/,ru,2026-06-23T16:43:31+00:00
25921986,ЗЕНВЕР,https://zenver.ru/,+74952042116,bit24@zenver.ru,"https://www.1c-bitrix.ru/upload/iblock/3d0/cnfj2e22og2gil4w03zkg8ar3ntyhjnr/Логотип ZENVER_2 с подложкой.png",/partners/partner/25921986/,ru,2026-06-23T16:43:34+00:00
27009102,СМ-IT,https://cm-it.ru/,"+7 (861) 21-21-907",cm_it@mail.ru,https://www.1c-bitrix.ru/upload/iblock/657/rz66ikc6611hykmb4s0do5jzmimkrdoh/logotip.png,/partners/partner/27009102/,ru,2026-06-23T16:43:36+00:00
27052690,"Digital Kitty",https://digitalkitty.ru,"+7 914 894-76-24",contact@digitalkitty.ru,https://www.1c-bitrix.ru/upload/iblock/25d/bv12l3udre7e206w9m9fzpmicy37b4dr/SmallFavLogoDK.png,/partners/partner/27052690/,ru,2026-06-23T16:43:39+00:00
27117264,IntegratExpert,https://integratexpert.ru,"+7 929 514-09-32",rusgadgets@gmail.com,https://www.1c-bitrix.ru/upload/iblock/2df/e5htailukuaz0c36y5xoave54nds41tr/IE---Автоматизация-бизнеса.png,/partners/partner/27117264/,ru,2026-06-23T16:43:41+00:00
27121230,IDylisT,https://idylist.ru,+78122409022,info@idylist.ru,https://www.1c-bitrix.ru/upload/iblock/205/dsdspt010hvzx99h2ragwta465vu9tx3/234.png,/partners/partner/27121230/,ru,2026-06-23T16:43:44+00:00
27146996,AITiger,https://b24-uoe0ay.bitrix24site.ru/pustayastranitsa_sqew/,89181613555,aitiger1990@mail.ru,https://www.1c-bitrix.ru/upload/iblock/a40/t12xkij1l1dh063ed7inxygpmynm3pfu/IMG_0000.JPG,/partners/partner/27146996/,ru,2026-06-23T16:43:46+00:00
5204259,Web-Химики,https://se023.ru,+79181549400,himin@se023.ru,https://www.1c-bitrix.ru/upload/iblock/558/peoo8rl3ls5h2e01gio23dc3h3wj2m68/cats.jpg,/partners/partner/5204259/,ru,2026-06-23T16:43:49+00:00
15770186,"Интез Групп",https://intezgroup.ru,"+7 495 476-54-64",help@intezgroup.ru,https://www.1c-bitrix.ru/upload/iblock/cec/061uxf1obsus4cxb1n922h2vbo149p0d/IntezGroup2.png,/partners/partner/15770186/,ru,2026-06-23T16:43:52+00:00
16423282,МедиаБрокер,https://media-broker.ru,"8 495 127 02 84",info@brokermedia.ru,"https://www.1c-bitrix.ru/upload/iblock/968/0u8mdjn7sqmtw46xmj0lbgc7e4aros7z/Лого для Карточки Битрикс.png",/partners/partner/16423282/,ru,2026-06-23T16:43:54+00:00
681376,COCOBOLO,https://cocobolo.ru/,+79674877700,info@cocobolo.ru,https://www.1c-bitrix.ru/upload/iblock/e44/d6mtqqghisbms9228lhg1c6dw4g6d77z/cocobolo-175.jpg,/partners/partner/681376/,ru,2026-06-23T16:43:57+00:00
7643637,ARISE,https://arise.zlatoff.ru,+73513790166,dv@zlatoff.ru,https://www.1c-bitrix.ru/upload/iblock/eb9/a7p14i7xsxjrporigtdzwgi2qggzhqb6/arise-03_2x3.jpg,/partners/partner/7643637/,ru,2026-06-23T16:44:02+00:00
10688214,"ERA DIGITAL",https://era-digital.ru,7-995-221-05-82,info@era-digital.ru,"https://www.1c-bitrix.ru/upload/iblock/d07/394qejk4xro15wk1w0eerz9hgvilj4ci/logo 1.jpg",/partners/partner/10688214/,ru,2026-06-23T16:44:04+00:00
23241394,PROINTEG,https://prointeg.ru,+79247088228,dm@prointeg.ru,"https://www.1c-bitrix.ru/upload/iblock/75b/0eki9ap6e6zz2cn7nkq2690iacy0s57n/Frame 342.png",/partners/partner/23241394/,ru,2026-06-23T16:44:06+00:00
23443070,Шебо,https://shebo.org,+79231967050,roshchupkinegor@gmail.com,"https://www.1c-bitrix.ru/upload/iblock/b0b/nlupevz15o282f7mts7ajvaiglqhyi9f/Шебо – Аватар-круг. Светлый.jpg",/partners/partner/23443070/,ru,2026-06-23T16:44:09+00:00
24930960,VV,https://vvstudio.bitrix24site.ru/,+79611394004,anvrms@yandex.ru,"https://www.1c-bitrix.ru/upload/iblock/5a9/2gkaxusfsd22y69hb4x2w2mdebdyeasi/Group 20.png",/partners/partner/24930960/,ru,2026-06-23T16:44:11+00:00
152211,"Белоглазов Константин",https://beloglazov.su/,"+7 991 694-33-26",info@beloglazov.su,https://www.1c-bitrix.ru/upload/iblock/231/ju2osth96xcjfaz93b6gyhk52dx09qg7/kb_logo.png,/partners/partner/152211/,ru,2026-06-23T16:44:14+00:00
9044225,Айтишники,https://itshniki.com,8-3812-34-52-42,info@itshniki.com,"https://www.1c-bitrix.ru/upload/iblock/905/ЛОГОТП ЗЕЛЕНЫЙ 175x135px.png",/partners/partner/9044225/,ru,2026-06-23T16:44:16+00:00
9626711,"Digital Forge",https://conseras.ru,+79959201049,info@conseras.ru,https://www.1c-bitrix.ru/upload/iblock/cc0/343m54odffh1t75g0tq3pyzz1r8ai6dy/logo-df.png,/partners/partner/9626711/,ru,2026-06-23T16:44:18+00:00
13164604,Оксадо,https://oxado.ru,,i.egorov@oxado.ru,"https://www.1c-bitrix.ru/upload/iblock/c91/jlpib4jiwyowtt048grkcb2m8e4aom41/Без названия (1).png",/partners/partner/13164604/,ru,2026-06-23T16:44:21+00:00
148797,Сириус,https://it-sirius.ru/,"(499) 938-40-08",order@it-sirius.ru,https://www.1c-bitrix.ru/upload/iblock/a52/bthh.bmp,/partners/partner/148797/,ru,2026-06-23T16:44:23+00:00
352199,Текстерра,https://texterra.ru/,"8 (800) 775-16-41",mail@texterra.ru,https://www.1c-bitrix.ru/upload/iblock/b08/cover.jpg,/partners/partner/352199/,ru,2026-06-23T16:44:28+00:00
13524746,it.Trend,https://it-trend.ru,+79146460543,sim_alexey@mail.ru,"https://www.1c-bitrix.ru/upload/iblock/56d/yt2uccexzzlq1zci2v6o1edosn55kl8i/Лого it.Trend от 25.02.21.png",/partners/partner/13524746/,ru,2026-06-23T16:44:30+00:00
16551768,VLARU,https://vlaru.ru,+79869672706,hello@vlaru.ru,https://www.1c-bitrix.ru/upload/iblock/6c5/9618jx62php4nwhp4tfytki8my22r2qk/logo-sm_4.2.png,/partners/partner/16551768/,ru,2026-06-23T16:44:33+00:00
18089502,TRAFF,https://traff-agency.ru,+74994445420,info@traff-agency.ru,"https://www.1c-bitrix.ru/upload/iblock/f18/mi26caifnngv94emceqd35nmly9oytox/Без имени-1.png",/partners/partner/18089502/,ru,2026-06-23T16:44:37+00:00
27848800,IF-Else,https://if-else.bitrix24site.ru/,+79132232489,if-else@inbox.ru,"https://www.1c-bitrix.ru/upload/iblock/6ba/jgiv9f30ici5ufb59hrndwd3fu2zva53/IMG_20260218_231510 (2).png",/partners/partner/27848800/,ru,2026-06-23T16:44:39+00:00
1362354,"ГАГАРИН БИТ",https://gagarinbit.ru,8-499-288-1647,info@gagarinbit.ru,"https://www.1c-bitrix.ru/upload/iblock/fc3/LOGO3 (175 x 135).png",/partners/partner/1362354/,ru,2026-06-23T16:44:42+00:00
4791145,Prokachka.PRO,https://www.prokachka.pro/,"+7 (993) 486 48 48",info@prokachka.pro,https://www.1c-bitrix.ru/upload/iblock/b88/99hekw0kuop4fquhm2u533r99x91m1dv/logo.png,/partners/partner/4791145/,ru,2026-06-23T16:44:45+00:00
68352,ART-STAR,https://art-star.ru,+74999388787,sales@art-star.ru,https://www.1c-bitrix.ru/upload/iblock/ad5/hhq13i8eazaup93gf8koyp8hkdrcdhyc/art-star_175x135px.jpg,/partners/partner/68352/,ru,2026-06-23T16:44:47+00:00
1146784,Облако,https://bp-oblako.ru/,"+7 999 998-22-85",it@bp-oblako.ru,"https://www.1c-bitrix.ru/upload/iblock/eca/лого 175 135.jpg",/partners/partner/1146784/,ru,2026-06-23T16:44:49+00:00
21657156,СЭНДБОКСЕР,https://sandboxer.ru,+79172400243,contact@sandboxer.ru,https://www.1c-bitrix.ru/upload/iblock/0a6/gs8mblhvacpry8u4bexgw8gh5xuzrrcv/SandboxerLOGO.png,/partners/partner/21657156/,ru,2026-06-23T16:44:53+00:00
26192868,"Визуальный менеджмент",https://visualmanagement.ru/,+79858762555,info@visualmanagement.ru,https://www.1c-bitrix.ru/upload/iblock/482/25dak70omzxjjx13bflq6qxnems20vk2/VisualManagementLogo2.png,/partners/partner/26192868/,ru,2026-06-23T16:44:57+00:00
11340434,АМИ,http://24.ami.expert,"+7 999 333-10-58",bitrix@ami.expert,https://www.1c-bitrix.ru/upload/iblock/223/k2udmdsajoocqphfq6sxs0lvtqvr069y/logo_To5Yc8MR.png,/partners/partner/11340434/,ru,2026-06-23T16:45:01+00:00
11864524,Практикум,https://practicumtmn.ru/b24,+79324802700,vuigray@gmail.com,"https://www.1c-bitrix.ru/upload/iblock/636/9w6cpg2fubkhne4s9bwb4lxmo3kove2h/Знак - Черный.png",/partners/partner/11864524/,ru,2026-06-23T16:45:05+00:00
17593858,Викифон,https://wikifon.tech,+74951330471,mail@ecentury.ru,https://www.1c-bitrix.ru/upload/iblock/2a4/8o8an1jwrr11ecxh2ay6mbkvtlfz2q05/logo_wikifon.png,/partners/partner/17593858/,ru,2026-06-23T16:45:08+00:00
18234428,"СИСТЕМА РА",https://systemra.com,+79223652221,info@systemra.com,"https://www.1c-bitrix.ru/upload/iblock/9dc/dy5qix8xl45bhdwzl3sh53k0d0thvzm0/logo_vector система ра110x110.png",/partners/partner/18234428/,ru,2026-06-23T16:45:10+00:00
15091736,"ИТ ЛОГИСТИК ЛАБ",https://www.abcargo.ru,"+7 (495) 565-31-87",info@abcargo.ru,https://www.1c-bitrix.ru/upload/iblock/9c5/yx53yxf0qfipo4ta3uigywbr8ybm2pws/лого2.PNG,/partners/partner/15091736/,ru,2026-06-23T16:45:13+00:00
26365102,"IQM Group",https://iqmg.ru,+79059127474,info@iqmg.ru,"https://www.1c-bitrix.ru/upload/iblock/4a7/1bbs94dyvfv7k400yiesvqi7u6fk10c2/Logo (1) (1).png",/partners/partner/26365102/,ru,2026-06-23T16:45:15+00:00
637796,"365 Media Group",https://365mg.ru/,"+7 495 118-43-49",info@365mg.ru,"https://www.1c-bitrix.ru/upload/iblock/417/k2kxesiez6cljqyr1vzbxynp2lciynlu/image 1.jpg",/partners/partner/637796/,ru,2026-06-23T16:45:18+00:00
8869883,"Старовойтов Виктор",https://starovoitov-v.ru,"+7 (951) 699-06-60",mail@starovoitov-v.ru,"https://www.1c-bitrix.ru/upload/iblock/170/Без имени-1.jpg",/partners/partner/8869883/,ru,2026-06-23T16:45:20+00:00
6033265,"Ариал IT",https://areal-it.ru,+79538720855,info@areal-it.ru,"https://www.1c-bitrix.ru/upload/iblock/8a0/zty6nb9al7gys5de48nxg4s6dgqe7ao1/logo (1).png",/partners/partner/6033265/,ru,2026-06-23T16:45:23+00:00
7679377,Changerun,https://changerun.ru,"+7 (499) 110-76-43",info@changerun.ru,https://www.1c-bitrix.ru/upload/iblock/a5e/fe66g4yy6spfsn3b12847lzf2yy6iaj2/Лого.png,/partners/partner/7679377/,ru,2026-06-23T16:45:25+00:00
10738130,ITCRM24,https://itcrm24.ru/,+79253230287,info@itcrm24.ru,https://www.1c-bitrix.ru/upload/iblock/856/0fzt7kp1u33t6p2dadoepoe23xi1ncka/logo3_100x100.png,/partners/partner/10738130/,ru,2026-06-23T16:45:27+00:00
6742125,МСП-Лаб,https://msp-lab.ru,89164945621,info@msp-lab.ru,https://www.1c-bitrix.ru/upload/iblock/ae2/phh69ldrbsirkx0jzt5vy03xtn2impxl/лого_MSP-Lab_B24.png,/partners/partner/6742125/,ru,2026-06-23T16:45:30+00:00
8749317,vse-crm.ru,http://vse-crm.ru/,+79229003111,stanislav@vse-bas.ru,https://www.1c-bitrix.ru/upload/iblock/992/nkl_135pics.png,/partners/partner/8749317/,ru,2026-06-23T16:45:32+00:00
17195924,"Tsarenko Consulting Group",https://consulting22.bitrix24site.ru/,89147989370,tsarenko.ev@mail.ru,"https://www.1c-bitrix.ru/upload/iblock/317/mt7j0ipfyukt6s6dua7jbnjnaavwl093/Лого консалтинг 400.jpg",/partners/partner/17195924/,ru,2026-06-23T16:45:37+00:00
21149272,Система,https://sistemgroup.ru/,"+7 (927) 668 38 38",sistemgroup@bk.ru,https://www.1c-bitrix.ru/upload/iblock/337/pps1skb16qfcvs1h8lrago0sa012aj8t/Group.png,/partners/partner/21149272/,ru,2026-06-23T16:45:39+00:00
46156,Ранкмастер,https://rankmaster.ru,"(495) 215-01-33",info@rankmaster.ru,https://www.1c-bitrix.ru/upload/iblock/806/mnjxwhm2wfk9mjvlp1y6mish1h87183d/rm150[1].jpg,/partners/partner/46156/,ru,2026-06-23T16:45:42+00:00
1573933,DUKIS,https://dukis.ru,"+7 (343)298-00-99",2990098@mail.ru,https://www.1c-bitrix.ru/upload/iblock/654/Logo_dukis_белый.jpg,/partners/partner/1573933/,ru,2026-06-23T16:45:44+00:00
2164595,РуМедиаГрупп,https://www.rumedia-group.ru/,"+7 9624559973",elena@rm26.ru,"https://www.1c-bitrix.ru/upload/iblock/1ae/наш логотип.png",/partners/partner/2164595/,ru,2026-06-23T16:45:46+00:00
6707277,Rikorda,https://rikorda-group.ru,+79158310056,info@rikorda-group.ru,https://www.1c-bitrix.ru/upload/iblock/549/5yfe93sy6hvk4ndz4keereqs3bjv5o6i/logo_b.jpg,/partners/partner/6707277/,ru,2026-06-23T16:45:49+00:00
8703567,"НПП «Технология»",https://нпп-технология.рф,"+7 (901) 867-67-37",techno18@bk.ru,"https://www.1c-bitrix.ru/upload/iblock/86f/s3h73d55xsi35i2bo5yhhfyh27iazaaq/лого1 (1).jpg",/partners/partner/8703567/,ru,2026-06-23T16:45:51+00:00
23879554,"BS Telecom",https://bs-telecom.ru/,+74951593070,info@bs-telecom.ru,https://www.1c-bitrix.ru/upload/iblock/a11/hcjdxg6s03ocggux30y532d069gn16hv/logo-black-128.png,/partners/partner/23879554/,ru,2026-06-23T16:45:54+00:00
26586820,Aixon,https://theaixon.ru,+79068601373,admin@theaixon.ru,"https://www.1c-bitrix.ru/upload/iblock/e52/qhuwr9pxe1c8mospsgbl6xso2qlh8zr0/Дизайн без названия.jpeg",/partners/partner/26586820/,ru,2026-06-23T16:45:56+00:00
1561235,"Starcev Digital",https://starcev-digital.ru,"+7 (3452) 92-35-07",info@starcev-digital.ru,https://www.1c-bitrix.ru/upload/iblock/7ce/132132131.png,/partners/partner/1561235/,ru,2026-06-23T16:45:58+00:00
11205844,Дельфин,https://dolnet.ru,+74959721570,info@dolnet.ru,https://www.1c-bitrix.ru/upload/iblock/910/80cyozr1l8wfentfaohuhwu2tg3vkjf7/logo_175.png,/partners/partner/11205844/,ru,2026-06-23T16:46:01+00:00
22204350,Логика,"https:// https://business-logiccrm.bitrix24site.ru",89308014996,algorithm.nn@yandex.ru,https://www.1c-bitrix.ru/upload/iblock/071/7jy8thukjda92nmuh1fabsij09x9go8o/_im_399d122a-bb33-47bc-9819-5c04bae6c24a_11zon.png,/partners/partner/22204350/,ru,2026-06-23T16:46:03+00:00
28074180,АНКИЛЛ,https://ankill.ru/,+79501521856,640987@bk.ru,https://www.1c-bitrix.ru/upload/iblock/073/yq5ve7gcm69xq5tuldpipgovm4r35f7p/Logogpt.png,/partners/partner/28074180/,ru,2026-06-23T16:46:08+00:00
360781,ВебСтрой,https://webstroy.ws,"+7 (908) 842-75-00",m21r@ya.ru,https://www.1c-bitrix.ru/upload/iblock/982/jfbok649ls8fr6f2z59jcve9vjh0ob1b/webstroy.png,/partners/partner/360781/,ru,2026-06-23T16:46:10+00:00
1472958,Akona,https://www.akona.ru,"+73432887762, +73432887761, 7 (343) 2885091, 7 (343) 2885092, 7 (343) 2885093, 7 (343) 2885094, 7 (343) 2887762, 7 (495) 150-59-71, 7 (495) 150-59-72, 7 (495) 150-59-73, 7 (495) 150-59-74, 7 (800) 550-59-26",site@akona.ru,https://www.1c-bitrix.ru/upload/iblock/d67/logo4.png,/partners/partner/1472958/,ru,2026-06-23T16:46:13+00:00
8382211,SimbirBit,http://simbirbit.ru,89084837047,t.shurkin@yandex.ru,https://www.1c-bitrix.ru/upload/iblock/4b5/ngtbbrgrtj8g035h9v8al9gzsk0z9f26/Лого.png,/partners/partner/8382211/,ru,2026-06-23T16:46:15+00:00
10431894,"Benecom ИТ-служба",https://ит-служба.рф,"+7 (495) 980 05 40",b2b@benecom.ru,https://www.1c-bitrix.ru/upload/iblock/056/z87dixua7yqa1hdktw7uvojham04w011/Benecom_175х135.png,/partners/partner/10431894/,ru,2026-06-23T16:46:18+00:00
12243874,ИМПЭЙ,https://impay-online.com/,+74954142925,impay@impay-online.com,https://www.1c-bitrix.ru/upload/iblock/808/7erhp6i1sdqng6s6qbqukm57av3xv8kh/logo.png,/partners/partner/12243874/,ru,2026-06-23T16:46:20+00:00
12493368,PARABIT,"https:// parabit.bitrix24site.ru",+79105921266,parabit@inbox.ru,"https://www.1c-bitrix.ru/upload/iblock/007/038y9e4ty69sqlh9jvxz3q136b8ifruj/Parabit logo 175.png",/partners/partner/12493368/,ru,2026-06-23T16:46:22+00:00
20235564,"Vek digital",https://vekdigital.bitrix24site.ru/,+79323358967,artem.g@vekdigital.ru,https://www.1c-bitrix.ru/upload/iblock/aef/5hs5vxuhdsn7amnxzd2ltthhcxbwwo2l/logo_VD_bez_krug135х113.png,/partners/partner/20235564/,ru,2026-06-23T16:46:25+00:00
382373,"ITC CODES",https://itc.codes/,"+7 495 476-68-00",info@itc.codes,"https://www.1c-bitrix.ru/upload/iblock/263/Group 280.png",/partners/partner/382373/,ru,2026-06-23T16:46:27+00:00
7254255,cmall,https://www.cmall.ru,"+7 (499) 653-99-91",info@cmall.team,https://www.1c-bitrix.ru/upload/iblock/a29/z41hcqxg4ikx1xegg9i0qbaxaktktwxi/cmall__logo_bitrix.png,/partners/partner/7254255/,ru,2026-06-23T16:46:30+00:00
9043337,ГЛОБАЛФОКС,https://luckyfox.info/,+79064120818,123@luckyfox.info,"https://www.1c-bitrix.ru/upload/iblock/770/qvwztidt9la28curh6n5hvjomuk1comn/Lf_logo text.png",/partners/partner/9043337/,ru,2026-06-23T16:46:32+00:00
10553068,НТ,https://www.ntbp.ru,+74993505639,info@ntbp.ru,https://www.1c-bitrix.ru/upload/iblock/c2e/Снимок2.PNG,/partners/partner/10553068/,ru,2026-06-23T16:46:34+00:00
10913592,"ИТЦ «БАЛТИК-ГЛОБАЛ» (BGG)",https://balticdigital.ru/,+79210986967,bitrix24@bgg.ru,https://www.1c-bitrix.ru/upload/iblock/daa/f347phipp2v9o98ym2u22ayett0z4k08/logosqv175.jpg,/partners/partner/10913592/,ru,2026-06-23T16:46:39+00:00
13252266,"Инструменты для бизнеса",https://business-to-business.ru,"+7 923 104-13-26",training-centre@bk.ru,"https://www.1c-bitrix.ru/upload/iblock/465/q8613i9k10fplhhzsd0t2k9hu3qie0b4/Щит (для Битрикса).png",/partners/partner/13252266/,ru,2026-06-23T16:46:42+00:00
22826572,"IT Sysmems",https://it-sysmems.ru/,89055917070,postmaster@it-sysmems.ru,"https://www.1c-bitrix.ru/upload/iblock/3e5/u1h33ez0co2xzxwx9axaxih62q3pkkih/Без имени-1.png",/partners/partner/22826572/,ru,2026-06-23T16:46:44+00:00
9995197,ДС-Технология,https://1cdst.ru/,"+7 (863) 322-63-73",28118@bk.ru,https://www.1c-bitrix.ru/upload/iblock/725/b35cx0ze1mwe1xkjjeu566if3tbbkmx3/Лого.jpg,/partners/partner/9995197/,ru,2026-06-23T16:46:47+00:00
11349890,AdMars,https://admars.ru/,+79168330707,info@admars.ru,https://www.1c-bitrix.ru/upload/iblock/4b4/HD0u-31f7mk.jpg,/partners/partner/11349890/,ru,2026-06-23T16:46:49+00:00
14500,АйТи43,https://aiti43.ru,+79097175757,info@aiti43.ru,https://www.1c-bitrix.ru/upload/iblock/53f/9is490nlfyo0ewtsyhs8a5lrcupotkg3/charity-logo-dark_175x135.png,/partners/partner/14500/,ru,2026-06-23T16:46:52+00:00
121727,ITF,https://itfgo.com,"+7 (495) 662-9802",info@itfgo.com,https://www.1c-bitrix.ru/upload/iblock/faf/logo-itf.png,/partners/partner/121727/,ru,2026-06-23T16:46:54+00:00
211114,WebRussia,https://web-russia.ru,"8 (495) 258-92-10",office@web-russia.ru,https://www.1c-bitrix.ru/upload/iblock/6f0/64kv3p4btxm7hk41y1m391xfrgby4um8/favicon.png,/partners/partner/211114/,ru,2026-06-23T16:46:57+00:00
8506979,"REDS Group",https://www.reds-group.ru,"8 (995) 325-80-83",info@reds-group.ru,https://www.1c-bitrix.ru/upload/iblock/25b/reds200.png,/partners/partner/8506979/,ru,2026-06-23T16:46:59+00:00
11279154,ККМ.Центр,https://kkm.center,"8 800 250 1415",mail@kkm.center,https://www.1c-bitrix.ru/upload/iblock/dab/85ac8f64d02c3e3621320b23fa61e2f9(175x112).jpg,/partners/partner/11279154/,ru,2026-06-23T16:47:01+00:00
25476386,"АРУС ПАРУС",https://parus.apyc.ru/,"+7 (342) 214-00-00",parus@apyc.ru,https://www.1c-bitrix.ru/upload/iblock/47f/zmws6qq20yad4rbme0jn9fg4tfhnsujk/LogoParusBitrix.png,/partners/partner/25476386/,ru,2026-06-23T16:47:04+00:00
27118670,Маяк,https://m-a-m.ru/,+79254941252,support@m-a-m.ru,"https://www.1c-bitrix.ru/upload/iblock/246/bfqsvho7i611l8d0kpubh5br569dlhn1/Frame 56.png",/partners/partner/27118670/,ru,2026-06-23T16:47:06+00:00
27209962,"Framework Team",https://framework.team,89372751503,bitrix24@framework.team,"https://www.1c-bitrix.ru/upload/iblock/fdc/95lc24141j78w4fkjuimdupeojd8tb09/FWT logo dark (1).png",/partners/partner/27209962/,ru,2026-06-23T16:47:11+00:00
28397750,ZVK,https://zvk.ru,+74954777777,info@zvk.ru,"https://www.1c-bitrix.ru/upload/iblock/d92/73fxpqdzp21pn704lbhz4c5vmithllug/logo_new 1.png",/partners/partner/28397750/,ru,2026-06-23T16:47:13+00:00
5668865,РунетЛаб,https://runetlab.ru/,+79951004050,info@runetlab.ru,https://www.1c-bitrix.ru/upload/iblock/fd5/es91zp8t2afpotnhtipv4uypj01z4rlz/круглый.png,/partners/partner/5668865/,ru,2026-06-23T16:47:16+00:00
17763290,"Avocado Media",https://avomarketing.online,+79612754540,avocadomedia@yandex.ru,"https://www.1c-bitrix.ru/upload/iblock/1e5/8k3u3mrlfd8eu1iwa003skyczo6r0ruk/Без имени-4.png",/partners/partner/17763290/,ru,2026-06-23T16:47:18+00:00
788234,ЛИКОМ-С,https://licom-s.ru,4955891590,office@licom-s.ru,"https://www.1c-bitrix.ru/upload/iblock/95e/qxglgsdy8ylzrr7te792f2wmy332o41o/LOGO (ЛИКОМ-С).png",/partners/partner/788234/,ru,2026-06-23T16:47:21+00:00
8905991,Revoltex,https://revoltex.ru,+79028019602,telitsyn.andrey@gmail.com,https://www.1c-bitrix.ru/upload/iblock/8e0/logo_170_135.jpg,/partners/partner/8905991/,ru,2026-06-23T16:47:23+00:00
12629708,ЭРТИМ,https://crm24.er-team.ru,"+7 (499) 490-0991",crm@er-team.ru,https://www.1c-bitrix.ru/upload/iblock/cc1/x2m34oxlu0nz0a41qv4cpp2l0j3cfxuj/эрteam-2.jpg,/partners/partner/12629708/,ru,2026-06-23T16:47:25+00:00
14700626,Бизнескод,https://bzcode.ru,+79539051873,emil.imagine@yandex.ru,https://www.1c-bitrix.ru/upload/iblock/e8f/ygb2aq5sosjinc3jidalejniqsvene9v/bz2-(1).png,/partners/partner/14700626/,ru,2026-06-23T16:47:28+00:00
17449300,Nizyumka,https://izyumka.na4u.ru/,+79956778608,nizyumka@gmail.com,https://www.1c-bitrix.ru/upload/iblock/8e6/4jojlx1ta16swlb47js5x58u656ykwop/logonizyumka.png,/partners/partner/17449300/,ru,2026-06-23T16:47:30+00:00
19095428,"АБК Учет",https://abk.bitrix24site.ru/#contact,+79182505014,aigul.karimova@internet.ru,https://www.1c-bitrix.ru/upload/iblock/567/0qvpyxvth5xt43z3z9hu9zvipq0is6ad/imgonline-com-ua-Resize-1zzp0l0Mqmma.jpg,/partners/partner/19095428/,ru,2026-06-23T16:47:33+00:00
22786780,"WCE (ВКИ)",https://itwce.ru,+79189349974,contact@wce.one,"https://www.1c-bitrix.ru/upload/iblock/ab7/h4lvtsa325qjlcjy7hlql23c2xzpcya6/Лого черный (1).png",/partners/partner/22786780/,ru,2026-06-23T16:47:35+00:00
227928,ИстЛайн,https://1cistline.ru,"+7 (3842) 900-678",kaa@1cistline.ru,"https://www.1c-bitrix.ru/upload/iblock/dc9/Центр внедрения и сопровождения.png",/partners/partner/227928/,ru,2026-06-23T16:47:38+00:00
8267141,"КЛЮЧЕВЫЕ ПАРТНЕРЫ",https://keypartners24.ru,"+7 (922) 800-86-09",bitrix@keypartners24.ru,"https://www.1c-bitrix.ru/upload/iblock/0e3/anl3ax41uxmncfc2c7wwn0jea9o463t3/Горизонтальный логотип для карточки партнеры битрикс24.jpg",/partners/partner/8267141/,ru,2026-06-23T16:47:43+00:00
17560084,BUHGALTERIAproMED,https://b24-ht9st7.bitrix24site.ru/,+79112353773,Mariabagira13@gmail.com,https://www.1c-bitrix.ru/upload/iblock/1af/wt0tzqe6vdgj3s39mxqcpx5qn3q5rwfz/logo1.png,/partners/partner/17560084/,ru,2026-06-23T16:47:45+00:00
15289488,"Промарк Веб",https://promark-web.ru/,"+7 (906) 626-79-12",a.promark@yandex.ru,https://www.1c-bitrix.ru/upload/iblock/ab6/k6lbnpzy3wrow4m8n0d2s1u9u8ds90cn/pm-175.jpg,/partners/partner/15289488/,ru,2026-06-23T16:47:48+00:00
26630494,Гребенщиков,https://xn--80abfi8c.xn--p1ai,+79139838358,wwuuschi@gmail.com,"https://www.1c-bitrix.ru/upload/iblock/8ec/32g1sthwx05urejlbogx5el38bxj8561/Гребенщиков  t партнёры.png",/partners/partner/26630494/,ru,2026-06-23T16:47:50+00:00
27415456,FOR-APP,https://for-app.ru/,89805212723,shpet.max@ya.ru,https://www.1c-bitrix.ru/upload/iblock/f25/zqdabzi5hjf8jmetpkvm3rdshka4uh5y/result_logoF.png,/partners/partner/27415456/,ru,2026-06-23T16:47:52+00:00
206346,Aprix.ru,https://aprix.ru,"+7 (499) 677-5629",site@aprix.ru,https://www.1c-bitrix.ru/upload/iblock/1f2/logo_aprix_175x135.jpg,/partners/partner/206346/,ru,2026-06-23T16:47:55+00:00
7341441,musiy.pro,https://musiy.pro,"+7 (904) 239-60-29",alex@musiy.pro,https://www.1c-bitrix.ru/upload/iblock/324/uvl56itylyakrxtnlpnnhk90arjfr2d6/my_logo.jpg,/partners/partner/7341441/,ru,2026-06-23T16:47:57+00:00
11233074,Тесла,https://agtesla.ru,+79843330909,info@agtesla.ru,https://www.1c-bitrix.ru/upload/iblock/aa5/Лампочка.png,/partners/partner/11233074/,ru,2026-06-23T16:48:00+00:00
23039448,"Технологический Партнер",http://tp-it.ru/,+79044969602,info@tp-it.ru,"https://www.1c-bitrix.ru/upload/iblock/3c2/s4y2qj095zfk6oxabgglf0p7900fzx0x/Лого 175-135.png",/partners/partner/23039448/,ru,2026-06-23T16:48:02+00:00
23828326,Sidaevcom,https://sidaev.com/,+79017552274,info@sidaev.com,https://www.1c-bitrix.ru/upload/iblock/ee4/c0xhrcaapwqyt2oa2rnfavcnemdko02h/лого.jpg,/partners/partner/23828326/,ru,2026-06-23T16:48:05+00:00
25377870,KOTSOFT,https://kotsoft.ru/,"+7 (499) 110-05-63",info@kotsoft.ru,https://www.1c-bitrix.ru/upload/iblock/177/jayags0igsuf65dzzbfpagacud4xm4c4/chernyi_2_11x.png,/partners/partner/25377870/,ru,2026-06-23T16:48:07+00:00
27968462,MindMachine,https://mind-machine.ru,89035420875,vibe@mind-machine.ru,https://www.1c-bitrix.ru/upload/iblock/e3b/7clrvk5617406s8duazxn4motg2tuwf5/chatgpt_image_6_fevr_2026_g_10_25_03_kopiya_1x.png,/partners/partner/27968462/,ru,2026-06-23T16:48:10+00:00
570349,AiR,https://airws.ru,"+7 383 383-07-17",sale@airws.ru,https://www.1c-bitrix.ru/upload/iblock/55b/rzi4w3c4nr2p7kduez0cvjxpede4u3zx/logo_round_80px.png,/partners/partner/570349/,ru,2026-06-23T16:48:14+00:00
1226541,"Unice digital",https://u-nice.ru,+7-928-401-40-51,u-nice@mail.ru,https://www.1c-bitrix.ru/upload/iblock/940/u3kojqryj5ms1tdtdsfusv6x2eohzrff/logo_u_color.png,/partners/partner/1226541/,ru,2026-06-23T16:48:17+00:00
20951676,Zhuchkoff,https://zhuchkoff.com/,+79162906000,web@zhuchkoff.com,https://www.1c-bitrix.ru/upload/iblock/743/jqp6rdd06x4wsa7qjyb0v6cz8waq3vld/лого.jpg,/partners/partner/20951676/,ru,2026-06-23T16:48:19+00:00
54428,HelenMedia,https://helenmedia.ru,"+7 (499) 455-05-23",info@helenmedia.ru,https://www.1c-bitrix.ru/upload/iblock/af3/p161u21d0o1metlaf2uiln2abs7t9ug8/new-logo.png,/partners/partner/54428/,ru,2026-06-23T16:48:22+00:00
18406678,bijobs.ru,https://bijobs.ru,+7-917-144-46-14,info@bijobs.ru,https://www.1c-bitrix.ru/upload/iblock/ee8/qxfjhyfihcttyute1gxlyl43265ipj2m/логотип.png,/partners/partner/18406678/,ru,2026-06-23T16:48:24+00:00
15454152,"Hermon Group",https://hermongroup.ru,+79952581740,info@hermongroup.ru,"https://www.1c-bitrix.ru/upload/iblock/7a2/0f11u20yotrfg600cdftdezqtyo4y0hk/Webp.net-resizeimage (2).png",/partners/partner/15454152/,ru,2026-06-23T16:48:27+00:00
16283524,LeaD-SearcH,https://lead-search.ru/,"+7 499 325-32-60",Inf@Lead-search.ru,https://www.1c-bitrix.ru/upload/iblock/6fb/m4vmezqf5k109f9q1ksdrdw2smclxijt/IMG_4293.png,/partners/partner/16283524/,ru,2026-06-23T16:48:29+00:00
17076200,"Вектор плюс",https://vektorplyus.bitrix24site.ru/,"+7 (3452) 56‒41‒04",s.palkina@vektor72.ru,https://www.1c-bitrix.ru/upload/iblock/d22/9oatbiutcsk3ouiq0efay3vwh76mpknm/Логотип.png,/partners/partner/17076200/,ru,2026-06-23T16:48:32+00:00
21062284,"TECHNIKA CRM",https://technikacrm.ru,+79525125542,nikaprocrm@gmail.com,"https://www.1c-bitrix.ru/upload/iblock/f93/yz0t8h24tg4tkoikgv6m1oj6u5q2a60j/IMG_4966 2.jpg",/partners/partner/21062284/,ru,2026-06-23T16:48:34+00:00
4994041,Databasemarketing,https://databasemarketing.ru,89031954122,hello@databasemarketing.ru,https://www.1c-bitrix.ru/upload/iblock/acc/cpc61d072casw2jrc1vvzvm0f3kqlt2o/лого.png,/partners/partner/4994041/,ru,2026-06-23T16:48:37+00:00
8401477,Darolla,https://darolla.com/,+7-913-933-07-98,info@darolla.com,https://www.1c-bitrix.ru/upload/iblock/d63/logo_resize.png,/partners/partner/8401477/,ru,2026-06-23T16:48:39+00:00
13211549,WebMotions,https://webmotions.ru,+79185502107,webmotions@yandex.ru,https://www.1c-bitrix.ru/upload/iblock/c63/60tut0j91lws286o1ygw2kg56gotc1o6/1771234845095e.png,/partners/partner/13211549/,ru,2026-06-23T16:48:41+00:00
15497370,ПКА,https://1fca.ru/,"+7 (920) 049-09-38",fcapartner@yandex.ru,https://www.1c-bitrix.ru/upload/iblock/7d0/41hoar3sphk26seqvgcv0axgxc9gzh32/logo-bitrix.jpg,/partners/partner/15497370/,ru,2026-06-23T16:48:47+00:00
15721956,Цифры,https://tsfra.ru,"+7 (993) 330-37-33",info@tsfra.ru,"https://www.1c-bitrix.ru/upload/iblock/2bf/d5k7377865r64u75r6fb7m1g4u2pj227/logo_with_white_background_final (1).png",/partners/partner/15721956/,ru,2026-06-23T16:48:49+00:00
16031284,АБМ,https://abmpro.ru,"8 800 707 27 76",info@abmpro.ru,https://www.1c-bitrix.ru/upload/iblock/f17/rh59i7i4bzt1bt5r0wnk1nyrualckoob/imgonline-com-ua-Resize-8edQf6kmZZsO.jpg,/partners/partner/16031284/,ru,2026-06-23T16:48:52+00:00
17232596,Ravconsulting,https://audit.ravconsulting.ru/,89084492909,Sales@ravconsulting.ru,"https://www.1c-bitrix.ru/upload/iblock/e47/x2yk0g7y6n3dmksae1ch40h6h80279f9/RAV_ЛОГО_page-0001 1.png",/partners/partner/17232596/,ru,2026-06-23T16:48:55+00:00
17548976,УГС,"https:// gasfinance.ru",+79227568811,info@gasfinance.ru,https://www.1c-bitrix.ru/upload/iblock/848/2n5bd5mx6gdh94tvx3usld1hdxdg86aq/logo_G3q7R1Yr.png,/partners/partner/17548976/,ru,2026-06-23T16:48:58+00:00
2105853,Р.О.С.КОМТЕХ,https://roscomtech.org/,88005515989,hello@roscomtech.org,"https://www.1c-bitrix.ru/upload/iblock/a17/RktBannery (1).jpg",/partners/partner/2105853/,ru,2026-06-23T16:49:01+00:00
11511610,IT-Сервис,https://itsportal.ru,"+7 (8332) 255-210",itsmanager@mail.ru,"https://www.1c-bitrix.ru/upload/iblock/681/logo 175x135.png",/partners/partner/11511610/,ru,2026-06-23T16:49:04+00:00
16897486,VerdiLab,https://verdilab.bitrix24.site/#b13642,89040324611,marrry221b@xmail.ru,"https://www.1c-bitrix.ru/upload/iblock/11b/wy1z0h1mcajdf6wy0l4yag9pq3kseif3/лого (2).jpg",/partners/partner/16897486/,ru,2026-06-23T16:49:07+00:00
416342,VES,https://v-e-s.ru,+79225331804,evg@v-e-s.ru,https://www.1c-bitrix.ru/upload/iblock/19d/ftwezy3mqi9d3kxi0n6ufoz7972nui31/logo.png,/partners/partner/416342/,ru,2026-06-23T16:49:10+00:00
11097732,inn-digital,https://inn-digital.ru/,"+7 (903) 619-43-06",bitrix24@inn-digital.ru,https://www.1c-bitrix.ru/upload/iblock/db8/rx46d02t7lv5uy5xzn6gyt4rp6dyhjkr/znak-01-small-1.jpg,/partners/partner/11097732/,ru,2026-06-23T16:49:12+00:00
12891750,IT-Sreda,https://products.bitrix24site.ru,"+7 900 277-08-48",it-sreda@yandex.ru,https://www.1c-bitrix.ru/upload/iblock/8d0/5ph5mu14fi2bq36ger2mkaxk5j7smdyw/Logomin.png,/partners/partner/12891750/,ru,2026-06-23T16:49:15+00:00
20923584,Doccod,https://doccode.ru,+7926219529,Iinfo@doccod.ru,https://www.1c-bitrix.ru/upload/iblock/10b/wgqqygcdo5uho6k7xjkrf3d6qk4n9g7i/favicon.png,/partners/partner/20923584/,ru,2026-06-23T16:49:17+00:00
156502,МДО,https://mdo-digital.bitrix24site.ru/,+74959267817,b24@mdo.ru,https://www.1c-bitrix.ru/upload/iblock/8d5/ps9emovrqalaa2axz5zxu91o2aup1xb1/logo-mdo.png,/partners/partner/156502/,ru,2026-06-23T16:49:22+00:00
170987,Решение,https://ireshenie.ru/,+74012900519,ip@i-reshenie.ru,"https://www.1c-bitrix.ru/upload/iblock/96b/1fhy00kueyf5lt91hcy7sumrrj9b131g/logo 175x135.png",/partners/partner/170987/,ru,2026-06-23T16:49:25+00:00
344289,Ариотех,https://ariotech.ru,+7-3452-79-10-46,info@ariotech.ru,https://www.1c-bitrix.ru/upload/iblock/12a/hyacb810ta4va6vuwtrp6bj2lfczdqio/Ариотех(3).png,/partners/partner/344289/,ru,2026-06-23T16:49:27+00:00
398579,Exiterra,https://exiterra.ru,"+7 (800) 101-43-72",i@exiterra.ru,https://www.1c-bitrix.ru/upload/iblock/cff/ExiterraLogo3cm.png,/partners/partner/398579/,ru,2026-06-23T16:49:31+00:00
541706,"Retail Online",https://retail-online.ru/,"+7 (931) 25-85-035",manager@retail-online.ru,https://www.1c-bitrix.ru/upload/iblock/c5f/logoro.jpg,/partners/partner/541706/,ru,2026-06-23T16:49:33+00:00
562921,WebDesign48,https://webdesign48.ru,"+7 (950) 800-45-10",admin@webdesign48.ru,https://www.1c-bitrix.ru/upload/iblock/829/3fyb3b714o6v62l92e94swwy4acaclrh/logob24.jpg,/partners/partner/562921/,ru,2026-06-23T16:49:36+00:00
1081909,V-Halla,https://v-halla.ru/,"+7 927 191-91-15",i.vekov@v-halla.ru,"https://www.1c-bitrix.ru/upload/iblock/575/lint6gcqsrwlzruuk3wti5zc5pizp2lh/загруженное (1).png",/partners/partner/1081909/,ru,2026-06-23T16:49:39+00:00
1114568,USTRONG,https://www.ustrong.ru,"+7 (4872) 25-24-34",hello@ustrong.ru,https://www.1c-bitrix.ru/upload/iblock/490/8yyj0pgd88ltu5k818u6s79b7cwy2p0i/Ustrong_logo_digital_agency.png,/partners/partner/1114568/,ru,2026-06-23T16:49:41+00:00
1204559,Биплан,https://biplane.ru,"+7 495 6625995",info@biplane.ru,https://www.1c-bitrix.ru/upload/iblock/137/biplane_logo-new.png,/partners/partner/1204559/,ru,2026-06-23T16:49:45+00:00
2236245,"IT TIME NOW",https://ittimenow.com,"8 (495) 1335888",hello@ittimenow.com,https://www.1c-bitrix.ru/upload/iblock/401/ovgtid61iknworyzve55280gm6wzmz8n/logo-ittn-512.jpeg,/partners/partner/2236245/,ru,2026-06-23T16:49:47+00:00
3445321,"Кор Групп",https://coregroup.ru,"+7 (812) 507-8586",info@coregroup.ru,https://www.1c-bitrix.ru/upload/iblock/df4/cg1.png,/partners/partner/3445321/,ru,2026-06-23T16:49:49+00:00
7302457,PrimeLabs,https://primelabs.ru,+7(495)1183659,sales@primelabs.ru,https://www.1c-bitrix.ru/upload/iblock/a09/bo2tkvkm3682oxbu232bzj1wmna5h1iy/PrimeLabs-black-400x400.png,/partners/partner/7302457/,ru,2026-06-23T16:49:52+00:00
8012861,"Смарт Систем",https://www.it48.ru/,"+7 4742-37-00-11",info@it48.ru,"https://www.1c-bitrix.ru/upload/iblock/f06/логотип_SS обрезанный1.jpg",/partners/partner/8012861/,ru,2026-06-23T16:49:57+00:00
8735337,"First Art Studio",https://firstartstudio.ru/,"+7 495 649 87 79",info@firstartstudio.ru,https://www.1c-bitrix.ru/upload/iblock/936/8ee/logo.png,/partners/partner/8735337/,ru,2026-06-23T16:49:59+00:00
9729079,MediaMid,https://www.mediamid.ru,"+7 (926) 097-77-79",info@mediamid.ru,https://www.1c-bitrix.ru/upload/iblock/920/mediamid.svg,/partners/partner/9729079/,ru,2026-06-23T16:50:01+00:00
10215080,Профитек-Интеграция,https://p-int.bitrix24site.ru/,"8 (937) 386-00-56",p-integrator@yandex.ru,"https://www.1c-bitrix.ru/upload/iblock/8be/Профитек-Интеграция (лого 175) для публикации в 1С-Битрикс.png",/partners/partner/10215080/,ru,2026-06-23T16:50:04+00:00
10475490,MakBit,https://makbit.ru,+79106525233,makbit@internet.ru,"https://www.1c-bitrix.ru/upload/iblock/48c/makbitlogo (3).png",/partners/partner/10475490/,ru,2026-06-23T16:50:06+00:00
10922176,sevenLAB,https://sevenlab.ru/,"+7 495 118-28-55",info@sevenlab.ru,"https://www.1c-bitrix.ru/upload/iblock/ade/wekl9e3zu6439qroih81wn61v9lkgo0z/sevenLAB _ 500х100 (1).png",/partners/partner/10922176/,ru,2026-06-23T16:50:09+00:00
11367722,TYT.site,https://tyt.site/,+79004000006,a@konopelko.ru,https://www.1c-bitrix.ru/upload/iblock/fd9/6tqtcjkg7w1h7soong92r6g7a1ktcy1v/bitrix.png,/partners/partner/11367722/,ru,2026-06-23T16:50:11+00:00
12592838,CADFLO-CRM,"https://cadflo.ru и https://cadflo-crm.ru",8(963)724-23-29,cadflo-crm@ya.ru,"https://www.1c-bitrix.ru/upload/iblock/bb3/cadflo 175x135.png",/partners/partner/12592838/,ru,2026-06-23T16:50:14+00:00
15241222,ЭлеКас,https://elekas.ru,8-800-600-64-11,eks@elekas.ru,"https://www.1c-bitrix.ru/upload/iblock/66d/99ncfooiol3rsflo5xbnrl0zq4ua1zuk/Логотип сокращенный 2.png",/partners/partner/15241222/,ru,2026-06-23T16:50:16+00:00
15595802,Элькон,https://elkonstudio.ru,"+7 905 283-88-63",info@elkonstudio.ru,https://www.1c-bitrix.ru/upload/iblock/7eb/8glr1rsg2xveg1yqzkfc99841eg10aji/elkon_logo_1c.png,/partners/partner/15595802/,ru,2026-06-23T16:50:19+00:00
15770154,"KUD Corp",https://kudcorp.bitrix24site.ru,"+7 (903) 535-21-77",Mihkud65@yandex.ru,https://www.1c-bitrix.ru/upload/iblock/6ba/1ceszenbluxy0i6ffj70eym3nhdycqdm/IMG_1048.JPG,/partners/partner/15770154/,ru,2026-06-23T16:50:21+00:00
16604882,"Современные Информационные Системы",https://систехнологии.рф,+73519220331,1@систехнологии.рф,"https://www.1c-bitrix.ru/upload/iblock/335/n1pf2phfmufq3cat2ego3426rkqu12zh/лого сис (для битрикс).png",/partners/partner/16604882/,ru,2026-06-23T16:50:24+00:00
17098098,FriendAdmin,https://friendadmin.ru,"+7 961 104-83-19",info@friendadmin.com,"https://www.1c-bitrix.ru/upload/iblock/735/ovregn1xc5z2q7basmy6k97d770g7kkl/Дизайн без названия.jpg",/partners/partner/17098098/,ru,2026-06-23T16:50:28+00:00
17400774,"ЦТП Комплект",https://ctp24.com,+74952490117,info@ctp24.com,https://www.1c-bitrix.ru/upload/iblock/436/qnkkkcynnp7anjnwbazzk0zjsc8qqlm3/ctp_24_2_175x48.png,/partners/partner/17400774/,ru,2026-06-23T16:50:31+00:00
17937574,SEOROCKET,https://seo-rocket.ru/,+79252757855,Seo63rocket@yandex.ru,https://www.1c-bitrix.ru/upload/iblock/948/ory60vskveyzz9bk4hwzyvpes5z41ik4/logo-black.png,/partners/partner/17937574/,ru,2026-06-23T16:50:33+00:00
18346220,Нансен,https://nansenproject.ru,"+7 (812) 335-23-38",info@nansenproject.com,https://www.1c-bitrix.ru/upload/iblock/7e1/61tdfam3oivbkd1alnj5hbci6mvl48ls/logonansen.png,/partners/partner/18346220/,ru,2026-06-23T16:50:36+00:00
19099600,"Redbe Agency",https://redbe.ru,"+7 (906) 943-40-17",crm@redbe.ru,https://www.1c-bitrix.ru/upload/iblock/fdd/io0is04r64hw9fiahfk25q0i97twls4d/redbe135.jpg,/partners/partner/19099600/,ru,2026-06-23T16:50:38+00:00
19205106,EffiTech,https://effitech.bitrix24site.ru,+79132703274,shumilova-crm@mail.ru,https://www.1c-bitrix.ru/upload/iblock/219/i6wt86kfwghsn6wevhxbz5wxk3y1pd12/1.png,/partners/partner/19205106/,ru,2026-06-23T16:50:40+00:00
19221414,С'студио,https://sstudioweb.ru,"+7 8412 25-45-87",s.studio.web@yandex.ru,"https://www.1c-bitrix.ru/upload/iblock/9ad/5l4wwbd3nf0g7ujbgcatxzv3zjyxg10f/Лого 1 1.png",/partners/partner/19221414/,ru,2026-06-23T16:50:43+00:00
19726846,Jellyweb,https://jellyweb.ru,89292200230,info@jellyweb.ru,https://www.1c-bitrix.ru/upload/iblock/8c0/9513y9g7nmkelqtnoj0yp8zn7iyufrpp/1974087.jpeg,/partners/partner/19726846/,ru,2026-06-23T16:50:45+00:00
20899778,Интегра,https://integra72.ru,+79292605696,kruglikov.s@mail.ru,https://www.1c-bitrix.ru/upload/iblock/72d/kzuskzm860el2f24e1goq37one1idz7k/Logo_integra.png,/partners/partner/20899778/,ru,2026-06-23T16:50:47+00:00
22537544,Isaconsult,https://isaconsult.ru,89278998683,isa.system@yandex.ru,https://www.1c-bitrix.ru/upload/iblock/153/9v4lj4aqc41w584x8q4370l8yp8g631i/лого.png,/partners/partner/22537544/,ru,2026-06-23T16:50:50+00:00
23091366,CFC,https://cfc-agency.ru,+79916558914,info@cfc-agency.ru,"https://www.1c-bitrix.ru/upload/iblock/909/q9pz6mis10gg0mz4zsri3tj8ss2l7eis/СFC logo (130 x 130 пикс.).png",/partners/partner/23091366/,ru,2026-06-23T16:50:52+00:00
23097272,ФРИТРЕЙН,http://битрикс.фритрейн.рф/,+79826316792,info@topsto.pro,https://www.1c-bitrix.ru/upload/iblock/30b/vwe6u0f241c10j2ahgj2u54me2wsd6ut/logo.png,/partners/partner/23097272/,ru,2026-06-23T16:50:55+00:00
24058632,ФАРМ74,https://farm74.ru,,partner@farm74.ru,https://www.1c-bitrix.ru/upload/iblock/358/5va6w1rfes27djlq5yt6jx55f9d478wa/логотип2.png,/partners/partner/24058632/,ru,2026-06-23T16:50:59+00:00
24352554,PSK-iT,https://psk-it.ru/,+79777086823,psk-10@list.ru,"https://www.1c-bitrix.ru/upload/iblock/9d7/ltoubuet6fs6dc32jb52aaq3iuae3ooi/Screenshot 2025-05-15 at 11.40.22 PM.png",/partners/partner/24352554/,ru,2026-06-23T16:51:02+00:00
25440170,БизнесAID,https://biznesaid.ru/,+79604545175,info@biznesaid.ru,https://www.1c-bitrix.ru/upload/iblock/d02/7ycvtw1ih23qdfjr7092j5chwnw9axg2/logo_s.png,/partners/partner/25440170/,ru,2026-06-23T16:51:04+00:00
25702600,СКП,https://it-kirov.info,89128279365,support@it-kirov.info,https://www.1c-bitrix.ru/upload/iblock/5d4/a8gjjpj7yza3p5wiinv211p1ubbwi1su/logo_adapted_175x135.jpg,/partners/partner/25702600/,ru,2026-06-23T16:51:07+00:00
25876896,NeoLeaders,https://neoleaders.ru,"+7 9655805160",allakolabinova@yandex.ru,https://www.1c-bitrix.ru/upload/iblock/5c2/9eqxl7ecdlngsd2v6p3it287h9u188i3/861b5990-ccbc-45c6-a7c7-3fcedd8a.jpg,/partners/partner/25876896/,ru,2026-06-23T16:51:09+00:00
25883194,Синергия24,https://sinergiya24.ru/#,+79014698080,team.s24@mail.ru,"https://www.1c-bitrix.ru/upload/iblock/e71/qvtxffvs9jr202578u91gf235h5owf3p/WhatsApp Image 2025-09-16 at 11.17.46 (2).jpeg.jpg",/partners/partner/25883194/,ru,2026-06-23T16:51:12+00:00
26032932,Chaos-Off,https://chaos-off.ru,79501969619,chaysov.vladimir@gmail.com,https://www.1c-bitrix.ru/upload/iblock/3cc/dwu1702ehz3bsp9mqd2i0yci0d2yxzx0/4.png,/partners/partner/26032932/,ru,2026-06-23T16:51:14+00:00
26362650,"Хорошие люди",https://gp-it.ru,+73467318581,mail@gp-it.ru,"https://www.1c-bitrix.ru/upload/iblock/a66/z29l7uakb1jva2nkmiqzpmta3b17ae12/Хорошие люди_лого (2).png",/partners/partner/26362650/,ru,2026-06-23T16:51:16+00:00
27810710,"VI Digital",https://vi-digital.ru/,+79232220469,info.bitrix@vi-digital.ru,"https://www.1c-bitrix.ru/upload/iblock/212/4lyuems5dtd44bd3tec6m3382mw1v0la/Frame_11-_3_ (1).png",/partners/partner/27810710/,ru,2026-06-23T16:51:19+00:00
1185617,Цифровизация.Рус,https://Цифровизация.Рус,"(861) 292-04-52",zuev@ab123.ru,https://www.1c-bitrix.ru/upload/iblock/20c/wlfehjr6qjv3zssxo2b5fcwgfk2dp16g/logo.png,/partners/partner/1185617/,ru,2026-06-23T16:51:21+00:00
8998185,Систематизаторы,https://sistematizatory.ru/,89023273373,info@sistematizatory.ru,https://www.1c-bitrix.ru/upload/iblock/d9f/4hg9ydjphaiz6eirpzlkxi2o3dp31oln/logo_sys.png,/partners/partner/8998185/,ru,2026-06-23T16:51:24+00:00
6619553,ТИМ-КОНСАЛТИНГ,https://team-consult.bitrix24site.ru/,"+7 919 009 77 37",semenov@team-consult.ru,https://www.1c-bitrix.ru/upload/iblock/85c/logo_s_175.jpg,/partners/partner/6619553/,ru,2026-06-23T16:51:26+00:00
28062894,ITCoreX,https://itcorex.ru,"+7 (925) 347-52-15",info@itcorex.ru,https://www.1c-bitrix.ru/upload/iblock/f99/91i3gcrtyhwmxbvwjfoxm5xkfxbp2ufi/favicon-32x32.png,/partners/partner/28062894/,ru,2026-06-23T16:51:31+00:00
28192128,"IT OSA",https://it-osa.bitrix24site.ru,"+7 (996) 963-24-73",it-osa10@yandex.ru,"https://www.1c-bitrix.ru/upload/iblock/f20/r95d914ole0b4mijdrhkeu1cu3b39nwj/result_result_Айти ОСА Лого.png",/partners/partner/28192128/,ru,2026-06-23T16:51:33+00:00
257206,Зебрус,https://zebrus.ru,"8 800 301-11-91",info@zebrus.ru,"https://www.1c-bitrix.ru/upload/iblock/834/3hjiysvxfmlxh0uw2dbm1z0qug1xb0op/zebrus 1.png",/partners/partner/257206/,ru,2026-06-23T16:51:36+00:00
16914202,Амбер,https://www.amberltd.ru/,+7(495)6486134,v.peregudov@amberltd.ru,https://www.1c-bitrix.ru/upload/iblock/703/bg2g5d3y7dokdavx5gyc09r3390dulg1/logo.png,/partners/partner/16914202/,ru,2026-06-23T16:51:38+00:00
17260826,"Bulgakov Digital",https://bulgakovdigital.ru/,+7(920)278-66-66,info@bulgakovdigital.ru,https://www.1c-bitrix.ru/upload/iblock/ce7/iw9kh5t97tbcp29tcdq0sujoi7x9c1iw/bulgakov.png,/partners/partner/17260826/,ru,2026-06-23T16:51:40+00:00
10837140,F1expert,https://f1expert.ru,89527107732,info@f1expert.ru,https://www.1c-bitrix.ru/upload/iblock/25f/bitrix.png,/partners/partner/10837140/,ru,2026-06-23T16:51:43+00:00
11902820,7Elements,https://7Elements.ru,+79313949364,info@7elements.ru,https://www.1c-bitrix.ru/upload/iblock/35c/0uf58pozbgc4w28352zkirikkuiddfje/450.png,/partners/partner/11902820/,ru,2026-06-23T16:51:45+00:00
14883328,"КОНСАЛТИНГОВЫЙ ЦЕНТР",https://www.cons-center.ru/,+79257775252,info@cons-center.ru,https://www.1c-bitrix.ru/upload/iblock/dfb/sx1w5qz31yilowadancdeu1y63oc1aqr/z87tjx6zkcc4gvo249l58fj3ce9aeae2.png,/partners/partner/14883328/,ru,2026-06-23T16:51:48+00:00
2237389,DAPWEB,https://dapweb.ru/,"+7 (927) 577-38-66",info@dapweb.ru,https://www.1c-bitrix.ru/upload/iblock/67f/logotip_dlya_pechati.png,/partners/partner/2237389/,ru,2026-06-23T16:51:50+00:00
24127644,НейроСистемы,https://neurosystems.bitrix24site.ru/,+79050501202,neurosystems@inbox.ru,https://www.1c-bitrix.ru/upload/iblock/af5/0usvao09avevkkfnjas8w5mx3j2x2odj/Лого4.jpg,/partners/partner/24127644/,ru,2026-06-23T16:51:52+00:00
26039412,"AG Soft",https://ag-soft.ru/,"+7 495 177-72-47",argrigoryev@ag-soft.ru,"https://www.1c-bitrix.ru/upload/iblock/a75/ynbcjuap54d9d1i2taybf5xj5c53ehct/Логотип AG SOFT.png",/partners/partner/26039412/,ru,2026-06-23T16:51:55+00:00
17765992,"Site Provider",https://siteprovider.ru,+79214111108,info@siteprovider.ru,https://www.1c-bitrix.ru/upload/iblock/256/i8i0jigdd0b5k8f8kzem6e5a4i0bweyr/Screenshot_5.jpg,/partners/partner/17765992/,ru,2026-06-23T16:51:57+00:00
3506073,"Б24 РУНЕТ",https://b24.ru.net/,+74997077179,SP@B24.RU.NET,"https://www.1c-bitrix.ru/upload/iblock/772/tcchwa1vn9gfrpuhwypsmfmvvp0yvw9i/logo (2).png",/partners/partner/3506073/,ru,2026-06-23T16:52:03+00:00
175253,"Бюро М204",https://m204.ru,"+7 (964) 9-204-204",sup@m204.ru,https://www.1c-bitrix.ru/upload/iblock/f66/thzcims8ny6fsi3hik4caf1g0w6agwmw/лого.png,/partners/partner/175253/,ru,2026-06-23T16:52:05+00:00
189325,Айдета,https://ideta.ru,"+7 (905) 805-42-52",info@ideta.ru,"https://www.1c-bitrix.ru/upload/iblock/da2/xwmbtqcnhkcqykkrmsx3t80d3br2mm5x/Method Draw Image (3).png",/partners/partner/189325/,ru,2026-06-23T16:52:08+00:00
222291,info-creative,https://info-creative.ru,8-913-457-19-94,info@info-creative.ru,https://www.1c-bitrix.ru/upload/iblock/21b/0khp01equvj029vp8zg1f0ru1r50wyfs/bitrix24_partner_180_1x.png,/partners/partner/222291/,ru,2026-06-23T16:52:10+00:00
6906225,"WiBi Marketing",https://wb-marketing.ru,"(383) 235-90-10",info@wb-marketing.ru,"https://www.1c-bitrix.ru/upload/iblock/601/p7uxofex2ulgzj90zqerp30n4c93zfu7/Лого квадр.jpg",/partners/partner/6906225/,ru,2026-06-23T16:52:13+00:00
11072320,Промавтоматика,http://1c-pa.ru/,4912501020,info@1c-pa.ru,https://www.1c-bitrix.ru/upload/iblock/270/q42keuiri4jtut4zd9sbepjx3640ptcf/07-16-2024_01.jpg,/partners/partner/11072320/,ru,2026-06-23T16:52:15+00:00
12398558,BAITS,https://baitsstudio.ru,"8 351 711 13 12",sale@baitsstudio.ru,"https://www.1c-bitrix.ru/upload/iblock/ce4/Иконка лого 2.png",/partners/partner/12398558/,ru,2026-06-23T16:52:17+00:00
14273830,Линтехпро,https://btx-pro.ru,+78122408121,info@leantechpro.ru,https://www.1c-bitrix.ru/upload/iblock/cec/znnb0ab4zy5km2i8nnnt2jr3bjshovv8/logo.jpg,/partners/partner/14273830/,ru,2026-06-23T16:52:20+00:00
14919646,"NO STAFF",https://nostaff.ru,"+7 916 639-34-48",info@nostaff.ru,https://www.1c-bitrix.ru/upload/iblock/091/w7dmsqdnfpvs0zmrvo9p462vkuvk2f1q/logo_bitrix.png,/partners/partner/14919646/,ru,2026-06-23T16:52:22+00:00
27458420,"СамБит Технологии",https://sambit.tech/,+79959332060,info@sambit.tech,https://www.1c-bitrix.ru/upload/iblock/f59/qj8rt8c2en7tk55lfxcip7f622iu8zjb/logo_sumbut_135x135.png,/partners/partner/27458420/,ru,2026-06-23T16:52:24+00:00
238758,МКМедиа,http://mkmedia.ru,+78126002232,info@mkedia.ru,https://www.1c-bitrix.ru/upload/iblock/c85/logo1.jpg,/partners/partner/238758/,ru,2026-06-23T16:52:27+00:00
596647,"BiS, digital-агентство",https://bizsolutions.ru,+73812290657,info@bizsolutions.ru,https://www.1c-bitrix.ru/upload/iblock/31d/logo_large.png,/partners/partner/596647/,ru,2026-06-23T16:52:29+00:00
930857,EFFECT,https://effect.su,"+7 (8332) 44-68-50",info@effect.su,"https://www.1c-bitrix.ru/upload/iblock/270/gfd5ky0kjz3a5qi821dcl9zivth2agty/Скриншот 24-05-2024 105911.jpg",/partners/partner/930857/,ru,2026-06-23T16:52:34+00:00
11445666,Юнит-Консалтинг,https://unitcon.ru,"+7 495 9871057",office@unitcon.ru,https://www.1c-bitrix.ru/upload/iblock/4fb/UC_logo.jpg,/partners/partner/11445666/,ru,2026-06-23T16:52:36+00:00
27430418,FlowFrame,https://flowframe.ru,+79118397913,hello@flowframe.ru,https://www.1c-bitrix.ru/upload/iblock/87e/pyo1tjkm501xiq68n10pmy2s9rg1zwhc/icon-flowmodules-transparent-128.png,/partners/partner/27430418/,ru,2026-06-23T16:52:38+00:00
9056083,"M Techno",https://msi-techno.ru,+79171286331,profilmet499@yandex.ru,"https://www.1c-bitrix.ru/upload/iblock/957/th3mzz8uun6dfirlv5vng21j098nxvh9/Лого М-Техно.jpg",/partners/partner/9056083/,ru,2026-06-23T16:52:41+00:00
10538336,"MX REPOST",https://mx-repost.ru,"+7 908 921-48-81",info@mx-repost.ru,https://www.1c-bitrix.ru/upload/iblock/9a0/mapg7n8hy670bncal0etkbg7z2xk434n/logo18.png,/partners/partner/10538336/,ru,2026-06-23T16:52:43+00:00
12411670,UDIZAIN,https://b24-udizain.bitrix24.site/,+79055408554,amg@u-dizain.ru,"https://www.1c-bitrix.ru/upload/iblock/adf/eaoxdnoiv46t2un14chrjy31cd7bafi7/u-dizain Logo new _600_ low 75.png",/partners/partner/12411670/,ru,2026-06-23T16:52:46+00:00
15670174,"Марсель Саяпов",https://sayapov.ru,+79935058199,ceo@sayapov.ru,https://www.1c-bitrix.ru/upload/iblock/995/pg19h46zlk7aioc8bxp7gzddye4xn1iv/logo1_small_s.png,/partners/partner/15670174/,ru,2026-06-23T16:52:48+00:00
23609604,aktivian,https://edler.bitrix24site.ru,+79287665005,lit10@yandex.ru,"https://www.1c-bitrix.ru/upload/iblock/2ba/n5kv6o9fqofqvs23d052qjr29dz3uhhi/Logo Aktivian.jpg",/partners/partner/23609604/,ru,2026-06-23T16:52:50+00:00
126221,Метрика-Про,https://metrika.pro/,+7(3012)599-550,online@metrika.pro,https://www.1c-bitrix.ru/upload/iblock/899/ms9gudib3zda89rudbhcslvtv7h8bxb3/Metrika-Pro_logo_rus_1x.png,/partners/partner/126221/,ru,2026-06-23T16:52:53+00:00
279872,ЭФИС,https://efsystem.ru/,"+7(3532) 504-505",sale@efsystem.ru,https://www.1c-bitrix.ru/upload/iblock/f8d/logo_80_100.png,/partners/partner/279872/,ru,2026-06-23T16:52:55+00:00
1178289,"AM DA",https://maiorskikh.ru/,"+7 351 223-00-50",info@maiorskikh.ru,"https://www.1c-bitrix.ru/upload/iblock/7d5/simbynk2fmc4gbqljqk9jez6n8ybss67/digital agency logo 400.png",/partners/partner/1178289/,ru,2026-06-23T16:52:57+00:00
11876592,СРМФЕМЕЛИ,https://crmfamily.bitrix24site.ru/,+79229439326,sv.tregubov@yandex.ru,https://www.1c-bitrix.ru/upload/iblock/63f/83grts72sekhtj01552tjjhxg2djienk/формат03T08_32_31_654Z.png,/partners/partner/11876592/,ru,2026-06-23T16:53:02+00:00
14507648,"ЗАЯВКИ ОНЛАЙН",https://leadbest.zayavki.online,+79385440401,docs@zayavki.online,https://www.1c-bitrix.ru/upload/iblock/a9d/0omv986g6p83zk47se204qi4y5ni2tad/logo_zayavkionline_175105.png,/partners/partner/14507648/,ru,2026-06-23T16:53:04+00:00
15802796,ШАГ,https://shag-b24.ru/,+79635065107,shag-b24@mail.ru,"https://www.1c-bitrix.ru/upload/iblock/c90/txcjz11lcsmmlou8rmt6lr7lttwpcuwx/Снимок экрана 2024-07-04 в 13.21.png",/partners/partner/15802796/,ru,2026-06-23T16:53:07+00:00
252983,PR48,https://www.pr48.ru/,"(4742) 39-07-59",pr@pr48.ru,https://www.1c-bitrix.ru/upload/iblock/449/pr48logo.jpg,/partners/partner/252983/,ru,2026-06-23T16:53:09+00:00
419359,АЙТИМ,https://ilsn.ru,"+7 960 7213387",info@ilsn.ru,https://www.1c-bitrix.ru/upload/iblock/c77/sal6n7saawrytxa41lxzhov8xgzoywre/logo.png,/partners/partner/419359/,ru,2026-06-23T16:53:11+00:00
950595,OptiSales.ru,https://optisales.ru,+79951123022,sales@optisales.ru,"https://www.1c-bitrix.ru/upload/iblock/ec7/w1ptjg9nv4jrqjpwn062cnuln96xql97/logo_blue (1).png",/partners/partner/950595/,ru,2026-06-23T16:53:14+00:00
1316758,"Солитек ДВ",https://solitech.ru/,"+7(914) 415-55-91",infobitrix@gmail.com,https://www.1c-bitrix.ru/upload/iblock/cf8/5laznlos2df50gue7fzdn1d0cyovucbb/jhlv26c3du4dl6tl3gtygzukx5e0u7e3.jpg,/partners/partner/1316758/,ru,2026-06-23T16:53:16+00:00
1660769,"""ВЕБ-СТУДИЯ ""СИЛУЭТ""",http://siluet.biz,"+7 495 500-55-21",siluet@novatel.ru,https://www.1c-bitrix.ru/upload/iblock/348/4gdqkaa1sey1iq59j2vl8lqptdkdz3j4/logo_siluet.png,/partners/partner/1660769/,ru,2026-06-23T16:53:18+00:00
1740363,"Бусарев Вячеслав Викторович",https://busarev.com,"+7 (937) 36 34 333",info@busarev.com,https://www.1c-bitrix.ru/upload/iblock/c52/0f2cemamysfu4jz2umpve2k1rimyomvd/logo175.jpg,/partners/partner/1740363/,ru,2026-06-23T16:53:21+00:00
6174349,Zediks,https://sites.zediks.ru,89852913117,zakaz@zediks.ru,https://www.1c-bitrix.ru/upload/ff4/logo_zediks.png,/partners/partner/6174349/,ru,2026-06-23T16:53:23+00:00
6973285,"Ордин и К",https://ordinik.bitrix24.site/#b3478,+79217165246,info@ordinacademy.com,"https://www.1c-bitrix.ru/upload/iblock/b71/Logo ORDINIK 175х58.jpg",/partners/partner/6973285/,ru,2026-06-23T16:53:25+00:00
9686081,[FOLIUMLAB],https://foliumlab.ru,"+7 (969) 999-53-10",online@foliumlab.ru,https://www.1c-bitrix.ru/upload/iblock/10f/hd03eq1e5xq9yh3f3rrjyk54cls8moon/foliumlab_logo_black.png,/partners/partner/9686081/,ru,2026-06-23T16:53:28+00:00
11419160,Конкретика,http://kana.vin,"+7 (937) 969-13-03",D@fl1fe.ru,https://www.1c-bitrix.ru/upload/iblock/c7e/o4wochg6q12ns2gfte85mikzs8acac57/Логотип-Конкретика-краткая-верси.png,/partners/partner/11419160/,ru,2026-06-23T16:53:33+00:00
14726294,Максит,https://maksit.ru,+79279105935,dr@maksit.ru,https://www.1c-bitrix.ru/upload/iblock/d0e/4rpvjh4xs4coc3sa3dze0w9n8q4ynxtk/175x135.png,/partners/partner/14726294/,ru,2026-06-23T16:53:35+00:00
14996510,tevale,"https:// https://tevale.ru/",+79523925520,info@viktoroviv.ru,"https://www.1c-bitrix.ru/upload/iblock/249/xt6u0ls3jewu6do9kw0e4x8yludt4s0t/Снимок экрана 2024-04-23 в 21.06.19.png",/partners/partner/14996510/,ru,2026-06-23T16:53:38+00:00
16559444,СОФТЕМИ,https://softemy.ru,"8 800 300-48-36",info@softemy.ru,"https://www.1c-bitrix.ru/upload/iblock/dc5/lzwsjmxom0o63n7xxi2ja5lyds3ldtmf/Group 6620.png",/partners/partner/16559444/,ru,2026-06-23T16:53:41+00:00
19418616,БСС24.,https://xn--24-9kc8da.xn--p1ai/,+79006962555,info@bss24.ru,https://www.1c-bitrix.ru/upload/iblock/6cb/7uxg5n2bz0a7w8a1ke5nc8lypp48spgj/logo2.png,/partners/partner/19418616/,ru,2026-06-23T16:53:43+00:00
21805210,DESKNET,https://desknet.ru,+79061002520,info@desknet.ru,https://www.1c-bitrix.ru/upload/iblock/a90/yquzh1q37gdan711kbc4hwvd5coju0s8/Desk_Net_logo_new.png,/partners/partner/21805210/,ru,2026-06-23T16:53:46+00:00
26553146,Инвент,https://inventforit.ru/,"+7 (985) 041-70-35",inventforit@mail.ru,https://www.1c-bitrix.ru/upload/iblock/aee/mta40f03kf6d8chcq3w38imhwkbfl8uw/logo135.png,/partners/partner/26553146/,ru,2026-06-23T16:53:49+00:00
26805238,BDT24,https://bdt24.ru/,+79203054450,bdt24@list.ru,"https://www.1c-bitrix.ru/upload/iblock/8d9/bp77o7y221lkhulvhkvhtco2kqnony7x/Снимок экрана 2025-09-30 в 17.03.png",/partners/partner/26805238/,ru,2026-06-23T16:53:51+00:00
166470,SLIMART,https://www.slimart.ru,8-800-200-15-25,manager@slimart.ru,https://www.1c-bitrix.ru/upload/iblock/9bf/eyrxrxwvy8w7gmdl9lze3urvvkivu0ij/logo_bitrix.png,/partners/partner/166470/,ru,2026-06-23T16:53:54+00:00
17155492,МетрАПРО,https://b24.metra.pro,+79207755911,info@metra.pro,"https://www.1c-bitrix.ru/upload/iblock/7b9/lrguv6t2zsftxceerb929kxotmmi1gr2/Metra logo175.png",/partners/partner/17155492/,ru,2026-06-23T16:53:56+00:00
20509720,instcon,https://instcon.ru,"+7 812 507-95-79",i@instcon.ru,"https://www.1c-bitrix.ru/upload/iblock/689/akib5328lf8m7e7c9saour50mwecgo2w/ЛОГО_интегратор2 (2).png",/partners/partner/20509720/,ru,2026-06-23T16:53:59+00:00
24353350,"MEAM GROUP",https://meamgroup.ru,+7-495-540-56-88,INFO@MEAMGROUP.RU,"https://www.1c-bitrix.ru/upload/iblock/67f/inp6j5k9fzlu9zbm6aoh2ga83mte48te/logo-Meam Group.png",/partners/partner/24353350/,ru,2026-06-23T16:54:01+00:00
41007,Ареал,https://areal.dev,"+7 495 660-37-78",hello@areal.dev,https://www.1c-bitrix.ru/upload/iblock/1d5/areal_logo_white_bitrix.png,/partners/partner/41007/,ru,2026-06-23T16:54:06+00:00
226924,"1С-Рарус Тиражные решения",https://www.otr-soft.ru,+7(495)777-25-43,otr@otr.rarus.ru,"https://www.1c-bitrix.ru/upload/iblock/de9/Логотип2 2.jpg",/partners/partner/226924/,ru,2026-06-23T16:54:09+00:00
1009985,"Центр рационального бизнеса",https://shop.crb-sale.ru/ru-ru/section/Sale/bitriks24-crm,"8 (843) 203 98 31",centr.racio.businessa@gmail.com,"https://www.1c-bitrix.ru/upload/iblock/203/iwvhjclzp6w860u7z7kg951pwnq0i0xh/handled_logo 175x135_1080_1920_80.jpg",/partners/partner/1009985/,ru,2026-06-23T16:54:11+00:00
1276843,"Всеволод Чечун",https://bxcv.ru/,"+7 (953) 601 3509",a@bxcv.ru,https://www.1c-bitrix.ru/upload/iblock/a50/syekiyfps51fkp40jqxs6nkwo19g7n5z/12.jpg,/partners/partner/1276843/,ru,2026-06-23T16:54:14+00:00
15462770,Огренич,https://integrator24.bitrix24.site/,+79282705276,k.ogrenich@icloud.com,https://www.1c-bitrix.ru/upload/iblock/dcd/gkdsa051d1kyr2xo0291rxe03fddtote/logo.png,/partners/partner/15462770/,ru,2026-06-23T16:54:16+00:00
16326472,SystemContacts,https://systemcontacts.ru/,89053710001,systemcontacts@yandex.ru,"https://www.1c-bitrix.ru/upload/iblock/256/iaoi11rnxqovh03odlnf6bljv5pff54g/1с бирикс.jpg",/partners/partner/16326472/,ru,2026-06-23T16:54:19+00:00
17567012,"Бородатый интегратор",https://boroda.bitrix24site.ru/,+7(927)779-00-93,i@roman-mokshanov.ru,"https://www.1c-bitrix.ru/upload/iblock/3d1/s268pc1aqum49fxhyvd9uy907js81j4e/photo_2024-10-11_15-29-06 (2).jpg",/partners/partner/17567012/,ru,2026-06-23T16:54:21+00:00
267816,ONVOLGA,https://onvolga.ru,"8 800 555 23 46 бесплатный для регионов",info@apriorum.com,https://www.1c-bitrix.ru/upload/iblock/5a9/apriorum-kv2.png,/partners/partner/267816/,ru,2026-06-23T16:54:24+00:00
493111,"WL digital",https://wlagency.ru/,"+7 (915) 855 7174",hello@wlagency.ru,https://www.1c-bitrix.ru/upload/iblock/426/logo_1_.png,/partners/partner/493111/,ru,2026-06-23T16:54:26+00:00
912571,Веб-экспертиза,https://w24.ru,"+7 (495) 133-05-24",w24@w24.ru,https://www.1c-bitrix.ru/upload/iblock/e61/logo_ew.jpg,/partners/partner/912571/,ru,2026-06-23T16:54:29+00:00
975079,"Эрго Промо",https://ergopromo.ru/,"8 (969) 777-50-02",it@ergopromo.ru,https://www.1c-bitrix.ru/upload/iblock/a1f/81s6s1nigfqx8cke5dq9dn91clsqnyza/logo-ergo-min.png,/partners/partner/975079/,ru,2026-06-23T16:54:31+00:00
1203985,SINGURIX,https://singurix.ru,+7-960-187-03-58,info@singurix.ru,https://www.1c-bitrix.ru/upload/iblock/77e/addjcjmc8kv0icnzukh1sdqzoeuqws8u/logo.jpg,/partners/partner/1203985/,ru,2026-06-23T16:54:34+00:00
6063207,Контентум,https://kontentum.ru,+79111234546,kontentum@yandex.ru,https://www.1c-bitrix.ru/upload/iblock/f43/ulh1vvtc0oall0vm45orrpdqri40pa2d/kontentum[1].jpg,/partners/partner/6063207/,ru,2026-06-23T16:54:39+00:00
6227979,Adcost,https://adcost.ru/,+79106688448,info@adcost.ru,https://www.1c-bitrix.ru/upload/iblock/752/qn0c0p50v9hpw43ulfcdfmcamcllqwiq/Adcost_logo.png,/partners/partner/6227979/,ru,2026-06-23T16:54:41+00:00
6546603,54WebMaster,https://54webmaster.ru,"+7 (923) 243-96-96",54webmaster@mail.ru,https://www.1c-bitrix.ru/upload/iblock/076/bexohfilz0wo4spjvsh8opcxot3cf9eq/logo.png,/partners/partner/6546603/,ru,2026-06-23T16:54:43+00:00
6752571,DIOGENIUS,https://diogenius.ru,"+7 (965) 687-47-57",main@diogenius.ru,https://www.1c-bitrix.ru/upload/iblock/746/9yvpsxfb8beabo27qnz8w9kwegsurx8f/diogenius_small_logo.png,/partners/partner/6752571/,ru,2026-06-23T16:54:46+00:00
9176605,ARD-promo,https://ard-promo.ru,+79196354131,sales@ard-promo.ru,"https://www.1c-bitrix.ru/upload/iblock/084/q9s4c024phqfbncsb9y3m9ybglys98ch/ARD-promo лого 175-135px.jpg",/partners/partner/9176605/,ru,2026-06-23T16:54:48+00:00
11322436,Trigger,https://trigger-consult.ru/,"+7961 358-11-70",info@bzs24.ru,https://www.1c-bitrix.ru/upload/iblock/2c9/11w6myfhcjmnyvx6w7d86424d71n2yf8/триггер_cl_175px.png,/partners/partner/11322436/,ru,2026-06-23T16:54:51+00:00
13677376,"КОК медиа",https://bit.kokmedia.ru/,+79223008050,kokmedia@mail.ru,https://www.1c-bitrix.ru/upload/iblock/2ae/vsbtcjwhj6odr8vkjw2y4pwclts7aj8b/11111.png,/partners/partner/13677376/,ru,2026-06-23T16:54:53+00:00
19265350,Медиа-Сервис,https://msdon-it.ru/,+79526032511,ms-don@bk.ru,https://www.1c-bitrix.ru/upload/iblock/875/ftgbggi1y0xur57g2dus244rifx4o0y4/logo_bitrix.jpg,/partners/partner/19265350/,ru,2026-06-23T16:54:56+00:00
20225152,Сверчок,https://www.sverchok.info/,+79283218406,mail@sverchok.info,https://www.1c-bitrix.ru/upload/iblock/a44/grq51tfeg7n7wi8ldbtu102iweqyus6l/logo_min.gif,/partners/partner/20225152/,ru,2026-06-23T16:54:58+00:00
22093828,ОКЕАН-ИТ,https://oceit.store/,+7(495)7897545,sav@oceit.ru,https://www.1c-bitrix.ru/upload/iblock/d41/1eqiqvg1yzt0dnd4tkjrf0qeizz491nx/logo1.png,/partners/partner/22093828/,ru,2026-06-23T16:55:01+00:00
23242760,"ЭЛ АЙТИ",https://elit1c.ru/,+7(843)212-63-67,info@elit1c.ru,"https://www.1c-bitrix.ru/upload/iblock/bf9/jt3rfwki8tp4jzoo1tjubj0vmn1nlu4n/Снимок экрана 2025-06-04 145040 (1).png",/partners/partner/23242760/,ru,2026-06-23T16:55:03+00:00
23509348,Цифра,https://ciframart.ru,"+7 (964) 342-00-66",ciframart@inbox.ru,https://www.1c-bitrix.ru/upload/iblock/a1e/3lpbzjst3rw4nvms31ctwvtnxbdoc1l6/cifra-logo-bitrix.png,/partners/partner/23509348/,ru,2026-06-23T16:55:06+00:00
8740083,АйТи-Ас,https://it-as.ru,+79610761144,itas-web@mail.ru,https://www.1c-bitrix.ru/upload/iblock/58a/2ol57ze792kyq7hzx7f1iogg5umfwmtn/logo_it-as_50x50_png.png,/partners/partner/8740083/,ru,2026-06-23T16:55:11+00:00
11435946,Numbers,https://numbers.su/,+79095811814,mail@simpel.su,"https://www.1c-bitrix.ru/upload/iblock/792/mvqbhpw3qs14v5jtjfjiwvrb97ydtvdw/Emojione_BW_1F1F3.svg 1.png",/partners/partner/11435946/,ru,2026-06-23T16:55:13+00:00
11609100,PROSTO.HELP,https://prosto.help,+79257419111,bitrix@prosto.help,https://www.1c-bitrix.ru/upload/iblock/06e/c00wvkwgenqkqvb2x5i6k8c2ozbl1176/Logo_prosto_help.jpg,/partners/partner/11609100/,ru,2026-06-23T16:55:16+00:00
24675430,INNOVA,https://innova-comp.ru/,+79246031777,shenprod@yandex.ru,"https://www.1c-bitrix.ru/upload/iblock/4c4/i40dd39cl4bww08bp4nmfe4aikixuu43/квадрат на сайт Битрикс.png",/partners/partner/24675430/,ru,2026-06-23T16:55:18+00:00
336391,KEYZA,https://keyza.ru,"+7 (499) 551-5594",hello@keyza.ru,https://www.1c-bitrix.ru/upload/iblock/4b6/en3aup96s7kd4kk6rx288bkvyg96jdqn/bitrix24_partner_Keyza1.png,/partners/partner/336391/,ru,2026-06-23T16:55:21+00:00
702516,"ЛАЙН — Автоматизация бизнеса",https://line-corp.ru,+79311110013,sales@line-corp.ru,"https://www.1c-bitrix.ru/upload/iblock/726/Логотип автоматизация на сайт Битрикса.png",/partners/partner/702516/,ru,2026-06-23T16:55:23+00:00
1072628,Интерра,https://interra-group.ru/,"+7 (495) 663-72-42",post@interragroup.ru,https://www.1c-bitrix.ru/upload/iblock/444/interra3.png,/partners/partner/1072628/,ru,2026-06-23T16:55:26+00:00
1889067,Айтиконстракшн,http://it-construction.ru/,"+7(843) 216-30-59",info@it-construction.ru,https://www.1c-bitrix.ru/upload/iblock/bd3/t97ribytp9ag0blsvj07mtworb1x0cn2/logo175.jpg,/partners/partner/1889067/,ru,2026-06-23T16:55:28+00:00
5327053,Aim1,http://aim1.ru,+7(4842)400-149,info@aim1.ru,https://www.1c-bitrix.ru/upload/iblock/e5a/AIM-site.png,/partners/partner/5327053/,ru,2026-06-23T16:55:31+00:00
6552933,CONVERSION,https://service.conversion.su/bitrix24,89140034777,conversi0n@ya.ru,https://www.1c-bitrix.ru/upload/iblock/788/logo-1-13423.png,/partners/partner/6552933/,ru,2026-06-23T16:55:33+00:00
10134994,SKILLSOFT,https://skillsoft59.ru/,8-800-551-91-08,info@skillsoft.su,https://www.1c-bitrix.ru/upload/iblock/87d/3ogpvfjw4l9vj9f124xqrwm0delxi3jw/и24.jpg,/partners/partner/10134994/,ru,2026-06-23T16:55:36+00:00
10875808,СэелПро,https://sale-p.ru/,"+7 9203802130",info@sale-p.ru,https://www.1c-bitrix.ru/upload/iblock/dcc/tv0xi2q5fzpaby601c2v9tbm41bpgrun/ce652f8ce7bdda5a9f134d5c0f3f7482.png,/partners/partner/10875808/,ru,2026-06-23T16:55:38+00:00
11314118,"АЛГОРИТМ ГРУПП",https://algoritm.group,"+7 995 200-09-00",info@algoritm.group,https://www.1c-bitrix.ru/upload/iblock/9ef/c9bfw5jawkindhrgio3p4uq35d92ux90/logoza.png,/partners/partner/11314118/,ru,2026-06-23T16:55:43+00:00
11398218,"help CRM:",https://helpcrmru.bitrix24site.ru/,"+7 912 8618315",support@helpcrm.by,https://www.1c-bitrix.ru/upload/iblock/9ec/helpcrm_partner.png,/partners/partner/11398218/,ru,2026-06-23T16:55:46+00:00
12950228,"Бизнес Автоматика 24",https://ba24.su,+79053442424,info@ba24.su,https://www.1c-bitrix.ru/upload/iblock/d33/ibe71mgdjc53ogfzb4u915h3rjzoucsq/favicon512.png,/partners/partner/12950228/,ru,2026-06-23T16:55:48+00:00
13429860,"Есть решение!",https://puma.bitrix24.site/,+7-966-030-96-00,puma7802@yandex.ru,https://www.1c-bitrix.ru/upload/iblock/11d/3df8qbhvy9jjdik68etwoiyelqadlw89/Лого.png,/partners/partner/13429860/,ru,2026-06-23T16:55:51+00:00
14242590,"CRM Consult-plus",https://crmconsultplus.bitrix24site.ru/,+79033531286,chk102@yandex.ru,"https://www.1c-bitrix.ru/upload/iblock/8a1/mjsi4acw330dwy8k581du4kuwk35u4km/Снимок экрана 2025-05-20 в 14.34.55.png",/partners/partner/14242590/,ru,2026-06-23T16:55:53+00:00
15127988,Access,https://access.bitrix24site.ru,+79384445580,access24@bk.ru,https://www.1c-bitrix.ru/upload/iblock/e05/wxx1zkop5iepr8phsa4baq5xvru2ty81/175x135.png,/partners/partner/15127988/,ru,2026-06-23T16:55:56+00:00
15764724,RHDG,https://rhdg.ru,+79998095011,mail@rhdg.ru,"https://www.1c-bitrix.ru/upload/iblock/0e8/edbak5n3yqygju3kg704q2yxc4ibf8q7/RHDG logo1.jpg",/partners/partner/15764724/,ru,2026-06-23T16:55:59+00:00
16035016,REOVAX,https://reovax.ru/,+79278820480,info@reovax.ru,https://www.1c-bitrix.ru/upload/iblock/543/wlsim53ctnz7awofy7ftk8nyuhipdqm0/logo_1.png,/partners/partner/16035016/,ru,2026-06-23T16:56:01+00:00
16066634,WSBit.ru,https://wsbit.ru,"+7 988 524-53-73",info@wsbit.ru,https://www.1c-bitrix.ru/upload/iblock/8ca/x47f15fanw9dn0a64u5tjkccjy9vujv0/wsbit.png,/partners/partner/16066634/,ru,2026-06-23T16:56:04+00:00
17723786,МЕРЛТЕХ,https://merltech.ru/,+79240148626,info@merltech.ru,https://www.1c-bitrix.ru/upload/iblock/b88/d83z9z06tliouivs4filn1l7m56ozoih/лого_мини.png,/partners/partner/17723786/,ru,2026-06-23T16:56:06+00:00
18052112,"Айти Велес",https://itveles.ru/,89655005511,mailto@itveles.ru,"https://www.1c-bitrix.ru/upload/iblock/a13/ql8eobebrq8heyi4w6lzlhh5teszguu3/Favicon с фоном-04.png",/partners/partner/18052112/,ru,2026-06-23T16:56:09+00:00
21460144,Иниталл,https://initall.ru,+74993911592,ok@initall.ru,https://www.1c-bitrix.ru/upload/iblock/c71/bs826j1qq126f3yu4w7ds6rzhgsdbx3k/Иниталл-суперсмолл.png,/partners/partner/21460144/,ru,2026-06-23T16:56:11+00:00
22475156,Бизнес-Ателье,https://biz-atelier.ru/,+79167883238,business.atelie01@gmail.com,https://www.1c-bitrix.ru/upload/iblock/8e7/qenyhmjg4jonkf7hd7bbm761wnegzhf3/Лого(3).png,/partners/partner/22475156/,ru,2026-06-23T16:56:16+00:00
23610104,NeoCode,https://www.neocode.pro,"+7 911 863 30 13",sales@neocode.pro,"https://www.1c-bitrix.ru/upload/iblock/c38/4luyng82xt1682regntaf4zn2j34fxf7/NEOCODE 11.png",/partners/partner/23610104/,ru,2026-06-23T16:56:19+00:00
25481586,Мастер-С,https://master-s.bitrix24site.ru/,+7-495-146-98-10,darpartner@yandex.ru,https://www.1c-bitrix.ru/upload/iblock/c76/sol82npciwjodp51jjeuvhig4cuz24xz/photo_2025-05-15_15-24-53.jpg,/partners/partner/25481586/,ru,2026-06-23T16:56:21+00:00
25558058,Yousell.Tech,https://yousell.tech,+79267078110,aa@yousell.tech,https://www.1c-bitrix.ru/upload/iblock/9a9/1tv6hqn00b688151y09u9dsrdhxkrd3m/yousell.tech_logo_bitrix24.png,/partners/partner/25558058/,ru,2026-06-23T16:56:24+00:00
26231988,Дизайнмикшер,https://designmixer.ru,+79000453014,mail@designmixer.ru,https://www.1c-bitrix.ru/upload/iblock/402/75c0k0az92vwzywtuma0c24lmz1ndcjy/logo.png,/partners/partner/26231988/,ru,2026-06-23T16:56:26+00:00
27203528,INFUNDI,https://infundi.ru,+79617390080,chaptykovvas@yandex.ru,https://www.1c-bitrix.ru/upload/iblock/0dd/din7t6ods1v3r00bjzboj505xggss8h6/публикация.png,/partners/partner/27203528/,ru,2026-06-23T16:56:29+00:00
28120432,Гекко,https://gekkogr.ru/bitrix24,"+7 909 380 64-72",gekkogr1@yandex.ru,https://www.1c-bitrix.ru/upload/iblock/4e1/44le2fe8p1y5apt0hyyimspnsrpi12xc/geko_logo_175x135.jpg,/partners/partner/28120432/,ru,2026-06-23T16:56:31+00:00
6393765,TECCOD,https://teccod.ru,+74991133897,sale@teccod.ru,"https://www.1c-bitrix.ru/upload/iblock/11a/TECCOD small logo.jpg",/partners/partner/6393765/,ru,2026-06-23T16:56:34+00:00
12830238,VLADYKIN.PRO,https://vladykin.pro/,+79022579695,vladykin.assistant@gmail.com,"https://www.1c-bitrix.ru/upload/iblock/409/lg8p19dabjwyr6wgs9hv2ccs9rst8crc/Logo_3 (2).png",/partners/partner/12830238/,ru,2026-06-23T16:56:36+00:00
11173408,GenesisWorld,http://worldgenesis.ru,+74991134665,genesis.worddanilova@yandex.ru,https://www.1c-bitrix.ru/upload/iblock/c46/qkpkfr7gjif4wcdhtm2gmxm6bjweomtm/б24_wg.jpg,/partners/partner/11173408/,ru,2026-06-23T16:56:38+00:00
11409766,Лависта,https://b24-tjf7f7.bitrix24.site/,89051310308,lavista.yar@yandex.ru,https://www.1c-bitrix.ru/upload/iblock/cd4/Битрикс.jpg,/partners/partner/11409766/,ru,2026-06-23T16:56:41+00:00
6470693,CRMMISSION,https://crmmission.com/,+79118270542,Alexppr48@yandex.ru,"https://www.1c-bitrix.ru/upload/iblock/fd3/10 — копия (2).png",/partners/partner/6470693/,ru,2026-06-23T16:56:43+00:00
637005,"Новый подход",https://centrcr.ru,"+7 (499) 325 83 36",info@newway.pro,"https://www.1c-bitrix.ru/upload/iblock/4e8/new_way_logo2_изм (1).png",/partners/partner/637005/,ru,2026-06-23T16:56:48+00:00
22753730,LZ.Media,https://lz.media,+78462550701,la@lz.media,https://www.1c-bitrix.ru/upload/iblock/bbf/srqwhr4u5b7kummh56jw47034ybpfy37/лого.jpg,/partners/partner/22753730/,ru,2026-06-23T16:56:50+00:00
6762721,CRM24.BUSINESS,https://perm.bitrix24site.ru/,"+7 (919) 456-69-33",permbitrix24@yandex.ru,https://www.1c-bitrix.ru/upload/iblock/b30/175.png,/partners/partner/6762721/,ru,2026-06-23T16:56:53+00:00
14704356,AntiDev,https://antidev.ru/,"+7 (911) 986-17-82",info@antidev.ru,https://www.1c-bitrix.ru/upload/iblock/5e1/o2nsi3qbs9rn90n1jpk519dp2kiv4boq/logo_antidev.png,/partners/partner/14704356/,ru,2026-06-23T16:56:55+00:00
26331414,Инджин24,https://indgin.bitrix24site.ru,+79531125995,skachur2020@yandex.ru,"https://www.1c-bitrix.ru/upload/iblock/e66/vy4r6y51seqkb155tgjqusnxc581kz2h/лого инжин-м.png",/partners/partner/26331414/,ru,2026-06-23T16:56:58+00:00
1213868,Артпродукт,https://www.artproduct.ru/,83812407947,domains@artproduct.ru,https://www.1c-bitrix.ru/upload/iblock/0b3/a1k2cqwaky25yh2vddhdgmh09meeozat/logo2.png,/partners/partner/1213868/,ru,2026-06-23T16:57:00+00:00
10576006,"Медиагруппа Пульс",https://pulsegroup.ru,"(831) 419-17-18",info@pulseradio.ru,https://www.1c-bitrix.ru/upload/iblock/107/135.png,/partners/partner/10576006/,ru,2026-06-23T16:57:02+00:00
14519308,"Платежные Решения",https://beznal.bitrix24site.ru,+78005114611,krd@beznal-terminal.ru,"https://www.1c-bitrix.ru/upload/iblock/258/898ui59o1s0zq6glbumia1zgzdnww762/вектор лого.png",/partners/partner/14519308/,ru,2026-06-23T16:57:05+00:00
16123238,УРБАНСОФТ,https://урбансофт.рф,+74951335063,com@urbansoft.tech,"https://www.1c-bitrix.ru/upload/iblock/a4e/wi96vog8jix62slhrx8vbar6bf9l3bn6/2023-12-21_16-31-29 (1).png",/partners/partner/16123238/,ru,2026-06-23T16:57:07+00:00
17227628,"IRIS GROUP",https://rm53.ru/bitrix24,+79062006400,iris.group53@yandex.ru,https://www.1c-bitrix.ru/upload/iblock/843/ag1bndfg5e976sehu8z1b50kh0klb0zr/лого.jpg,/partners/partner/17227628/,ru,2026-06-23T16:57:09+00:00
752065,Romapad,https://romapad.ru,+79097680682,agency@romapad.ru,https://www.1c-bitrix.ru/upload/iblock/11e/dkpewsv7xpvomqeedwpn8ntpugrqt21t/R_logo-b.png,/partners/partner/752065/,ru,2026-06-23T16:57:12+00:00
355303,"Лаборатория Суховея",http://lab-su.ru/,+7-902-488-2310,info@lab-su.ru,https://www.1c-bitrix.ru/upload/iblock/00d/lab_tekushchiy_logotip.png,/partners/partner/355303/,ru,2026-06-23T16:57:14+00:00
1447678,КТЭ,https://belikov-ckte.ru/,"+7 (995) 003-70-02",ivan@belikov-ckte.ru,https://www.1c-bitrix.ru/upload/iblock/a4c/phdk3lppxredycojef9fydy29dgpdghj/1.png,/partners/partner/1447678/,ru,2026-06-23T16:57:19+00:00
11797774,KB<code>,https://kb-code.ru/,+79210420060,info@kb-code.ru,https://www.1c-bitrix.ru/upload/iblock/08f/3cojfvrj30j2dkf4a4gn3efrtpyhg0bb/logo.png,/partners/partner/11797774/,ru,2026-06-23T16:57:21+00:00
12595880,"ALFA LINK",https://alfa-link.com,+79632366781,info@alfa-link.com,https://www.1c-bitrix.ru/upload/iblock/e0f/vbivvywwukydcanavbavurydplxdcje3/ALFALINK_711.jpg,/partners/partner/12595880/,ru,2026-06-23T16:57:24+00:00
17224728,Инвестком,https://www.investcom74.ru/,+73512639755,info@investcom74.ru,https://www.1c-bitrix.ru/upload/iblock/bb1/4vr2ejf92z07e84emi7rslkz0h05i2ag/noroot.png,/partners/partner/17224728/,ru,2026-06-23T16:57:26+00:00
21735214,"КПМ ИТ-Эксперт",https://kpm.team,"+7(981) 738-04-05",info@kpmexpert.ru,https://www.1c-bitrix.ru/upload/iblock/c77/js8o3xxg3m5cd2z5xbra8glratigfd0a/logo.png,/partners/partner/21735214/,ru,2026-06-23T16:57:28+00:00
24662052,"Chief Digital",https://chiefdigital.ru,"+7 900 630 00 77",ceo@chiefdigital.ru,"https://www.1c-bitrix.ru/upload/iblock/1b4/b7t32vov8c6jtisqgo0iibzxdli9g9j3/logo_chiefdigital_2025-04-16 копия.png",/partners/partner/24662052/,ru,2026-06-23T16:57:31+00:00
93334,UNI-DOKI.ru,https://www.uni-doki.ru,+79035096164,mb@uni-doki.ru,https://www.1c-bitrix.ru/upload/iblock/fad/bg_img1[1].jpg,/partners/partner/93334/,ru,2026-06-23T16:57:33+00:00
1178912,"АйТи Компани",http://company-samara.ru/,+7(846)215-02-01,potemkin@company-samara.ru,https://www.1c-bitrix.ru/upload/iblock/743/лого.jpg,/partners/partner/1178912/,ru,2026-06-23T16:57:36+00:00
1446359,Garpix,https://bitrix24.garpix.com/,"8 800 234 50 56",alenina_ju@garpix.com,https://www.1c-bitrix.ru/upload/iblock/aac/rtjes0j3gvp337o5fyagtbrerhq9l6b3/photo_2025-05-23_09-55-39.jpg,/partners/partner/1446359/,ru,2026-06-23T16:57:38+00:00
17954183,iTeamy,https://www.iteamy.pro/,+73432151209,info@iteamy.pro,https://www.1c-bitrix.ru/upload/iblock/144/r3oisyeto0uzbkvck1eh97oypgg6rna0/Logo.png,/partners/partner/17954183/,ru,2026-06-23T16:57:42+00:00
22940732,Coolman.Design,https://coolman.digital,"+7 (861) 213-22-32",info@hr-connect.ru,https://www.1c-bitrix.ru/upload/iblock/34a/f1p5hd327ctu6g7ahgggui11fzfxylzh/coolman-logo.png,/partners/partner/22940732/,ru,2026-06-23T16:57:45+00:00
484551,"Денис Бунаков",http://denisbunakov.ru/,+79231371627,smm.bunakov@yandex.ru,https://www.1c-bitrix.ru/upload/iblock/4c4/rox688c5g06atnnqlh2u612gbcf7r4wl/logo_bd.svg,/partners/partner/484551/,ru,2026-06-23T16:57:47+00:00
10188920,Слон,https://slonon.ru,"+7499 938 48 29",market@slonon.ru,"https://www.1c-bitrix.ru/upload/iblock/d5b/eouo3gp1299wnljb4rak5mdza16j0duu/лого новый на белом 150 x150.png",/partners/partner/10188920/,ru,2026-06-23T16:57:54+00:00
151690,Вебпрактик,https://webpractik.ru,"+7 863 303-20-39",info@webpractik.ru,https://www.1c-bitrix.ru/upload/iblock/f28/fkjor87tl3c4p58dllme1kdkcahy7vlg/dc51f130-2bae-4088-9380-0f81f1d5ecfa.jpg,/partners/partner/151690/,ru,2026-06-23T16:57:56+00:00
7164325,Пандаворкс,https://pandaworks.ru,"+7 (917) 752 0202",mail@pandaworks.ru,https://www.1c-bitrix.ru/upload/iblock/185/logo2017.png,/partners/partner/7164325/,ru,2026-06-23T16:57:59+00:00
9797753,ГудКод,http://www.goodcoders.ru,"+7 (8352)49-00-21",info@goodcoders.ru,https://www.1c-bitrix.ru/upload/iblock/31f/Лого_квадрат.jpg,/partners/partner/9797753/,ru,2026-06-23T16:58:02+00:00
24495912,Изилайн,https://iziline.ru/,+79933756695,info@iziline.ru,https://www.1c-bitrix.ru/upload/iblock/ab8/f54v0hjgs84bhm74d2n60w8taix76yfb/logo.png,/partners/partner/24495912/,ru,2026-06-23T16:58:04+00:00
156544,KINETICA,https://kinetica.su,8-800-700-0207,pervuhin@kinetica.su,"https://www.1c-bitrix.ru/upload/iblock/82a/om6rnia0wlg62xi9xmp8z0q78b1y402i/175 на 135.jpg",/partners/partner/156544/,ru,2026-06-23T16:58:08+00:00
7296065,Чипмедиа.ру,https://cmdigital.ru,88006003453,info@cheapmedia.ru,"https://www.1c-bitrix.ru/upload/iblock/0d5/nmae108j473tv3wquckdlmnliw07gjd8/Frame 12 копия.jpg",/partners/partner/7296065/,ru,2026-06-23T16:58:10+00:00
14958100,Formula,https://hrformula.ru/bitrix24,"+7 927 946 7984",teamdelegator@gmail.com,https://www.1c-bitrix.ru/upload/iblock/33f/jwtfo4r3tlj40qi4hby1ero14y19qy0v/ajhvekf.png,/partners/partner/14958100/,ru,2026-06-23T16:58:12+00:00
15458680,"Группа компаний Диалог",https://gkdialog.info,+78462210031,info@gkdialog.info,https://www.1c-bitrix.ru/upload/iblock/4df/ufyq6yo4ewu5amtti15a5a58db5gzaw4/imgonline-com-ua-Resize-lY0078JF0PT8cK.jpg,/partners/partner/15458680/,ru,2026-06-23T16:58:15+00:00
23208766,1С-КСУ,https://www.1c-ksu.ru/,"(495) 955 90 37",sales@1c-ksu.ru,"https://www.1c-bitrix.ru/upload/iblock/593/1ff5d7dvs43jgcmr99ypvt1cbxuqgpl4/01_1C-КСУ (1).png",/partners/partner/23208766/,ru,2026-06-23T16:58:17+00:00
24582874,WebValley,https://web-valley.ru,"+7 999 333-48-13",hello@web-valley.ru,https://www.1c-bitrix.ru/upload/iblock/575/q8g9q4acyrlm7p74gjv7k6zsrgpwptcj/logo.jpg,/partners/partner/24582874/,ru,2026-06-23T16:58:20+00:00
24742098,AXIOS,https://axios.su/,"+7 (953) 271-90-02",axios.studio@yandex.ru,"https://www.1c-bitrix.ru/upload/iblock/a17/kszg0suej814xks58uwj9fp9hhrt1fgl/Logo_new2 (1).png",/partners/partner/24742098/,ru,2026-06-23T16:58:22+00:00
24771514,ОПР,https://opr.bitrix24site.ru/,"+8 800 1000 464",oprinfo@mail.ru,https://www.1c-bitrix.ru/upload/iblock/ab6/s3j7ax2q7mz6sxv6vqibjz74pg8aq0s2/LogoR100.png,/partners/partner/24771514/,ru,2026-06-23T16:58:27+00:00
25606606,Гранула,https://granulastudio.ru/,89822461085,Granulastudio@gmail.com,"https://www.1c-bitrix.ru/upload/iblock/278/1g1xkldsdrmc6zonw8j9028d9322bhwg/без фона.png",/partners/partner/25606606/,ru,2026-06-23T16:58:30+00:00
101635,ТВИМ,https://creatwim.ru,"+7(473)203-01-80, +7 (473)2620025, +7 (495) 7775179",sales@creatwim.ru,https://www.1c-bitrix.ru/upload/iblock/6fb/logo175x135.png,/partners/partner/101635/,ru,2026-06-23T16:58:33+00:00
340456,Welcm.studio,https://welcm.studio,"+7 (914) 792-46-19",info@welcomeapp.ru,"https://www.1c-bitrix.ru/upload/iblock/08d/6w7fgri2bs6kvqaolamvvxpsn876kqwp/Group 1597880474.png",/partners/partner/340456/,ru,2026-06-23T16:58:35+00:00
627567,Юла-Веб,https://ula-web.ru,"8 982 642-88-12",mail@ula-web.ru,https://www.1c-bitrix.ru/upload/iblock/0a9/logo_green.png,/partners/partner/627567/,ru,2026-06-23T16:58:38+00:00
954230,Web70,https://studia70.ru,+79528816228,info@studia70.ru,https://www.1c-bitrix.ru/upload/iblock/dd0/u3uu1ccpjkxy5c0fhiaa1054en11pp4e/logb24.jpg,/partners/partner/954230/,ru,2026-06-23T16:58:40+00:00
9039525,Итерра,https://iterra.pro,+79887778944,mail@iterra.pro,https://www.1c-bitrix.ru/upload/iblock/7bc/yrvo8czbobpkt0pr7wy1e4oret8bg1fw/free_horizontal_on_white_by_logaster_1x2.png,/partners/partner/9039525/,ru,2026-06-23T16:58:43+00:00
9205023,Сделочная,https://сделочная.рф,"+7 (999) 443-63-11",sdelochnaya@yandex.ru,https://www.1c-bitrix.ru/upload/iblock/c45/5kce2lvccd58cny1f2hbk9w0mo8uo46i/сделочная-логотип-175-134.jpg,/partners/partner/9205023/,ru,2026-06-23T16:58:46+00:00
11475814,"Promo Links",https://promo-links.ru/,+79212685242,info@promo-links.ru,"https://www.1c-bitrix.ru/upload/iblock/6f4/poockmhapggt63yvjfe06rg6y1kd212o/IMG_20260401_101759 1.png",/partners/partner/11475814/,ru,2026-06-23T16:58:48+00:00
15502728,"Бухгалтерское Бюро Анны Веденеевой",https://anna-vedeneeva.ru/,84952970970,info@anna-vedeneeva.ru,"https://www.1c-bitrix.ru/upload/iblock/bbc/twqgm112j5ym9edhfmvcbkwv6v03y2uy/логотип (1).jpg",/partners/partner/15502728/,ru,2026-06-23T16:58:51+00:00
167819,"Центр консалтинговых проектов",https://www.it-murman.ru,"8152 69 27 03",info@it-murman.ru,https://www.1c-bitrix.ru/upload/iblock/cdc/цкп.png,/partners/partner/167819/,ru,2026-06-23T16:58:53+00:00
185964,"ИТ Медиа",https://4management.ru,"+7 (812) 467-3150",b2b@it-media.pro,https://www.1c-bitrix.ru/upload/iblock/882/tfph2yjuw2ikb8my1jegzqgrv7hbg9lj/it-media.jpg,/partners/partner/185964/,ru,2026-06-23T16:58:56+00:00
214913,Бизнес-Алгоритмы,https://biznal.ru,"(4822) 680-117, 680-118",mail@biznal.ru,https://www.1c-bitrix.ru/upload/iblock/d41/7jbas5hpnnifilnz7qtu3lvrhp1svtia/22.jpg,/partners/partner/214913/,ru,2026-06-23T16:59:01+00:00
1066805,HICLICK,https://www.hiclick.ru,89619902442,virom@mail.ru,"https://www.1c-bitrix.ru/upload/iblock/446/rm3s0qo0s9n70w42pzvqsiadsirtg954/hiclick PNG без слогана logo trans.png",/partners/partner/1066805/,ru,2026-06-23T16:59:04+00:00
5879993,NOVA,https://nova.com.ru,+79180785815,manager@nova.com.ru,"https://www.1c-bitrix.ru/upload/iblock/c15/rd0ehbes47upknstyi76tx333z8o1dg0/Group 20 (1).png",/partners/partner/5879993/,ru,2026-06-23T16:59:06+00:00
8410413,"ООО ""ЕСС""",https://b24-a3j13v.bitrix24.site/?ts=1541070354,"+7 (903) 096-99-66",a3858800@mail.ru,"https://www.1c-bitrix.ru/upload/iblock/0d9/825tojy5qlncxz132edc0czh8jq9qa3i/Без имени.jpg",/partners/partner/8410413/,ru,2026-06-23T16:59:09+00:00
20332976,"Триангл софт",https://triangle.bitrix24site.ru/,+79501527512,trianglesoft@yandex.ru,https://www.1c-bitrix.ru/upload/iblock/7f6/tujbrwafx1tifxy8bbpag0810vt7p1mb/islands-200.png,/partners/partner/20332976/,ru,2026-06-23T16:59:11+00:00
21922026,NaoPlus,https://naoplus.ru,+7(911)559-56-68,info@naoplus.ru,https://www.1c-bitrix.ru/upload/iblock/d08/wu05cer84x8xn35dax0rw75h1gzwiyqw/favicon.png,/partners/partner/21922026/,ru,2026-06-23T16:59:14+00:00
23333422,"Клевер Проф",https://cleverprof.ru/,+78122411452,info@cleverprof.ru,https://www.1c-bitrix.ru/upload/iblock/07a/pef3hxnmmair5o7vzt8n9ozt7u8tofzd/logo_ru_01_1x.png,/partners/partner/23333422/,ru,2026-06-23T16:59:16+00:00
2591,"ООО ""Ай Ти Профи трейд""",http://www.itproltd.ru,"+7 914 772 80 85",sales@itproltd.ru,https://www.1c-bitrix.ru/upload/iblock/f92/175.jpg,/partners/partner/2591/,ru,2026-06-23T16:59:19+00:00
17607,"Джей Виста",https://www.j-vista.ru,+74957694884,mailbox@j-vista.ru,https://www.1c-bitrix.ru/upload/iblock/737/lg5oteupyngia0k2qxvifjcwh24pg5z2/jvlogo.png,/partners/partner/17607/,ru,2026-06-23T16:59:22+00:00
96825,Arbeitsgruppe,https://www.arbeitsgruppe.ru/,"+7 916 239 4680",i.sorokin@arbeitsgruppe.ru,https://www.1c-bitrix.ru/upload/iblock/63e/logo.jpg,/partners/partner/96825/,ru,2026-06-23T16:59:24+00:00
149783,PUGOFKA,https://pugofka.com/,"+7 812 237-39-37",info@pugofka.com,https://www.1c-bitrix.ru/upload/iblock/6a9/logo-with-slogan.png,/partners/partner/149783/,ru,2026-06-23T16:59:27+00:00
430532,СТАРТ,https://startmyweb.ru,"(383) 354-20-54",start@startmyweb.ru,https://www.1c-bitrix.ru/upload/iblock/4f7/tfyiahjclw9k0ucntmt7qtt20gyfjflj/b32a2e53101e54903e413fdc133aa17f.png,/partners/partner/430532/,ru,2026-06-23T16:59:30+00:00
1268529,is.Digital,https://isdigi.ru,"+7 (4942) 466-774",box@isdigi.ru,https://www.1c-bitrix.ru/upload/iblock/eeb/logo-150-100.png,/partners/partner/1268529/,ru,2026-06-23T16:59:34+00:00
4204473,V-OPTIMA,https://v-optima.ru,"+7 (495) 178-09-85",info@v-optima.ru,https://www.1c-bitrix.ru/upload/iblock/e04/sb5f3wkhmxml52aalkihvb6o3wabbcok/V-optima_Masterlogotype_blue175.png,/partners/partner/4204473/,ru,2026-06-23T16:59:37+00:00
7409119,"TSD Consult",https://tsdconsult.ru,89068697878,info@tsdconsult.ru,https://www.1c-bitrix.ru/upload/iblock/a48/imgonline-com-ua-Resize-HmhMykG3TU2ALw8a.jpg,/partners/partner/7409119/,ru,2026-06-23T16:59:40+00:00
8301737,service75,https://service75.ru/,+79644629903,vologdin.i@gmail.com,https://www.1c-bitrix.ru/upload/iblock/01d/aatv42qzpc62pfmk1zz22lv341c3fmxx/logo3.png,/partners/partner/8301737/,ru,2026-06-23T16:59:42+00:00
9243891,"ИЦ Бухгалтер",https://ицбухгалтер.рф,"+7 (345) 517-85-87",trade@icb72.ru,https://www.1c-bitrix.ru/upload/iblock/ad6/vrvv9u51ekmuzmfbp8yqzbmz5rbbtwou/ИЦ.jpg,/partners/partner/9243891/,ru,2026-06-23T16:59:45+00:00
9571307,"Vin Solutions",https://vinsolutions.ru,+74993502442,bitrix24@vinsolutions.ru,https://www.1c-bitrix.ru/upload/iblock/e80/qluu9dl6gbutttlrf30bhf13affwv2f2/FlaviconVS2.jpg,/partners/partner/9571307/,ru,2026-06-23T16:59:47+00:00
10779182,SNABEX24,https://snabex24.ru,"+7 996 354 71 95",snabex24@yandex.ru,"https://www.1c-bitrix.ru/upload/iblock/2a4/1s2aud37dtz1ws6witioocdwjib4bc8l/битиркс лого.png",/partners/partner/10779182/,ru,2026-06-23T16:59:50+00:00
10807394,АРМОСЕРВИС,https://armoservis.bitrix24.site,89133754977,armoservis.omsk@gmail.com,https://www.1c-bitrix.ru/upload/iblock/131/Лого.jpg,/partners/partner/10807394/,ru,2026-06-23T16:59:52+00:00
11862698,АбдулионСофт,https://abdulion-soft.ru,+79959157277,info@abdulion-soft.ru,https://www.1c-bitrix.ru/upload/iblock/ccb/1uf18egm06blnwyr2y2xy7d6k3zgis24/logo-abdulionsoft.png,/partners/partner/11862698/,ru,2026-06-23T16:59:55+00:00
12438966,Аудитория,https://www.ayditoriya.ru,"+ 7 812 656 52 41",info@ayditoriya.ru,"https://www.1c-bitrix.ru/upload/iblock/8f3/edkmvehskqyaz2fa4d4305f7ofmrbuum/2021-03-12_22-50-28 - копия.png",/partners/partner/12438966/,ru,2026-06-23T16:59:58+00:00
13808262,"Автобанк Автоматизация",https://crm161.ru/,+78633332800,89081987007@mail.ru,https://www.1c-bitrix.ru/upload/iblock/804/a8rtbqc72bv0jnrutw7scffr5ncvei1h/крылья.png,/partners/partner/13808262/,ru,2026-06-23T17:00:00+00:00
13998762,LinkOR,https://linkor.online/,"+7 (911) 925-111-0",inbox@linkor.online,https://www.1c-bitrix.ru/upload/iblock/74f/4hfst7ww380shraxibwqq5tnukddroye/Прозр.черн.175.53.png,/partners/partner/13998762/,ru,2026-06-23T17:00:03+00:00
14974896,"Акселератор бизнеса К ЦЕЛИ",https://tothegoal.ru,+79221602506,mail@tothegoal.ru,https://www.1c-bitrix.ru/upload/iblock/8cd/6b6ozkni7vezdles2aj7tqu6q54digcv/175х135.jpg,/partners/partner/14974896/,ru,2026-06-23T17:00:08+00:00
15711176,Аутсо,https://autso.ru/,"+7 925 620-0-670",info@autso.ru,"https://www.1c-bitrix.ru/upload/iblock/efd/rydgyaqc4uxm5tjdpctup4r0btkr0b1e/unnamed (1).jpg",/partners/partner/15711176/,ru,2026-06-23T17:00:10+00:00
15924228,Фортим,https://fortim.ru,+79215540110,mail@fortim.ru,https://www.1c-bitrix.ru/upload/iblock/0a0/r9keuyi3j5zi5amsjz2tp0pjkw018e3n/Logo_List.png,/partners/partner/15924228/,ru,2026-06-23T17:00:13+00:00
16216938,"ПН-Информационные технологии",https://pn-it.ru,8(342)-291-93-71,info@pn-it.ru,"https://www.1c-bitrix.ru/upload/iblock/188/h3jcwpke69i2i0ezb0cvayep2z7g96c2/2. 175 на 100.png",/partners/partner/16216938/,ru,2026-06-23T17:00:15+00:00
16750476,"Start Aktiv",https://startaktiv.ru/,+79655218916,zedis.lv@gmail.com,https://www.1c-bitrix.ru/upload/iblock/333/ldlzjdlxbe6mz6r7r2qz1eb5g35883tv/logo.png,/partners/partner/16750476/,ru,2026-06-23T17:00:18+00:00
16767696,IT-Openspace,https://it-openspace.ru,+74951064227,sales@it-openspace.ru,"https://www.1c-bitrix.ru/upload/iblock/a46/q5w2lkr9dr1g6vwtpj09zzp968yb5hji/Openspace Logo (2).png",/partners/partner/16767696/,ru,2026-06-23T17:00:21+00:00
17126608,Pr-global.ru,https://pr-global.ru/,"+7 978 565 38 08",kr@pr-global.ru,https://www.1c-bitrix.ru/upload/iblock/9bd/hvahu53fd7mgtzo7cbg9kp3o8g1a3qwg/1231231231.png,/partners/partner/17126608/,ru,2026-06-23T17:00:23+00:00
17193672,СЕОРАШ,https://seorush.ru,+79850956215,it.askarov@yandex.ru,"https://www.1c-bitrix.ru/upload/iblock/671/g2zhs6qli6egvtnqti8qog6q2p9rypwy/SEORUSH 135p.png",/partners/partner/17193672/,ru,2026-06-23T17:00:26+00:00
17339248,Эвирал,https://eviral.ru,+79180558163,info@eviral.ru,"https://www.1c-bitrix.ru/upload/iblock/806/xs70a4o685b77x5bncrtkiboq3lufbrl/Аватар Битрикс24.jpg",/partners/partner/17339248/,ru,2026-06-23T17:00:28+00:00
17643438,IntStage,https://intstage.ru/,89090716085,info@intstage.ru,https://www.1c-bitrix.ru/upload/iblock/1eb/c2emc29w3m7t1ejotb3gw3rq294mgb6j/logo.png,/partners/partner/17643438/,ru,2026-06-23T17:00:31+00:00
17783110,SuperTechSales,https://supertechsales.ru/,+79932881168,tech.grow@mail.ru,"https://www.1c-bitrix.ru/upload/iblock/36d/81va9ursgrv2705a4lxctmyw430shwt5/imgonline-com-ua-convertiindXKkKVCSX (1).jpg",/partners/partner/17783110/,ru,2026-06-23T17:00:34+00:00
18399908,"Brilliants Market",https://brilliants.bitrix24site.ru/,+79627049322,brillianthome@yandex.ru,"https://www.1c-bitrix.ru/upload/iblock/e70/b9d6qmwlqj1fuhyr5crb5rovudiff2w0/IMG_3998 (1) (1).jpg",/partners/partner/18399908/,ru,2026-06-23T17:00:36+00:00
19019832,SmartHelp,https://sm-help.ru,+7(831)-282-31-36,smarthelp@sm-help.ru,"https://www.1c-bitrix.ru/upload/iblock/9cd/4kxwijsljk4fvorub1tcsnti74g38z4c/МаленькийРазмерПочта копия.png",/partners/partner/19019832/,ru,2026-06-23T17:00:41+00:00
20545008,"Андреев Маркетинг",https://anmarketing.ru/ryazan/,+79009010971,info@anmarketing.ru,https://www.1c-bitrix.ru/upload/iblock/af9/zx1zy75fi9zq86q7qypfqw2fj1h2et0e/32323.png,/partners/partner/20545008/,ru,2026-06-23T17:00:44+00:00
21407472,KITwork,https://kitwork.ru/,+79854317755,standartkuh@gmail.com,https://www.1c-bitrix.ru/upload/iblock/c47/q6qeuhkjnhj1mxzmxwmmi0e5h1qqki35/2024-08-16_13-38-35_11zon.png,/partners/partner/21407472/,ru,2026-06-23T17:00:47+00:00
21893340,"AV Bessonov",https://avbessonov.bitrix24site.ru/,88003017929,axelo9@bk.ru,https://www.1c-bitrix.ru/upload/iblock/c18/a6pjyv5rt5ik75icudhq9alkuruscywm/Logo.jpg,/partners/partner/21893340/,ru,2026-06-23T17:00:50+00:00
23457734,"Бизнес ТОП",https://buisness-top.ru,89178060790,sales@buisness-top.ru,https://www.1c-bitrix.ru/upload/iblock/b36/7dn0u8e6wsiebulc7fss1gnziq6an48l/buistop-logo.png,/partners/partner/23457734/,ru,2026-06-23T17:00:52+00:00
23826774,Solware.ru,https://www.solware.ru,+79852116808,vlad@solware.ru,https://www.1c-bitrix.ru/upload/iblock/f6f/2ept0snjfwtwcwi4t7ae3wpmwt1w5ed5/logo+text_ru_130x130_circle.png,/partners/partner/23826774/,ru,2026-06-23T17:00:55+00:00
25441734,"Цифровое бюро",https://cb-plus.ru/,"+7917 225-81-22",info@cb-plus.ru,"https://www.1c-bitrix.ru/upload/iblock/ec3/rz1hiewdeo77ug55u0lmsfsxfi7i630v/logo (4).png",/partners/partner/25441734/,ru,2026-06-23T17:00:58+00:00
26286616,"Iron Art NN",https://ironartnn.bitrix24site.ru,+795062172351,all@ironartnn.ru,https://www.1c-bitrix.ru/upload/iblock/fbb/a4jxl3zqrnrauk83wn5lrmkepk9k3c3v/5.png,/partners/partner/26286616/,ru,2026-06-23T17:01:00+00:00
28209258,"Компьютерная компания ТЕКВЕК",https://tekvek.ru,+73452564414,info@tekvek.ru,https://www.1c-bitrix.ru/upload/iblock/eae/edzu7ogp0b74pka29r6k283p4zwp2fhs/photo_2025-07-16_04-24-45.jpg,/partners/partner/28209258/,ru,2026-06-23T17:01:03+00:00
11808180,"ГК Axelsoft",https://axelsoft.ru,"+7(499) 322-3920",info@axelsoft.ru,https://www.1c-bitrix.ru/upload/iblock/ece/kqxey73x0ofdog7vo0mannfqy5kw1c22/аксель.jpg,/partners/partner/11808180/,ru,2026-06-23T17:01:05+00:00
22374236,БизON,https://bizon.bitrix24site.ru,+79229616106,Lara.prodast@gmail.com,https://www.1c-bitrix.ru/upload/iblock/b34/0u36hhaqjrsic0tza9nmnt7r8eq7az07/лого.png,/partners/partner/22374236/,ru,2026-06-23T17:01:08+00:00
1433274,IT.Done();,https://itdone.ru,+79506904377,b24@itdone.ru,https://www.1c-bitrix.ru/upload/iblock/31e/uhy5wore16s7db8urfjnbs9n76fll06w/logo-it-done-rus-bold.png,/partners/partner/1433274/,ru,2026-06-23T17:01:10+00:00
22284408,"SEMANTIC SOLUTIONS",https://semanticsolutionsagency.com,+79120514310,cis@semanticsolutionsagency.com,https://www.1c-bitrix.ru/upload/iblock/4dc/f8uaac1mtfe7r92pu7xjybt3kdyq48w2/Layer.2.png,/partners/partner/22284408/,ru,2026-06-23T17:01:15+00:00
194497,"Стронг Медиа",https://www.strongmedia.ru,"+7 495 414-42-10",info@strongmedia.ru,https://www.1c-bitrix.ru/upload/iblock/db4/xpl2996pkxdy7rzszu9s9p157oi5yxr9/logo2.png,/partners/partner/194497/,ru,2026-06-23T17:01:18+00:00
8437563,"Ocman Digital Agency",http://ocman-digital.ru/,"+7902 255 78 05",ocman.group@gmail.com,"https://www.1c-bitrix.ru/upload/iblock/110/t9y0hqyto0rtmh8hmqol8jlbuvyjhqhy/Frame 157302.png",/partners/partner/8437563/,ru,2026-06-23T17:01:21+00:00
9156685,Сайтформат,https://web-format.net/,+7382270248,mail@web-format.net,https://www.1c-bitrix.ru/upload/iblock/199/0tobz8vrqie6721qumkg92yhj962pxbj/sf2.png,/partners/partner/9156685/,ru,2026-06-23T17:01:23+00:00
9516187,B24.guru,https://b24.guru/,88633226424,crm@b24.guru,https://www.1c-bitrix.ru/upload/iblock/219/dark.png,/partners/partner/9516187/,ru,2026-06-23T17:01:26+00:00
15819770,Integrator,https://integrator-b24.ru/,+74993468321,art-studiakartamyshev@yandex.ru,https://www.1c-bitrix.ru/upload/iblock/670/8xmj6sbdi31elucrdj7wmfrr9h6y1f2g/логотип.jpg,/partners/partner/15819770/,ru,2026-06-23T17:01:28+00:00
18281940,PlanSpace,https://planspacevnedrenie.bitrix24site.ru/,+79936275085,planspace24@gmail.com,https://www.1c-bitrix.ru/upload/iblock/d03/qggd80u3elz00elr6hic1i06gjl25qfg/175x135.jpg,/partners/partner/18281940/,ru,2026-06-23T17:01:30+00:00
21140030,CubeCode,https://cubecode.ru,89219427377,office@cubecode.ru,https://www.1c-bitrix.ru/upload/iblock/2b7/87c10ejeka2sl2lh5n8c70ognvqcqabw/logo.png,/partners/partner/21140030/,ru,2026-06-23T17:01:33+00:00
22896988,Bokiva,https://bokiva.ru,+73433009028,info@bokiva.ru,https://www.1c-bitrix.ru/upload/iblock/94e/prbtsb6z3qztjjblctek0ed4h8u0pmo5/166f6988966f10---removedbackground2.png,/partners/partner/22896988/,ru,2026-06-23T17:01:35+00:00
25488554,Bit-SynergyHub,http://bit-synergyhub.ru/,"+7 9956626848",b24@bit-synergyhub.ru,https://www.1c-bitrix.ru/upload/iblock/72e/ccmt1tsovmm8brtw8tuzzswq0774z1d6/логотип.jpg,/partners/partner/25488554/,ru,2026-06-23T17:01:38+00:00
6089,КАФТ,https://kaft.ru,"8 800 505-30-24",info@kaft.ru,https://www.1c-bitrix.ru/upload/iblock/842/006_o_kompanii_008_10_na_22.png,/partners/partner/6089/,ru,2026-06-23T17:01:40+00:00
3793431,"Первый линк",https://1lsite.ru,"+7 (4012) 69-73-61",client@1lsite.ru,"https://www.1c-bitrix.ru/upload/iblock/303/3srq1t6svfmdng7sfz5rfg3nocqkanud/1L_NEWLOGO_500_wite (2).jpg",/partners/partner/3793431/,ru,2026-06-23T17:01:42+00:00
14848880,SkyGo,https://skygo24.ru,8-953-953-60-60,gogov@skygo24.ru,https://www.1c-bitrix.ru/upload/iblock/824/29ek3uy13o9lyqrijhy5rwk8u5a7hhsx/logo.jpg,/partners/partner/14848880/,ru,2026-06-23T17:01:47+00:00
719056,Miracle,https://miracle-play.ru,+79514289202,evmiracle@gmail.com,"https://www.1c-bitrix.ru/upload/iblock/c44/33rtmf8jjewat1yrug5xkg1u8w3x6xii/наш лого_2 (под битрикс).jpeg",/partners/partner/719056/,ru,2026-06-23T17:01:49+00:00
24926806,"Байкал-Центр Автоматизации",https://baikal-c.ru/,88001002672,info@baikal-c.ru,https://www.1c-bitrix.ru/upload/iblock/3c8/q3jaqy9zew36c9hm9wx4u7qyq7nian4m/lolo.png,/partners/partner/24926806/,ru,2026-06-23T17:01:52+00:00
5660,Лабмедиа,https://labmedia.su,"+7 (495) 136-86-06",contact@labmedia.su,https://www.1c-bitrix.ru/upload/iblock/b36/logo__Color_rus__175.png,/partners/partner/5660/,ru,2026-06-23T17:01:54+00:00
6144255,Кибериум,http://cyberium.ru,"+7 (495) 665-2090",info@cyberium.ru,https://www.1c-bitrix.ru/upload/iblock/9be/logo_cyberium_350x300х600.jpg,/partners/partner/6144255/,ru,2026-06-23T17:01:57+00:00
17222920,Vincora,https://Vincora.ru/,89536520856,vincora@yandex.ru,https://www.1c-bitrix.ru/upload/iblock/782/ewnb4wkgl4dpvo250rpsvdw3rvlbbvi9/ВИНКОРА-(текстура).jpg,/partners/partner/17222920/,ru,2026-06-23T17:01:59+00:00
279020,Дивасофт,https://divasoft.ru,"+7 (8-412) 206-209",inbox@divasoft.ru,https://www.1c-bitrix.ru/upload/iblock/612/svg-logo.png,/partners/partner/279020/,ru,2026-06-23T17:02:02+00:00
6968679,MITUSOV,https://mitusov.com,+79215989868,mail@mitusov.com,https://www.1c-bitrix.ru/upload/iblock/b8a/pm3lfj1ge396cbd056wkh7o68v9hz1da/2024-07-25_09-19-20.jpg,/partners/partner/6968679/,ru,2026-06-23T17:02:04+00:00
22212290,CULIC,"https:// culic.bitrix24site.ru",+79952228223,vadimkulic@yandex.ru,"https://www.1c-bitrix.ru/upload/iblock/0ba/cz0h8fu7l0vrp3nphlcv8ggjyom53m0y/2024-07-19_16-48-24 (1).png",/partners/partner/22212290/,ru,2026-06-23T17:02:07+00:00
25781816,EFrolovDev,https://efrolov-dev.ru,+79154068206,contact@efrolov-dev.ru,"https://www.1c-bitrix.ru/upload/iblock/f1f/q26k2ot4jjuq79nn9nw8p0sj7kyt29io/5f96a64d9a211f09376eade2fa062be_1 (1).jpeg",/partners/partner/25781816/,ru,2026-06-23T17:02:10+00:00
27408572,РЕЗАРЕСУРС.Айти,https://b24.rezaresurs.ru,"+7 (999) 444-79-80",tech@rezaresurs.ru,https://www.1c-bitrix.ru/upload/iblock/e3a/y266gd033yem9izh4nq18owda305k3xj/Логотип-2.png,/partners/partner/27408572/,ru,2026-06-23T17:02:13+00:00
197222,GMsite,https://www.gmsite.ru/,"+7 (499) 938-40-88",info@gmsite.ru,https://www.1c-bitrix.ru/upload/iblock/37a/gm_logo.jpg,/partners/partner/197222/,ru,2026-06-23T17:02:15+00:00
303128,"ХАЙТЕК МЕДИА",https://hi-techmedia.ru,"+7 917 078 8626",htmedia.info@mail.ru,"https://www.1c-bitrix.ru/upload/iblock/f2b/bbih1i7relxzg71bzzlo5oktj7aaidfv/Frame 1948754707 (1).jpg",/partners/partner/303128/,ru,2026-06-23T17:02:21+00:00
329218,ITLand,https://itland.ru,"+7 (812) 448-12-55",info@itland.ru,"https://www.1c-bitrix.ru/upload/iblock/abd/b5b8ci20p12p404fbtaof9vnpuyihmkw/ITLand лого.png",/partners/partner/329218/,ru,2026-06-23T17:02:25+00:00
473288,100АП,http://www.100up.ru/,"+7 499 6505015",info@100up.ru,https://www.1c-bitrix.ru/upload/iblock/30d/175135.png,/partners/partner/473288/,ru,2026-06-23T17:02:28+00:00
655231,Gorillas,https://gorillasweb.ru,"8 (923) 170-46-90",info@gorillasweb.ru,"https://www.1c-bitrix.ru/upload/iblock/2ab/cj4hk9f14rhn20lvt10f504qrgvh1gwu/Group 782 1.png",/partners/partner/655231/,ru,2026-06-23T17:02:31+00:00
1033365,"Центр Информационных Технологий",https://www.itc27.ru,"8 (924) 404-33-47",manager@itc27.ru,https://www.1c-bitrix.ru/upload/iblock/74e/lofo.jpg,/partners/partner/1033365/,ru,2026-06-23T17:02:33+00:00
1380271,"Site Guide",https://site-guide.ru,"+7 (499) 653-87-67",info@site-guide.ru,https://www.1c-bitrix.ru/upload/iblock/5b0/7891ll6da6rhf85f3jf3k3upbbud44tc/Screenshot_18.png,/partners/partner/1380271/,ru,2026-06-23T17:02:35+00:00
6913635,Asanov,https://asanov.agency,+78126292590,antonov@asanov.agency,https://www.1c-bitrix.ru/upload/iblock/7f9/o64mop7ppu242k11iuh4m2r8gs4wkq5z/asanov.png,/partners/partner/6913635/,ru,2026-06-23T17:02:38+00:00
7346779,KVANTIX,https://kvantix.ru,"+7 (914) 403-76-03",sazverev@bk.ru,https://www.1c-bitrix.ru/upload/iblock/740/logoForBitrix.png,/partners/partner/7346779/,ru,2026-06-23T17:02:40+00:00
8375621,SeoProk.RU,https://seoprok.ru/,"+7 499 325-52-51",info@seoprok.ru,https://www.1c-bitrix.ru/upload/iblock/260/cpatn0c6k1ss5neeyc0culwd3jh6cmch/logo_seoprok.ru_kr_500.png,/partners/partner/8375621/,ru,2026-06-23T17:02:43+00:00
11066750,"Транс Медиа",https://trans-media.pro/,8(846)2315000,hello@trans-media.pro,"https://www.1c-bitrix.ru/upload/iblock/1d9/0neay2ggmyfk3fvbiyuob5zj4x9hlz5n/Логотип ТМ мини.jpg",/partners/partner/11066750/,ru,2026-06-23T17:02:45+00:00
11207658,ITCenter,http://citsk.ru,"+7 (928) 654-03-08",support@citsk.ru,https://www.1c-bitrix.ru/upload/iblock/546/lbjz30uz4cs4ty5qnnxtlxghgv9eotjk/55.png,/partners/partner/11207658/,ru,2026-06-23T17:02:48+00:00
14436898,"IT Resolve",https://itresolve.ru/,+79117773300,info@itresolve.ru,https://www.1c-bitrix.ru/upload/iblock/3b7/si9eydw98yfve33fuvuu34dswqbiikjd/2021-10-01_17-17-27_2x.png,/partners/partner/14436898/,ru,2026-06-23T17:02:50+00:00
15046848,"AMX Group",https://amxgroup.ru,"+7 (495) 023-68-10",info@amxgroup.ru,"https://www.1c-bitrix.ru/upload/iblock/1de/2z2io3j87h5bp7qq9hgr4mt7qo05xoq9/logo АМХ.svg",/partners/partner/15046848/,ru,2026-06-23T17:02:55+00:00
21428924,ITinter,https://itinter.ru/,"+7920 273-00-89",apltrt@yandex.ru,"https://www.1c-bitrix.ru/upload/iblock/1f7/3hsy3dzryl3ry11jge0vt50g79v77vk8/logoza.ru (1).png",/partners/partner/21428924/,ru,2026-06-23T17:02:57+00:00
22089878,"Snow-Ice Development",https://snow-ice.ru/,"+7 (499) 112 44-59",snow-ice-d@yandex.ru,https://www.1c-bitrix.ru/upload/iblock/81f/89q681n9122mwio91uwzmjb3ba2ty4yg/Логотип.jpg,/partners/partner/22089878/,ru,2026-06-23T17:03:00+00:00
24448462,Юниквик,https://uni-quick.ru/,89080285700,rrv@uni-quick.ru,"https://www.1c-bitrix.ru/upload/iblock/7db/0ojmybx6wqun7l7ayvnim5jbun8kascl/logo-1 (1).png",/partners/partner/24448462/,ru,2026-06-23T17:03:02+00:00
24644536,Айти+,https://itplus.pro/,+79241800990,office@itplus.pro,https://www.1c-bitrix.ru/upload/iblock/210/lc9547v1ppiea21d608bm98rn4jsff7s/vertical_tagline_on_transparent_by_logaster.jpeg,/partners/partner/24644536/,ru,2026-06-23T17:03:05+00:00
25011414,"Цифровые технологии",https://dtvladimir.ru,"+7 (4922) 474047",info@dtvladimir.ru,"https://www.1c-bitrix.ru/upload/iblock/dc9/d7ar5qjw121gpe0g9pax5brg6bjn1l9h/Лого Цифровые технологии.png",/partners/partner/25011414/,ru,2026-06-23T17:03:07+00:00
27616676,"ТЕХ СОЛЮШЕН",https://techsolution.ru/,+74994551869,sales@techsolution.ru,https://www.1c-bitrix.ru/upload/iblock/f37/dj8jjq0uyk030r6tys4khn7i5ze2syrf/logo175x135.jpg,/partners/partner/27616676/,ru,2026-06-23T17:03:10+00:00
7740985,"Продажи Всем",https://sales-to-all.com/,89826711888,mail@sales-to-all.com,https://www.1c-bitrix.ru/upload/iblock/b02/zhpizehqy82mu8v1e8g7ipxy3jnl58ui/logo-prodazhivsem-novoe-final-300x300.jpg,/partners/partner/7740985/,ru,2026-06-23T17:03:12+00:00
12069934,"План Действий",https://pland.pro,89617897654,info@pland.pro,https://www.1c-bitrix.ru/upload/iblock/83d/l7jwbebxm96c5rxknxfyoankfb59704g/знак_птица_чб.jpg,/partners/partner/12069934/,ru,2026-06-23T17:03:14+00:00
19716428,FIbbit,https://fibbit.ru,,mazuretsbodya0812@yandex.ru,https://www.1c-bitrix.ru/upload/iblock/f0d/k21q34ba36kumht0zuckdn1wkdwmlqtd/fibbit2.png,/partners/partner/19716428/,ru,2026-06-23T17:03:17+00:00
18076888,ПрофРеформа,http://profreforma.ru/,"+7 (903) 220 37 80",proffreforma@gmail.com,"https://www.1c-bitrix.ru/upload/iblock/5df/gzmucpvfvfvb14l6eryeq3frv5c1xsgt/лого на б.png",/partners/partner/18076888/,ru,2026-06-23T17:03:19+00:00
22837730,Мосзапуск,https://moszapusk.ru,+74993258485,zakaz@moszapusk.ru,"https://www.1c-bitrix.ru/upload/iblock/cf6/biwr8d1weibtqy8qcrjmv4twebyii2ne/Мосзапуск 175x135.png",/partners/partner/22837730/,ru,2026-06-23T17:03:22+00:00
23696720,"ИТО Сапсан",https://sapsan-ito.ru/,"+7 928 036-26-03",info@sapsan-ito.ru,https://www.1c-bitrix.ru/upload/iblock/8fb/xn91k5io7aw8fakrorj89fg48jrroi2z/Лого_Сапсан.jpg,/partners/partner/23696720/,ru,2026-06-23T17:03:27+00:00
25962390,"Простые решения",http://seopiar.ru/,"+7 925 289-24-67",seobit24@yandex.ru,https://www.1c-bitrix.ru/upload/iblock/f4f/w224w2zdyonwe5zq8hup300mocu1592i/logo24.png,/partners/partner/25962390/,ru,2026-06-23T17:03:30+00:00
6716889,"ВЕБ Симфония",https://wbs24.ru/,"+7 (995) 783-50-30",mail@wbs24.ru,"https://www.1c-bitrix.ru/upload/iblock/079/fzwhpvydboyec0wghjrnqj5jprdmx9d2/ВС-Лого вертикаль.png",/partners/partner/6716889/,ru,2026-06-23T17:03:32+00:00
11266036,"GS Consulting",https://gscrm.ru/bitrix24,"+7 937 957-37-76",gs.digital21@gmail.com,"https://www.1c-bitrix.ru/upload/iblock/735/yyysy381svgpc5tc7ri0n21kfqdqb24u/Копия -252463645.png",/partners/partner/11266036/,ru,2026-06-23T17:03:34+00:00
13535958,"CRM Bit24 Pro",https://b24pro.online,"+7 (495) 320 5005",info@b24pro.online,https://www.1c-bitrix.ru/upload/iblock/d73/zn3gpbuzxfdhasrpnx5gzt9wmctok1oj/bit175.png,/partners/partner/13535958/,ru,2026-06-23T17:03:37+00:00
19561426,"Саха Бизнес Автоматизация",http://sba-ykt.ru,+74112252528,sba_ykt@mail.ru,https://www.1c-bitrix.ru/upload/iblock/fe3/03fc10tx0ljxmg1doh4ef000vnqf1mvq/СБА_ЛОГО_33.png,/partners/partner/19561426/,ru,2026-06-23T17:03:39+00:00
165028,APISOFT,https://api-soft.ru,"+7 (495) 215-04-15",info@api-soft.com,https://www.1c-bitrix.ru/upload/iblock/615/aqpt39f3g8ty8tyyznjhx78o5nc0gq13/Logo_Mini.png,/partners/partner/165028/,ru,2026-06-23T17:03:42+00:00
378292,KONTUR,http://kontur-agency.ru,"8 (383) 255-66-66,8 (800) 555-30-93",kirillov@kontur-nsk.ru,"https://www.1c-bitrix.ru/upload/iblock/b23/1njwdk7f0d8k23l6l7d36fswzooklh0h/Дизайн без названия.png",/partners/partner/378292/,ru,2026-06-23T17:03:44+00:00
3342669,Гелиосоник,https://geliosonic.ru,+7(906)1213709,inet@geliosonic.ru,https://www.1c-bitrix.ru/upload/iblock/b92/ЛоготипGS175.png,/partners/partner/3342669/,ru,2026-06-23T17:03:46+00:00
14665738,"Мастерская Бизнес-Роста",https://olgaberegovich.com/,"+7 902 334-05-23",tswork@mail.ru,https://www.1c-bitrix.ru/upload/iblock/b95/it9kde6w2qqwtm2ugqyr2es85x45z141/logo50.png,/partners/partner/14665738/,ru,2026-06-23T17:03:49+00:00
16804652,"Свои Технологии",https://bitrix24.svoit.ru/,84992131885,info@svoit.ru,https://www.1c-bitrix.ru/upload/iblock/0bb/0bh4dx1alsxecrzisabhrvcnwdbdwgk5/Безымянный-1.png,/partners/partner/16804652/,ru,2026-06-23T17:03:51+00:00
25864952,Vilisoft,https://vilisoft.ru,"+7 912 996 79 27",vilisov@vilisoft.ru,"https://www.1c-bitrix.ru/upload/iblock/cb8/38mpzsgwvyhe36sno7g6frnewlntk78u/Frame 5.png",/partners/partner/25864952/,ru,2026-06-23T17:03:54+00:00
26761602,pro4yo,https://pro4you.ru,+79165670268,info@pro4you.ru,https://www.1c-bitrix.ru/upload/iblock/5c6/pgkh4oqhhq04bg8dvvbu8qalb4sjwb6c/p4y_135x135.jpg,/partners/partner/26761602/,ru,2026-06-23T17:03:58+00:00
27476032,Prompt-IT,https://prompt-it.ru,"+7 985 047-32-37",info@prompt-it.ru,https://www.1c-bitrix.ru/upload/iblock/28d/oexegovqkml70qadm0vhd7gd5b0e6wy6/175.png,/partners/partner/27476032/,ru,2026-06-23T17:04:01+00:00
154140,PMO24,https://pmo24.ru/,89185093373,ak@pmo24.ru,https://www.1c-bitrix.ru/upload/iblock/4b6/logo-pmo24_150px.png,/partners/partner/154140/,ru,2026-06-23T17:04:03+00:00
12919902,Forward,https://forward-it.ru,+73435961904,info@forward-it.ru,https://www.1c-bitrix.ru/upload/iblock/1d7/emblema_mini.png,/partners/partner/12919902/,ru,2026-06-23T17:04:06+00:00
825406,"НТР Вертикаль",http://www.ntr-vertical.ru,"8(499) 322-95-93",info@ntr-vertical.ru,https://www.1c-bitrix.ru/upload/iblock/8e8/7ytplir71and3rj0l646sumntpq3onmn/ntr.png,/partners/partner/825406/,ru,2026-06-23T17:04:08+00:00
524568,АйТи-Безопасность,https://1citsecurity.ru,"+7 (4725) 39-08-39",1c@1citsecurity.ru,https://www.1c-bitrix.ru/upload/iblock/31c/Безымянный.png,/partners/partner/524568/,ru,2026-06-23T17:04:10+00:00
6627521,"1С Лотос",https://1clotos.ru,"+7 3652 671393",yk@lotos-crimea.ru,"https://www.1c-bitrix.ru/upload/iblock/913/Чисто цветок.png",/partners/partner/6627521/,ru,2026-06-23T17:04:13+00:00
24946106,"Велес Рисерч",https://veleres.ru,+79250838295,info@veleres.ru,"https://www.1c-bitrix.ru/upload/iblock/076/ol7lqjq1w1fzb7jhv6b07urn580cadq4/Veles logo.png",/partners/partner/24946106/,ru,2026-06-23T17:04:15+00:00
593384,"ИТ Домен",http://www.it-domain.ru/,+7(499)390-44-68,info@it-domain.ru,https://www.1c-bitrix.ru/upload/iblock/bca/7a5dm25et2lzcc97lc44q3pcy9acu7tc/logo-new.jpg,/partners/partner/593384/,ru,2026-06-23T17:04:17+00:00
6426339,Novopromo,https://novopromo.ru/,"+7 (902) 902-99-67",info@novopromo.ru,https://www.1c-bitrix.ru/upload/iblock/4f3/aa4scq1tgpjufdstxv39fitu7yqmnnq3/logo175-135.jpg,/partners/partner/6426339/,ru,2026-06-23T17:04:20+00:00
8649073,e37,https://e37.bitrix24site.ru/,+7(937)715-77-79,tcuser@ya.ru,https://www.1c-bitrix.ru/upload/iblock/210/11.png,/partners/partner/8649073/,ru,2026-06-23T17:04:22+00:00
9429189,Mediatehnik,https://mediatehnik.ru,"+7 9951555941",a@mediatehnik.ru,"https://www.1c-bitrix.ru/upload/iblock/585/0vk2rfg802mcd5xet0y944vq3grevh9z/2 175-99.png",/partners/partner/9429189/,ru,2026-06-23T17:04:25+00:00
13625984,SpaceCodinG,https://spacecoding.net,+7-926-714-21-10,info@spacecoding.net,https://www.1c-bitrix.ru/upload/iblock/f1f/amv2226czyscmk6t7fqqddcbd1omxoou/logo_color_500х500.png,/partners/partner/13625984/,ru,2026-06-23T17:04:30+00:00
14103922,"Новый Сайт",https://www.newsite.ru/,"+7 931 111-97-39",it.group.ooo@yandex.ru,"https://www.1c-bitrix.ru/upload/iblock/170/0ch8in7y33fp83b48jsortlqtc663l1v/Group 5749.png",/partners/partner/14103922/,ru,2026-06-23T17:04:32+00:00
15170154,"Цифровые решения",https://digsol.ru,+78332444484,alex@digsol.ru,https://www.1c-bitrix.ru/upload/iblock/428/10unheq41liu47o87rttpg3rj2jfi19b/ds_logo4_1x.png,/partners/partner/15170154/,ru,2026-06-23T17:04:34+00:00
21141826,ТИДЕВ,https://t-dev.pro/,"+7 922 502 82 62",kma@t-dev.pro,https://www.1c-bitrix.ru/upload/iblock/acf/ltspy9i0xndt7shlm83brbulb8r10vty/2024-06-20_16-20-22.png,/partners/partner/21141826/,ru,2026-06-23T17:04:37+00:00
26632634,Databack,https://databack.pro,+73952796418,info@databack.pro,https://www.1c-bitrix.ru/upload/iblock/4aa/usu37fvf45qowt6cx52obd2ua0codck1/Databack_logo_135х135.png,/partners/partner/26632634/,ru,2026-06-23T17:04:39+00:00
195025,"ARTNET STUDIO",https://artnetstudio.ru,"+7 (8332) 222-001",mail@artnetstudio.ru,https://www.1c-bitrix.ru/upload/iblock/de0/mpmw2rt91i2ctp1he96wj5w024f8k7n6/800.jpg,/partners/partner/195025/,ru,2026-06-23T17:04:42+00:00
197314,RPA2B,https://rpa2b.ru,+79035083818,rpa2b@rpa2b.ru,"https://www.1c-bitrix.ru/upload/iblock/0eb/26asth6p8kyd3navb7yj925zczjo312i/Logo RGB 2+-01.png",/partners/partner/197314/,ru,2026-06-23T17:04:44+00:00
246641,"Orange Code",https://www.orangecode.ru,"+7 (918) 505-23-85",info@orangecode.ru,https://www.1c-bitrix.ru/upload/iblock/9b1/x8bpr2a691ihprq9cb6ay6fknzcdhx1e/logo-oc.jpg,/partners/partner/246641/,ru,2026-06-23T17:04:46+00:00
309814,АйТиКС,https://aitiks.pro,"+7 (921) 946-41-61",am@aitiks.pro,https://www.1c-bitrix.ru/upload/iblock/22b/logo_75.png,/partners/partner/309814/,ru,2026-06-23T17:04:49+00:00
2202821,Profit-Biznes,https://b24.profit-biznes.ru/,+79034381053,proffy2007@yandex.ru,https://www.1c-bitrix.ru/upload/iblock/fd6/dmmafo908app2vb12cw20k6uvm6evze5/Logotip_profit-biznes.ru_170x21.png,/partners/partner/2202821/,ru,2026-06-23T17:04:51+00:00
4847865,Абрикос,https://sabrikos.ru/,"+7 (4822) 78-40-27",nvamillion@yandex.ru,https://www.1c-bitrix.ru/upload/iblock/b06/645zk1rdw3logyj65tf36ygo5vaxa7cp/logoabrikos.png,/partners/partner/4847865/,ru,2026-06-23T17:04:54+00:00
8462367,"Простой Сайт",https://prostoisait.ru/,"+7 (499) 341-0019",info@prostoisait.ru,https://www.1c-bitrix.ru/upload/iblock/1ca/472gmwwrq55hw29eqntf9h0j0mexrjfw/logo3.png,/partners/partner/8462367/,ru,2026-06-23T17:04:56+00:00
11473772,Софт71,https://soft71.ru,7-4872-515000,info@soft71.ru,https://www.1c-bitrix.ru/upload/iblock/9be/nkftxeaf0t6wc24p0t03k72i4vib42u3/m_soft71.png,/partners/partner/11473772/,ru,2026-06-23T17:05:01+00:00
11878266,"IT TRUST WORLD",https://ittrustworld.ru/,"+7(981) 883-40-30",info@ittrustworld.ru,https://www.1c-bitrix.ru/upload/iblock/cd6/73ovwt37j7fsss0u4kbs1bqzx9h919by/logo_black.jpg,/partners/partner/11878266/,ru,2026-06-23T17:05:03+00:00
13712124,ATBE,https://www.atbe.ru,+79629520557,director@atbe.ru,"https://www.1c-bitrix.ru/upload/iblock/5a4/9c99g39gdzg3vpwomciju92es4rsxr5y/Logo_Flat_2019 175x40.png",/partners/partner/13712124/,ru,2026-06-23T17:05:06+00:00
15794050,Создание24,https://sozdanie24.ru,+79028781286,info@sozdanie24.ru,"https://www.1c-bitrix.ru/upload/iblock/c93/xhc1hog5g48rrlq90aqnzznqhnj6jzwh/Логотип Создание24 128-31 без фона.png",/partners/partner/15794050/,ru,2026-06-23T17:05:08+00:00
19549812,Технолоджис,https://tehnologi.info,"+7 934 075-01-83",info@tehnologi.info,"https://www.1c-bitrix.ru/upload/iblock/bfb/p94tw0h2vn8puk8q5nqakj84q9ccdeug/лого т (2).png",/partners/partner/19549812/,ru,2026-06-23T17:05:11+00:00
21389262,"ZINGER CONSULT",https://zinger-consult.ru,"+ 7 910 4699828",marketing@zinger-consult.ru,"https://www.1c-bitrix.ru/upload/iblock/767/qvjemu6mqac0qxbwdb23whhywmh5po6x/ZinCons темн 175 135.png",/partners/partner/21389262/,ru,2026-06-23T17:05:13+00:00
21492902,gostcrm,https://gostcrm.ru,"+7 (905) 303-51-93",artmastery@yandex.ru,https://www.1c-bitrix.ru/upload/iblock/1fd/iv2a3fk1cl4cnpqtvfl6fany8cqa1qmp/L.png,/partners/partner/21492902/,ru,2026-06-23T17:05:15+00:00
25931300,"Мир технологий будущего",https://futuretechno.ru/,8-922-567-85-30,info@futuretechno.ru,https://www.1c-bitrix.ru/upload/iblock/9c9/6lyor24gtd5gwm5uwa0bz4a01w4hqly1/logo-mir-sm.png,/partners/partner/25931300/,ru,2026-06-23T17:05:18+00:00
27194028,MBX,https://mbx.bitrix24site.ru/,+7-952-871-07-06,connect@info-mbx.ru,https://www.1c-bitrix.ru/upload/iblock/a1f/uu1wozxnc177fgoj1fvw8p2ydvq657xg/175х135.png,/partners/partner/27194028/,ru,2026-06-23T17:05:20+00:00
27487422,"Код Учёта",https://kod1c.ru,"8 904 366 64 61",pm@kod1c.ru,https://www.1c-bitrix.ru/upload/iblock/e35/73v40g5jakz2ll8r20v4h3ee86jvh59b/5292101790256008346.jpg,/partners/partner/27487422/,ru,2026-06-23T17:05:23+00:00
6225029,"X-Ray production",https://x-ray.site,+79108829589,g-gang@mail.ru,https://www.1c-bitrix.ru/upload/iblock/310/bgwtpsuqzmssf1xhn1egcmj0w7mnpdo8/logo_xray.png,/partners/partner/6225029/,ru,2026-06-23T17:05:25+00:00
9383473,Pro-saiter.ru,https://pro-saiter.ru/,"+7 (920) 468-79-79",info@pro-saiter.ru,https://www.1c-bitrix.ru/upload/iblock/c1b/bs3nmn9m3xqgfrzfnkjbwsrmjine0nv5/1_prosaiter-l-top-small_200x45.png,/partners/partner/9383473/,ru,2026-06-23T17:05:28+00:00
25171804,"Виртуозы общения",https://b24-57fubt.bitrix24site.ru/#,+79220325716,igor020320000@gmail.com,https://www.1c-bitrix.ru/upload/iblock/c66/u91mtycvb2tstvas81rmlvehwplagedz/logo_resized_175x135.png,/partners/partner/25171804/,ru,2026-06-23T17:05:34+00:00
25310872,"Trust Solutions",https://www.trustsol.ru,+74952413114,info@trustsol.ru,https://www.1c-bitrix.ru/upload/iblock/9d0/oc2kwn1ssjh5vf8m7jnhvbkdrz9lidhc/2025-05-07_14-15-05.png,/partners/partner/25310872/,ru,2026-06-23T17:05:36+00:00
28153102,INSIDERPOST,https://insiderpost.ru,"+7-911 162-62-04",info@insiderpost.ru,"https://www.1c-bitrix.ru/upload/iblock/319/nwyb7vpg7xsur20kk9tbm62m9e6a0n4k/INSIDERPOST (1).png",/partners/partner/28153102/,ru,2026-06-23T17:05:38+00:00
22462334,"Экспертный Лис",https://lisexpert.ru,+79603848788,dmitrysafargaliev@yandex.ru,"https://www.1c-bitrix.ru/upload/iblock/d88/tdrff4tlrz4od6vmr5vbn7gz2y7h0z4n/Лис (1).png",/partners/partner/22462334/,ru,2026-06-23T17:05:41+00:00
15883220,Инфорит,https://inforit.ru/,"+7 (495) 019-5000",bitrix24@inforit.ru,https://www.1c-bitrix.ru/upload/iblock/bb8/m0d1q2jedd11rbs5vpkotanx5lptrwvt/logo_inforit_175.png,/partners/partner/15883220/,ru,2026-06-23T17:05:43+00:00
16960550,"El Art design",https://elarty.com,+78314236944,info@elarty.com,https://www.1c-bitrix.ru/upload/iblock/9ab/yvfn2f765kufhnbqfj2fqlov3vbdv81c/elart.png,/partners/partner/16960550/,ru,2026-06-23T17:05:46+00:00
8782747,Magilanka,https://magilanka.ru/,"+7 (964) 570-55-20",crm@magilanka.ru,https://www.1c-bitrix.ru/upload/iblock/228/s4u2ictqlq4y10aae61ygpo71xurdidc/logom.png,/partners/partner/8782747/,ru,2026-06-23T17:05:48+00:00
15625992,"Lead control",https://www.lead-control.ru,89602600158,imvilivanov@yandex.ru,"https://www.1c-bitrix.ru/upload/iblock/b28/t7gr2osng7omn1op3vnot2xxt08s4uzz/175 135.jpeg",/partners/partner/15625992/,ru,2026-06-23T17:05:51+00:00
176847,ЮНИКОМС,https://unicoms.biz/,"+7 (499) 755-73-22",info@unicoms.biz,https://www.1c-bitrix.ru/upload/iblock/5fc/9fhykqyak0kzzs7arnn5h6586tvrsslw/UNICOMS_biz.png,/partners/partner/176847/,ru,2026-06-23T17:05:53+00:00
1150885,ВебПрофи,https://webprofis.ru/,"+7 (499) 390-27-85",webprofis@mail.ru,https://www.1c-bitrix.ru/upload/iblock/c4f/b2hphiu85992b7ldr8porewpt5vedd8i/логотип-для-битрикс2.jpg,/partners/partner/1150885/,ru,2026-06-23T17:05:55+00:00
10429480,Технокейс,https://tns8.ru/,+79328571236,ruzavinvv@bk.ru,https://www.1c-bitrix.ru/upload/iblock/c91/h4uwqf936j6ykpi05si69np799fl97cw/ЛоготипТехнокейс.png,/partners/partner/10429480/,ru,2026-06-23T17:05:58+00:00
13808386,NAN,https://nan.ru/,"+7 383 310-77-72",info@nan.ru,https://www.1c-bitrix.ru/upload/iblock/ddb/3incp8a0xvnlwpeorea5qe3qgdlas25b/fefd6f35-e64f-471e-ab03-53960095f642.jpg,/partners/partner/13808386/,ru,2026-06-23T17:06:00+00:00
11861732,ANDRKEY,https://crm.andrkey.ru,+79510626138,bitrix24@andrkey.ru,https://www.1c-bitrix.ru/upload/iblock/b53/l4djhs3cqgxfacamrpxm26c2kwutemc1/andrkey_135x135.png,/partners/partner/11861732/,ru,2026-06-23T17:06:05+00:00
4050685,"Янковский Групп",https://b24-76no8n.bitrix24site.ru/,"+7 (495) 11-82-862",yankovskiy.aleksandr@gmail.com,https://www.1c-bitrix.ru/upload/iblock/8a2/d5ev15g2ncduj5wiv4ln1gahnat1kp1e/result_logo_8t2ykxgwr2.png,/partners/partner/4050685/,ru,2026-06-23T17:06:07+00:00
11692154,Структура,https://1structure.ru,"+7 (913) 646-75-04",info@1structure.ru,"https://www.1c-bitrix.ru/upload/iblock/13f/Структура 1.png",/partners/partner/11692154/,ru,2026-06-23T17:06:10+00:00
12871104,"ООО «СофтиКорп»",https://www.softicorp.ru,+74993752294,"soft@softicorp,ru",https://www.1c-bitrix.ru/upload/iblock/042/softicorp122.jpg,/partners/partner/12871104/,ru,2026-06-23T17:06:12+00:00
14608422,Караби,https://carabi.ru,,info@carabi.ru,"https://www.1c-bitrix.ru/upload/iblock/d86/01g8vzoggxy03o6iblsb6ujjeqw8sft4/Логотип Carabi А3 2020.png",/partners/partner/14608422/,ru,2026-06-23T17:06:15+00:00
20468148,CRM4Hotel,https://crm-4hotel.bitrix24site.ru,"+7 499 938-71-51",crm4hotel@yandex.ru,"https://www.1c-bitrix.ru/upload/iblock/bca/jkxw7bxw5ph1w1oekpwffrmvz2wbyjqc/лого (1).png",/partners/partner/20468148/,ru,2026-06-23T17:06:19+00:00
21762734,"IT Tools",https://www.tools-it.ru,+78333471250,info@tools-it.ru,"https://www.1c-bitrix.ru/upload/iblock/ca8/fo3u8ne332w03sllh9t6v99jcyizu7rm/Avatar 175х135.png",/partners/partner/21762734/,ru,2026-06-23T17:06:22+00:00
22704080,"IT DOLOV",https://dolov.bitrix24site.ru/,"8 (968) 199-92-74",itt.dolov@yandex.ru,"https://www.1c-bitrix.ru/upload/iblock/f6b/yldojvz171xae6j3b16iyn1qjlc1xgys/novyy_proekt_1x (2).png",/partners/partner/22704080/,ru,2026-06-23T17:06:24+00:00
27221502,Королёвство,https://koroleff.bitrix24site.ru/,+795220070222,Kopolev.EA@yandex.ru,https://www.1c-bitrix.ru/upload/iblock/9b9/1bixt9zn7lr2gzqxko8ab95vditlnn27/LOGOCROWNNEW135p.png,/partners/partner/27221502/,ru,2026-06-23T17:06:27+00:00
3923653,"TOP MAN DIGITAL",https://topman.dev,88612175130,zakaz@topman.dev,https://www.1c-bitrix.ru/upload/iblock/d9d/3irdlrgtqsgifpd07bjez5wd56iz1mat/logo_tmd.png,/partners/partner/3923653/,ru,2026-06-23T17:06:30+00:00
4617899,1PS.ru,https://1ps.ru/,8-800-500-89-91,admin@1ps.ru,https://www.1c-bitrix.ru/upload/iblock/514/j97w0p86yhhp408fh5enxlfqydrxsi2o/1ps_logo_small_175.png,/partners/partner/4617899/,ru,2026-06-23T17:06:33+00:00
5874855,СайтЭксперт,https://sitexpert.pro,"8 910 222 35 55",info@sitexpert.pro,"https://www.1c-bitrix.ru/upload/iblock/d5e/oe4iamfsclh2k6b44ph1f1gscmqq6gnz/Frame 35637.png",/partners/partner/5874855/,ru,2026-06-23T17:06:38+00:00
15434626,AIM,https://artemmalevanniy.com/,89062464009,artemmalevanniy@yandex.ru,"https://www.1c-bitrix.ru/upload/iblock/2f2/j1dh85044wgq4iilw287n4nsqdnz3jy1/2025-03-26_14-04-35 2.png",/partners/partner/15434626/,ru,2026-06-23T17:06:41+00:00
17412532,Алтиор,https://myaltior.ru,+79283322244,sale@myaltior.ru,https://www.1c-bitrix.ru/upload/iblock/520/6i3i2p32cbbg4z8ag156nc1unlwbqe31/imgonline-com-ua-Resize-Rvj5VT7kWX58N9EI.jpg,/partners/partner/17412532/,ru,2026-06-23T17:06:44+00:00
91364,xlogic,https://xlogic.ru/,"+ 7 921 307 12 39",xlogic.studio@yandex.ru,https://www.1c-bitrix.ru/upload/iblock/ba5/bnirazbtryi7a7vjs6x5w32yqmhkysmm/logo.jpg,/partners/partner/91364/,ru,2026-06-23T17:06:46+00:00
10749076,SipSpeak,https://sipspeak.ru,84993481988,contact@sipspeak.ru,https://www.1c-bitrix.ru/upload/iblock/3db/avbitrix24.jpg,/partners/partner/10749076/,ru,2026-06-23T17:06:49+00:00
16441576,"MB MODUL",https://mbmodul.ru/,+79194510001,a.uraltelecom@gmail.com,https://www.1c-bitrix.ru/upload/iblock/0e0/ms5mtt2ngjuw67dz4e2hyspbpvhyxpwo/рес.png,/partners/partner/16441576/,ru,2026-06-23T17:06:51+00:00
24348428,PBR,https://prof-bizness.ru,88003004325,prof-bizness@internet.ru,https://www.1c-bitrix.ru/upload/iblock/26f/2ak2sc5zz2ne7wcr6afnudpu1k3vllw0/pbr.png,/partners/partner/24348428/,ru,2026-06-23T17:06:54+00:00
201570,"ZAIV web development",https://zaiv.ru/,"+7 902 999 1230",info@zaiv.ru,https://www.1c-bitrix.ru/upload/iblock/7cf/logoZaivGray.png,/partners/partner/201570/,ru,2026-06-23T17:06:56+00:00
9215585,Smorodin.digital,https://smorodin.agency,(812)9571517,liqegroup@yandex.ru,"https://www.1c-bitrix.ru/upload/iblock/8eb/1m3ib0kbeyq0dngqbf8a5c4rovjspfal/Frame 11.png",/partners/partner/9215585/,ru,2026-06-23T17:06:59+00:00
10600270,"Legend (Легенда)",https://1leg.ru/,"8 (495)191 81 05",info@1leg.ru,"https://www.1c-bitrix.ru/upload/iblock/53e/0glnt97zzv8t5zxxg7pi0ehptgegk98z/legend-6 digital m (mal 150px бел фон).png",/partners/partner/10600270/,ru,2026-06-23T17:07:01+00:00
14413156,Урал-АйТи,https://ural-aiti.ru,"+7 (343) 211-09-37",info@ural-aiti.ru,https://www.1c-bitrix.ru/upload/iblock/339/sw2qmnvx7bqwligba4e4jb3qoyygje3n/logo_s.jpg,/partners/partner/14413156/,ru,2026-06-23T17:07:04+00:00
15895746,"Profy Code",https://profycode.pro,"+7 (995) 598-99-16",mail@profycode.pro,https://www.1c-bitrix.ru/upload/iblock/419/5d026sp2jef9lvzfe49q0oh9or4lhazf/profycode.png,/partners/partner/15895746/,ru,2026-06-23T17:07:06+00:00
17590818,МАЛСИБ,https://pozidis-pro.ru,"8 (800) 250-52-43",minders_07placebo@icloud.com,"https://www.1c-bitrix.ru/upload/iblock/0bb/wupewgf1kambozwm7q3bwpyayizpnamm/лого чбввв.png",/partners/partner/17590818/,ru,2026-06-23T17:07:11+00:00
22059168,"Волга онлайн",https://volga-online.bitrix24site.ru/,89872678233,online.volga@yandex.ru,https://www.1c-bitrix.ru/upload/iblock/a4a/rozvpqdkoa0ol08h1jepkh91i9v1j0wh/лого3х2_Б24.png,/partners/partner/22059168/,ru,2026-06-23T17:07:13+00:00
27599822,KHITEC,https://khitec.ru,+79196206382,timur@khitec.com,"https://www.1c-bitrix.ru/upload/iblock/87a/klxv4p573s5dmlf99bdme1wgmx1ailje/Screenshot 2026-02-02 at 13.41.32.png",/partners/partner/27599822/,ru,2026-06-23T17:07:16+00:00
200898,Сервис-ИТ,https://serviseit.ru,+79640555505,info@serviseit.ru,"https://www.1c-bitrix.ru/upload/iblock/5f4/244xh7cp5k28ybodlw0po88nm72fh427/logo для Битрикса.png",/partners/partner/200898/,ru,2026-06-23T17:07:18+00:00
287706,Программист,https://prog01.ru,"+7 8772 555-092",vitmus01@yandex.ru,https://www.1c-bitrix.ru/upload/iblock/7b2/logo_rus_147x301_transparentback.png,/partners/partner/287706/,ru,2026-06-23T17:07:21+00:00
712085,Сайт-Протект,https://www.site-protect.ru,+7(495)255-55-70,sales@site-protect.ru,https://www.1c-bitrix.ru/upload/iblock/c4c/su63pfdedshzxtn26kdwp944rl7qse9i/logo_sp.png,/partners/partner/712085/,ru,2026-06-23T17:07:23+00:00
1106520,PARUS,https://www.ra-parus.ru,"+7(499) 325-71-88",smirnov@ra-parus.ru,"https://www.1c-bitrix.ru/upload/iblock/72b/qdb07io1dtkltada1vbvt3kddzp2vbkd/logo (1).png",/partners/partner/1106520/,ru,2026-06-23T17:07:26+00:00
2487465,Chili.help,https://chilihelp.ru,8-800-700-39-43,help@chilihelp.ru,https://www.1c-bitrix.ru/upload/iblock/095/ChiliHelp_pepper.png,/partners/partner/2487465/,ru,2026-06-23T17:07:28+00:00
12659340,"CRM для Юриста",https://crm-jurist.bitrix24site.ru/,"+7 999 444-70-91",chernyshev@russland-deutsche.com,https://www.1c-bitrix.ru/upload/iblock/9e7/kej1f8syha0val614mb5mbo4w3zct850/Логотест.jpg,/partners/partner/12659340/,ru,2026-06-23T17:07:31+00:00
15971784,"Energy Team",https://www.energy-team.ru,"+7 4996499497",info@energy-team.ru,"https://www.1c-bitrix.ru/upload/iblock/75f/mxmj2c8qinsuv8g23c25hgnisdy9gk2o/фирменный знак_градиент (1).png",/partners/partner/15971784/,ru,2026-06-23T17:07:33+00:00
20618046,ЛОДЖИСОФТ,https://logisoft.ru/,"+7 (495) 374-70-17",info@logisoft.ru,https://www.1c-bitrix.ru/upload/iblock/f27/af050bqdncnorxbivqkrfmco5a1bol3x/Logisoft_H(175px).png,/partners/partner/20618046/,ru,2026-06-23T17:07:36+00:00
14929704,Траффик-Сервис,https://traffic-service.ru/,+74994442326,sale@traffic-service.ru,"https://www.1c-bitrix.ru/upload/iblock/383/cqctw8pr3v07ix5hus6ukqxg4rxzhhb8/WhatsApp Image 2024-07-08 at 12..jpg",/partners/partner/14929704/,ru,2026-06-23T17:07:38+00:00
16816774,"Егор Маганов",https://razrabota.ru,,egormaganov@yandex.ru,https://www.1c-bitrix.ru/upload/iblock/833/bhrf5rx6imdbye2mwtv1fkvay3t61jzs/logo.png,/partners/partner/16816774/,ru,2026-06-23T17:07:43+00:00
16901182,"iBusiness №1",https://i-business1.ru,+79779337257,am@i-business1.ru,"https://www.1c-bitrix.ru/upload/iblock/876/yo8m4y0ottspj5ix4f3tcgzq3tldvsw3/Лого 175.png",/partners/partner/16901182/,ru,2026-06-23T17:07:45+00:00
27662332,"Digital Ultimate",https://digitalultimate.bitrix24site.ru/,89253040057,ermilofff@vk.com,https://www.1c-bitrix.ru/upload/iblock/824/gf0rrm4758cl3uupzp6widbw4vhfjbhb/22.jpeg,/partners/partner/27662332/,ru,2026-06-23T17:07:48+00:00
28258362,СалютНова,https://salutnova.ru/,+79537078683,go@salutnova.ru,https://www.1c-bitrix.ru/upload/iblock/627/uevv23odefsuih7tiyr9aufkla38z1m7/Исходники-09.jpg,/partners/partner/28258362/,ru,2026-06-23T17:07:50+00:00
1516,Вебдока,https://webdoka.ru,"+7 (911) 147 11 00",sales@webdoka.ru,https://www.1c-bitrix.ru/upload/iblock/0a8/logo-webdoka.png,/partners/partner/1516/,ru,2026-06-23T17:07:53+00:00
14259,INFODAY,https://infodaymedia.com,"+ 7 495 768-27-94",company@infodaymedia.com,https://www.1c-bitrix.ru/upload/iblock/219/idm_logo_element.png,/partners/partner/14259/,ru,2026-06-23T17:07:56+00:00
33527,AVT.DIGITAL,https://avt.digital,"+7 (495) 543-43-46",hello@avt.digital,https://www.1c-bitrix.ru/upload/iblock/cc9/6fci6jb9nli203e5wi4awktcjtycht83/100x100.png,/partners/partner/33527/,ru,2026-06-23T17:07:58+00:00
65205,Olof,https://www.olof.ru,"+7 (908)0064444",olof@olof.ru,https://www.1c-bitrix.ru/upload/iblock/456/3xgzm2350xhsvur52nq6livov4nial56/logo.png,/partners/partner/65205/,ru,2026-06-23T17:08:01+00:00
93324,YaSite,https://yasite.ru,+79023323828,739778@mail.ru,https://www.1c-bitrix.ru/upload/iblock/dee/35.png,/partners/partner/93324/,ru,2026-06-23T17:08:03+00:00
104552,RKI,https://rki.bitrix24site.ru/,+79779560870,info@rki.ru,https://www.1c-bitrix.ru/upload/iblock/9fb/24y8haumhqmi3gy96oghqgrseddmpfzq/logoSign.jpg,/partners/partner/104552/,ru,2026-06-23T17:08:06+00:00
143393,Itees,https://www.itees.ru,"+7 (831) 212 35 25",sls@itees.ru,https://www.1c-bitrix.ru/upload/iblock/75e/logo_vertical_web_2014_175x135.png,/partners/partner/143393/,ru,2026-06-23T17:08:08+00:00
151266,"Цифровой регион",https://it45.ru,"+7 9617500977",it45@it45.ru,https://www.1c-bitrix.ru/upload/iblock/dd7/g0opkfcc6nmox0gaio7dy6loiwntpqzo/лого-для-битрикс.png,/partners/partner/151266/,ru,2026-06-23T17:08:11+00:00
161475,ЮвелирСофт,https://www.uvelirsoft.ru,"(4942) 39-20-37",moscow@uvelirsoft.ru,https://www.1c-bitrix.ru/upload/iblock/c09/logo_uvelirsoft_horizont.jpg,/partners/partner/161475/,ru,2026-06-23T17:08:16+00:00
164580,Неосистемы,https://neosystems.ru,"(8142) 67 21 20",promo@neosystems.ru,https://www.1c-bitrix.ru/upload/iblock/603/dev_logo.gif,/partners/partner/164580/,ru,2026-06-23T17:08:18+00:00
173756,"Prof IT (Проф Ай Ти)",https://www.softprof-it.ru,"(495) 514-8862",info@softprof-it.ru,https://www.1c-bitrix.ru/upload/iblock/092/8ox94uuhimsw8db59kzr4dt2zozb0c1e/logo.png,/partners/partner/173756/,ru,2026-06-23T17:08:21+00:00
212316,"Web-Art студия",http://studio52nn.ru,"(831) 413-19-88",studio-nn@ya.ru,https://www.1c-bitrix.ru/upload/iblock/c66/znak.jpg,/partners/partner/212316/,ru,2026-06-23T17:08:23+00:00
213797,"Терминал дизайн",https://www.terminaldesign.ru/,"7 812 448 1220",terminal@terminaldesign.ru,https://www.1c-bitrix.ru/upload/iblock/345/logoA.gif,/partners/partner/213797/,ru,2026-06-23T17:08:26+00:00
220167,"Novastar digital production",https://novastar.su/,"+7 (950) 154-00-00",contact@novastar.su,https://www.1c-bitrix.ru/upload/iblock/e8b/ab4/logo.png,/partners/partner/220167/,ru,2026-06-23T17:08:28+00:00
223782,CONTROLiX,https://controlix.ru/,"8 (903) 557-40-87",controlix@yandex.ru,https://www.1c-bitrix.ru/upload/iblock/9b9/60fbbco724lwp0l0xdx3ycfdg1e82b2x/logo_copy_1x.png,/partners/partner/223782/,ru,2026-06-23T17:08:31+00:00
235482,"Физики и Лирики",https://fizikiiliriki.ru/,"+7 911 615 38 85",support@fizikiiliriki.ru,https://www.1c-bitrix.ru/upload/iblock/e8a/i5yyry6jkdb9gyl373m8sl3im4hrfsx0/avatar.png,/partners/partner/235482/,ru,2026-06-23T17:08:33+00:00
237214,ЮниПлаг,http://uniplug.ru/,"+7 (495) 988-79-98",contact@uniplug.ru,https://www.1c-bitrix.ru/upload/iblock/61d/uniplug_logo_hover.png,/partners/partner/237214/,ru,2026-06-23T17:08:36+00:00
245513,"Веб-студия binardi",https://www.binardi.ru,"+7 812 408-10-12",info@binardi.ru,https://www.1c-bitrix.ru/upload/iblock/986/175.png,/partners/partner/245513/,ru,2026-06-23T17:08:39+00:00
320554,G-Lab,https://www.g-lab.ru,"+7 (495) 225 9995",info@g-lab.ru,https://www.1c-bitrix.ru/upload/iblock/716/logo-g-lab-170x400.png,/partners/partner/320554/,ru,2026-06-23T17:08:41+00:00
327027,Kaoma.ru,https://www.kaoma.ru,"+7 (916) 533-95-39",admin@kaoma.ru,"https://www.1c-bitrix.ru/upload/iblock/ec6/7kw74dq3yjaoji2z9r0esatycc9nhcyz/logotype 175 k.png",/partners/partner/327027/,ru,2026-06-23T17:08:44+00:00
334508,seocomplex,https://seocomplex.ru/,"+7 (495) 22-55-402",order@seocomplex.ru,https://www.1c-bitrix.ru/upload/iblock/e4d/i1kpclpb0kxilaytfotr5x7ipr5watew/jira-logo-scaled.png,/partners/partner/334508/,ru,2026-06-23T17:08:49+00:00
336901,"Мастерская информационных технологий",https://mit24.ru,"+7 (918) 657-13-14",info@mit24.ru,https://www.1c-bitrix.ru/upload/iblock/a99/logo-new-256.png,/partners/partner/336901/,ru,2026-06-23T17:08:51+00:00
350085,"Веб мастерская",https://mactersait.ru,"8(4852) 93 - 03 - 25",wm@mactersait.ru,https://www.1c-bitrix.ru/upload/iblock/f0a/logo-wm-new11.png,/partners/partner/350085/,ru,2026-06-23T17:08:54+00:00
361142,WEBMASTER95,https://webmaster95.ru,"8 (8712) 29-62-30; 8 (960) 440-12-12; 8 (928) 020-52-70","webmaster95@mail.ru; sale@softyou.ru",https://www.1c-bitrix.ru/upload/iblock/bb9/wm95.jpg,/partners/partner/361142/,ru,2026-06-23T17:08:56+00:00
426831,Интегратор,https://www.Sadko.biz,"+7 3412 676555",info@sadko.biz,https://www.1c-bitrix.ru/upload/iblock/a2d/logo_sadko.png,/partners/partner/426831/,ru,2026-06-23T17:08:59+00:00
442354,"X5 studio",https://x5studio.ru/vnedrenie_bitriks24?utm_source=bitriх4,"+7 (863) 310-54-57",UAAlekseeva@1cbit.ru,https://www.1c-bitrix.ru/upload/iblock/65f/f3knxrsch58o62y69gfvkrl1xnv4edrh/175.png,/partners/partner/442354/,ru,2026-06-23T17:09:01+00:00
471663,ВебФронт,https://webfront.ru,"8 (863) 2566-552",info@webfront.ru,https://www.1c-bitrix.ru/upload/iblock/6f8/logo2.jpg,/partners/partner/471663/,ru,2026-06-23T17:09:03+00:00
581053,Pimenow,https://pimenow.ru,"+7 920 370-28-65",a@iniv.ru,https://www.1c-bitrix.ru/upload/iblock/d12/LogoMini.jpg,/partners/partner/581053/,ru,2026-06-23T17:09:06+00:00
896460,U-CloudS,https://u-clouds.com,"+7 (800) 511-80-82",services@u-clouds.com,https://www.1c-bitrix.ru/upload/iblock/c29/v53098cqkfrkrpmju4e9tqivefym8d4t/Logo_U-CloudS_RGB_Red_AC_127_55.png,/partners/partner/896460/,ru,2026-06-23T17:09:08+00:00
901268,"Digital-агентство Atomic",https://atomic-digital.ru,"+7 (495) 374-58-11",bitrix24@atomic-digital.ru,https://www.1c-bitrix.ru/upload/iblock/cb3/bit.png,/partners/partner/901268/,ru,2026-06-23T17:09:11+00:00
1038523,Аспробит,https://asprobit.ru/,"8 (800) 550-41-09",info@asprobit.ru,https://www.1c-bitrix.ru/upload/iblock/1f7/7mrvcbqb87u1896xtype42a7lmt72fin/sign-black.png,/partners/partner/1038523/,ru,2026-06-23T17:09:13+00:00
1114393,"Easy IT",https://easy-it.ru/,"8 (495) 481-33-29",eu@easy-it.ru,https://www.1c-bitrix.ru/upload/iblock/d64/dmhk1uz1o6p5bgcd678kfx3ylbs8txjd/logo_dlya_bitrix.png,/partners/partner/1114393/,ru,2026-06-23T17:09:15+00:00
1187180,LogicTim,http://logictim.ru/,"+7 (843) 212-62-17",info@logictim.ru,https://www.1c-bitrix.ru/upload/iblock/1b9/pw64a9vv73q5nqdnm17la1ckaj1crs34/logo.png,/partners/partner/1187180/,ru,2026-06-23T17:09:20+00:00
1412309,Киберэтика,https://cyberetica.ru/,"+7 (965) 781-55-12",pro@cyberetica.ru,https://www.1c-bitrix.ru/upload/iblock/0d7/3wwn06jnagfj7i61hn79qmh5d10muky2/cyberlo.png,/partners/partner/1412309/,ru,2026-06-23T17:09:23+00:00
1460385,Brosto.Pro,https://http:/brosto.pro,"8(861)213-93-21, 8(861)217-57-10",bitrix24@brosto.pro,"https://www.1c-bitrix.ru/upload/iblock/0d7/g0zqomzay70ht02uamf2iumaepcx52px/1 (3).png",/partners/partner/1460385/,ru,2026-06-23T17:09:25+00:00
1499358,"Регион ИТ",http://www.regionit.com,"+7 (918) 356-84-40",info@regionit.com,https://www.1c-bitrix.ru/upload/iblock/981/ih99gkico81z6malmceqopo4629p6opw/result_photo_2025-02-13_12-39-33.jpg,/partners/partner/1499358/,ru,2026-06-23T17:09:28+00:00
1537274,ГрандСофт,https://www.grandsoft.dev,+79133629817,sds@grandsoft.dev,https://www.1c-bitrix.ru/upload/iblock/634/0fv65ua6cx2b8ll1k3ukqmyu8p4inj71/logo.png,/partners/partner/1537274/,ru,2026-06-23T17:09:30+00:00
5174135,L-Digital,https://l-digital.ru,"8 (800) 600-63-22",Info@l-digital.ru,"https://www.1c-bitrix.ru/upload/iblock/550/на светлый фон.png",/partners/partner/5174135/,ru,2026-06-23T17:09:32+00:00
5804797,SuperCRM,https://mysupercrm.ru,"8 495 109 25 82",supercrm@supercrm.pro,"https://www.1c-bitrix.ru/upload/iblock/9dd/a0xhcmcssasnxv6logdbey0vfmlhoo1o/Снимок экрана 2021-12-09 в 17.24.58.png",/partners/partner/5804797/,ru,2026-06-23T17:09:35+00:00
6078181,SP-Advert,https://sp-advert.ru/,+79032780904,info@sp-advert.ru,https://www.1c-bitrix.ru/upload/iblock/a6d/sp-advert-3.png,/partners/partner/6078181/,ru,2026-06-23T17:09:37+00:00
6398811,SEOLAND,https://seoland.ru,89260055407,sell@seoland.ru,"https://www.1c-bitrix.ru/upload/iblock/fbe/xqmtmnd0l5pnkke4nggbz0ov9bxa3ih0/logo копия.jpg",/partners/partner/6398811/,ru,2026-06-23T17:09:40+00:00
6873917,"DEV 05RU",https://dev05ru.bitrix24site.ru/,"(8722) 51-51-51",deevilx@gmail.com,https://www.1c-bitrix.ru/upload/iblock/ec4/logo_small.png,/partners/partner/6873917/,ru,2026-06-23T17:09:42+00:00
6877237,ORI-Group.TOP,https://ori-group.top/,"+7 (995) 159-37-58",info@origami-group.ru,https://www.1c-bitrix.ru/upload/iblock/2d0/w8i9vtxc0b9qss3lytjjudyfkzltcrxz/logo-ori.png,/partners/partner/6877237/,ru,2026-06-23T17:09:45+00:00
6883313,"IT Up",https://it-up.org,"+7 (951) 153-47-77",info@it-up.org,https://www.1c-bitrix.ru/upload/iblock/6a8/d61fr2bix39bvlaiq436ygyi90lj4b8v/IT-Up_for_tg.png,/partners/partner/6883313/,ru,2026-06-23T17:09:47+00:00
6976981,ДекоСайт,https://dekosait.ru,"+7 (383) 287-21-37",info@dekosait.ru,https://www.1c-bitrix.ru/upload/iblock/f1c/20d20o82oz1o3uo7145ybeqbzy7ma70c/big-512-jpeg.jpg,/partners/partner/6976981/,ru,2026-06-23T17:09:52+00:00
7486403,"IT-студия «Алдан»",http://alldone.online/,"+7 (4742) 377-955",mail@alldone.online,https://www.1c-bitrix.ru/upload/iblock/d1b/logo135.png,/partners/partner/7486403/,ru,2026-06-23T17:09:55+00:00
7926241,UpdateCRM,https://updatecrm.bitrix24site.ru,"+7 (499) 283-65-69",fuji112@mail.ru,https://www.1c-bitrix.ru/upload/iblock/d58/g719c5ehyk3lkq2w6ux5oin5kkj4yp87/Screenshot_88.jpg,/partners/partner/7926241/,ru,2026-06-23T17:09:57+00:00
7930353,Цифросила,https://cfsila.ru/,+79852987788,bsv@cfsila.ru,https://www.1c-bitrix.ru/upload/iblock/d7a/fmsg3iae3bx1utoko0me2s9n1dfb5lrt/цифросила.png,/partners/partner/7930353/,ru,2026-06-23T17:09:59+00:00
7996733,Скриптогенератор,https://scriptogenerator.ru,"+7 (913) 597 73 54",help@scriptogenerator.ru,"https://www.1c-bitrix.ru/upload/iblock/c44/лого_small 4.png",/partners/partner/7996733/,ru,2026-06-23T17:10:02+00:00
8234325,BizApps,https://web.biz-apps.ru,"8 (495) 150-31-07",info@biz-apps.ru,https://www.1c-bitrix.ru/upload/iblock/f89/t1m3awpntz6rcrje2ia95fp81bd3vylw/logo.png,/partners/partner/8234325/,ru,2026-06-23T17:10:04+00:00
8295971,НИИЦТ,https://www.mipniict.ru,"+7 (495) 185 60 89",info@mipniict.ru,https://www.1c-bitrix.ru/upload/iblock/770/logo3.jpg,/partners/partner/8295971/,ru,2026-06-23T17:10:07+00:00
9975567,Tonweb,https://tonweb.ru,"+7 (900) 453-25-52",tonweb@ya.ru,https://www.1c-bitrix.ru/upload/iblock/54f/uruf6glsmo64yqnh1squ7t8k10lqjw9q/tonweb-transparent-black-175x135.png,/partners/partner/9975567/,ru,2026-06-23T17:10:09+00:00
9981995,Персонал-решения,https://prhh.ru,"8 927 667-33-93",pr@prhh.ru,"https://www.1c-bitrix.ru/upload/iblock/12a/логотип полный 175.jpg",/partners/partner/9981995/,ru,2026-06-23T17:10:12+00:00
10279401,АйТиБи,http://айтиби.рф/,+79788938565,itb-24@ya.ru,https://www.1c-bitrix.ru/upload/iblock/2f1/yqzl39q255n6aw4vj4jsubzv12e9nywr/ITB_logo.png,/partners/partner/10279401/,ru,2026-06-23T17:10:14+00:00
11077782,АйТиДи,https://www.it-d.it,+78123097111,info@it-director.it,https://www.1c-bitrix.ru/upload/iblock/cab/ITD-app-128-s2.png,/partners/partner/11077782/,ru,2026-06-23T17:10:17+00:00
11547876,"SL Consulting",https://slcons.ru,"+7 (980) 9601880",info@slcons.ru,https://www.1c-bitrix.ru/upload/iblock/9ae/logo_131x102.jpg,/partners/partner/11547876/,ru,2026-06-23T17:10:20+00:00
11638818,"Сервисный Интегратор «Инсайт»",https://insight.bitrix24site.ru/,"+7 (952) 313-95-98",info@v-tochku.biz,https://www.1c-bitrix.ru/upload/iblock/4da/ifzuyh3xynaq2we2rtu1y326fo5y4ttq/Insight24-Service-Integrato-175x135r.png,/partners/partner/11638818/,ru,2026-06-23T17:10:25+00:00
11651088,Topsvil,https://topsvil.ru,"+7 9647265730",info@topsvil.ru,"https://www.1c-bitrix.ru/upload/iblock/b1b/nepjitz2moudrv590eiwjppalrb5pzet/Topsvil logo.jpg",/partners/partner/11651088/,ru,2026-06-23T17:10:27+00:00
11749470,"Black & White Group",https://b-w-group.ru/,+79102232027,info@b-w-group.ru,https://www.1c-bitrix.ru/upload/iblock/467/logow1.jpg,/partners/partner/11749470/,ru,2026-06-23T17:10:29+00:00
12257930,Веб-Ресурс,https://resourceweb.ru,+79624423638,info@resourceweb.ru,https://www.1c-bitrix.ru/upload/iblock/077/z9xihj7nxbld54o6ot1udxdtn0gtnlgq/Лого-Партнер-Битрикс24.jpg,/partners/partner/12257930/,ru,2026-06-23T17:10:32+00:00
12497810,"FreeStyle Group",https://freestylegroup.ru/,+79990500555,info@freestylegroup.ru,https://www.1c-bitrix.ru/upload/iblock/7c9/p1j1m4nsm3ksh75e7anw274e9vnx3whb/fs-logo.png,/partners/partner/12497810/,ru,2026-06-23T17:10:34+00:00
13076278,ТР-СОФТ,https://trsoft.bitrix24site.ru,+79043317922,zinin@trsoft-spb.ru,https://www.1c-bitrix.ru/upload/iblock/9ac/kmofecpwh385ebm1wdqb46ifp6s1c68v/logo_soft.jpg,/partners/partner/13076278/,ru,2026-06-23T17:10:37+00:00
13415494,"PBX PROFI",https://pbx-profi.ru,88003011527,mail@pbx-profi.ru,https://www.1c-bitrix.ru/upload/iblock/7fd/cuixtrl2narncum3prtpa0q6jmmsju7n/ava-bx.png,/partners/partner/13415494/,ru,2026-06-23T17:10:39+00:00
13501306,"MT Media",https://mt-media-group.ru/,89955963288,hello@mt-media-group.ru,"https://www.1c-bitrix.ru/upload/iblock/72a/mammrxcy8c4933se8ijzlyssk4kwjr3f/iScreen Shoter - 20241205212532817 (1).jpg",/partners/partner/13501306/,ru,2026-06-23T17:10:42+00:00
13684448,SWBDigital,https://swb-dgtl.ru/,89655854769,office@swb-dgtl.ru,https://www.1c-bitrix.ru/upload/iblock/265/a6geoewyskpnmncyaoszbuvm0ac6iu08/Logo-blue.new.v2.b24.png,/partners/partner/13684448/,ru,2026-06-23T17:10:45+00:00
14099726,Артальт,https://artalt.ru,+79236173800,info@artalt.ru,https://www.1c-bitrix.ru/upload/iblock/a30/0eonvocmohoaf77uu32cb4zo8q7h9t7z/Артальт2.jpg,/partners/partner/14099726/,ru,2026-06-23T17:10:48+00:00
14206078,VEROL,https://verolof.ru,"+7 964 940 78 84",verol.net1@gmail.com,"https://www.1c-bitrix.ru/upload/iblock/fcc/ctewdbxa845jb14mkoylsgx77akooe7l/лого Верол (1).jpg",/partners/partner/14206078/,ru,2026-06-23T17:10:51+00:00
14320430,"Ай-Ти Эксперт",https://it-expert.bitrix24site.ru/,+79918086305,azubarev.pro@yandex.ru,"https://www.1c-bitrix.ru/upload/iblock/c19/tigla4ltw3nbpseoi0r9q7wzpb9ovujj/Ай-Ти лого.png",/partners/partner/14320430/,ru,2026-06-23T17:10:53+00:00
14437862,Дивью,https://dvue.ru,+79037292723,dvue@dvue.ru,https://www.1c-bitrix.ru/upload/iblock/90a/1ng5jcvrr00a6f5353k7kywz0l2jr6qs/logo_sq.png,/partners/partner/14437862/,ru,2026-06-23T17:11:00+00:00
15097218,IT|RE:ШЕНИЕ,https://www.itreshenie.pro,+79959965856,info@itreshenie.pro,https://www.1c-bitrix.ru/upload/iblock/2d8/726kacu8tjkt5skmu167ottyk0vmxqbp/IT.jpg,/partners/partner/15097218/,ru,2026-06-23T17:11:02+00:00
15262328,"Digital Character",https://character39.ru/,+79520606570,vasilii@character39.ru,"https://www.1c-bitrix.ru/upload/iblock/26f/tvea69xjj4hlmb6crjnq06xt9zmi5i7r/175 лого.png",/partners/partner/15262328/,ru,2026-06-23T17:11:05+00:00
15284424,Аксиль,https://axxil.ru,"+7 (499) 301-74-75",support@axxil.ru,"https://www.1c-bitrix.ru/upload/iblock/bb5/vupkfszak0gc70pyd0tkhqflsci2b9fx/Axxil horizont.png",/partners/partner/15284424/,ru,2026-06-23T17:11:08+00:00
15583582,Runicode,https://runicode.com,+74951501575,bx@runicode.ru,"https://www.1c-bitrix.ru/upload/iblock/32d/w6ss2o9r1js7k22guj9kw3s82voakkp4/Untitled (3).png",/partners/partner/15583582/,ru,2026-06-23T17:11:10+00:00
15902280,IntentMedia,https://intentmedia.bitrix24site.ru,"+7 (967) 000-02-36",salebitrix24@intentmedia.ru,"https://www.1c-bitrix.ru/upload/iblock/132/sn5upbq3o6ardrfqicrh23e9vlmcwbgn/Доработанный логотип.png",/partners/partner/15902280/,ru,2026-06-23T17:11:13+00:00
16322146,"Nakhapetoff Consulting Group",https://nakhapetoff.ru,+79182908899,yannakhapetoff@yandex.ru,"https://www.1c-bitrix.ru/upload/iblock/c97/brr15vwoekwh6k222juldg1ca3hh5qve/Group 2 (1)-fotor-20240530182952.png",/partners/partner/16322146/,ru,2026-06-23T17:11:16+00:00
16427470,CRM-integrator,https://crmintegrator24.bitrix24site.ru,89284747672,crm.integrator@yandex.ru,https://www.1c-bitrix.ru/upload/iblock/981/1pivkmvt8kcdbf7fcy9agjs34zrrvmcv/logo_175x135.png,/partners/partner/16427470/,ru,2026-06-23T17:11:18+00:00
16747984,IDigital,https://idigital72.ru,+79504980120,zakaz@idigital72.ru,https://www.1c-bitrix.ru/upload/iblock/c99/7w2aac9a2w9712q4758ib2big12qy89t/лого.png,/partners/partner/16747984/,ru,2026-06-23T17:11:21+00:00
16822826,"Netiv CRM",https://netivcrm.ru/,"+7 918 430 1078",g.marketing.rus@gmail.com,https://www.1c-bitrix.ru/upload/iblock/7d2/uy3hh0w6fhbpa3lcbzfyb5odavgnlzle/netiv_logo_135x135.png,/partners/partner/16822826/,ru,2026-06-23T17:11:23+00:00
17010642,"ГК Электронные системы",https://systems73.ru/,"8(8422) 58-18-06",docsustems@yandex.ru,"https://www.1c-bitrix.ru/upload/iblock/c9f/oy6g2ubls1o29hgpx623k1gvw0qrefdr/Электронные системы.png",/partners/partner/17010642/,ru,2026-06-23T17:11:26+00:00
17332586,ABrosko,https://abrosko-studio.ru/,"+7 963 161-82-24",info@abrosko.ru,"https://www.1c-bitrix.ru/upload/iblock/ca9/72ccyv79d96drm2ampcq3feo8ys39zei/Лого маленький.png",/partners/partner/17332586/,ru,2026-06-23T17:11:28+00:00
17465960,"Профит Адванс",https://artemsenyukov.ru/profitadvance/,89214666053,asenyukov@yandex.ru,"https://www.1c-bitrix.ru/upload/iblock/0cc/ym1p1x8i1wc70n4ezkehv3jip7m6rr78/логотип профит адванс.png",/partners/partner/17465960/,ru,2026-06-23T17:11:33+00:00
17739940,ЦифроБизнес.рф,https://цифробизнес.рф,+79165667391,info@cifrobuisness.ru,"https://www.1c-bitrix.ru/upload/iblock/6a7/imrmmfj6nljivcjw8iuq5rlo95n86s7s/ЦифроБизнес copy.png",/partners/partner/17739940/,ru,2026-06-23T17:11:36+00:00
17831140,InoWeb,https://inoweb22.ru/,"+7 (983) 396-26-59",info@inoweb22.ru,https://www.1c-bitrix.ru/upload/iblock/f2c/tqzdvnxffcxlf74e3dqwdvfcyy2to902/Untitled_logo_2_free-file.png,/partners/partner/17831140/,ru,2026-06-23T17:11:39+00:00
18094548,АльтаЦРМ,https://altacrm.ru,+79536826628,info@altacrm.ru,"https://www.1c-bitrix.ru/upload/iblock/543/01194dr4ms8nfcezwrk0z5lcyq0d3qzz/logo (1).png",/partners/partner/18094548/,ru,2026-06-23T17:11:41+00:00
18268924,ExSmart,https://exsmart.bitrix24site.ru,89520348185,info@exsmart.ru,https://www.1c-bitrix.ru/upload/iblock/550/gxxteyjeoiyfv56jiwwxzkd4vut4z0m2/exsmart_mini.jpg,/partners/partner/18268924/,ru,2026-06-23T17:11:44+00:00
18890980,РуБит24,https://rubit24.ru,,info@rubit24.ru,https://www.1c-bitrix.ru/upload/iblock/ebf/uezdnzr6z2e9qbeg043jb28enugrxhsn/175x135.png,/partners/partner/18890980/,ru,2026-06-23T17:11:46+00:00
18915032,СИКУРС,https://sikurs.bitrix24site.ru,+79963360861,sikkurs@internet.ru,"https://www.1c-bitrix.ru/upload/iblock/875/rozuzsob0fhjl44lx6jo7vstz2g3fg75/словесный лого small.png",/partners/partner/18915032/,ru,2026-06-23T17:11:49+00:00
19266818,"SaaS business",https://www.saas-bs.ru,+7343-266-40-01,work@saasbs.ru,https://www.1c-bitrix.ru/upload/iblock/4a0/gcj5iks3vy51oy6ucmnjgmp8d9x73ph8/175_123.jpeg,/partners/partner/19266818/,ru,2026-06-23T17:11:52+00:00
19541386,Sam-24,https://sam-24.ru/,+79885358687,info@sam-24.ru,https://www.1c-bitrix.ru/upload/iblock/934/zux3nrffkakqevfic3rgvxx8dhk89j9j/logo-5-small.jpg,/partners/partner/19541386/,ru,2026-06-23T17:11:54+00:00
19732552,Волгахайм,https://connect-mir.ru/,+79275105830,chef@volgaheim.com,https://www.1c-bitrix.ru/upload/iblock/66a/tsm2pyknjpr62xiqsiwoeurfb5159qal/Логотип.png,/partners/partner/19732552/,ru,2026-06-23T17:11:57+00:00
19959590,КОМПСЕТИ,https://kompseti.ru,"+7 (495) 19 19 620",info@kompseti.ru,"https://www.1c-bitrix.ru/upload/iblock/196/fv5h899oabr16fp3bhfywja78e9gd72p/Логотип PNG Для битрикс.png",/partners/partner/19959590/,ru,2026-06-23T17:12:00+00:00
20117104,Anfox,http://anfox-biz.ru/,,a.s.koposova@mail.ru,"https://www.1c-bitrix.ru/upload/iblock/bab/zm90lcg59hgij0742hj0rawy16zvle7v/Frame 124861.jpg",/partners/partner/20117104/,ru,2026-06-23T17:12:02+00:00
20226138,ИНИСТЭК,https://inistek.ru,"+7 499 4762356",info@inistek.ru,https://www.1c-bitrix.ru/upload/iblock/edd/g3k50o54vwsztyt8cxoy1eoq0c8qxdbn/INS3.png,/partners/partner/20226138/,ru,2026-06-23T17:12:08+00:00
20606762,"Upgrade PRO",https://upgrd.pro/,+79879991881,mail@upgrad.pro,"https://www.1c-bitrix.ru/upload/iblock/faa/8kv43ubs8k7o7mdxwiq2hukqoygy3zkh/Логотип (4).jpg",/partners/partner/20606762/,ru,2026-06-23T17:12:10+00:00
21060848,САКУРАВЕБ,https://sakura-web.ru/,+79809518703,info@sakura-web.ru,https://www.1c-bitrix.ru/upload/iblock/d4d/zw9ry02onamkgnqv6pblw5d46af0i7p5/5bdc05e3-1deb-4253-95e4-d3e6f8044304.png,/partners/partner/21060848/,ru,2026-06-23T17:12:13+00:00
21066794,А-СЕРВЕРС,http://a-servers.ru,+78007004288,manager@a-servers.ru,https://www.1c-bitrix.ru/upload/iblock/bb7/79uyglkwbapi2dzdj40msm8azvg1ytxc/LOGO.png,/partners/partner/21066794/,ru,2026-06-23T17:12:16+00:00
21151296,"Смарт Тим Сервис",https://smart-ts.ru,"+7 916 943 1551",info@smart-ts.ru,https://www.1c-bitrix.ru/upload/iblock/5b0/u8blvqlagphz6wvdhu03t7ys75m1y0ry/Логотип_STS_png_small.png,/partners/partner/21151296/,ru,2026-06-23T17:12:18+00:00
21659204,GeniusWeb,https://geniusweb.ru,+79158736412,fiediaiev@inbox.ru,https://www.1c-bitrix.ru/upload/iblock/8cf/ssbpfrh3fpkprimflo7u3chxta0dpnbz/Frame_cust.png,/partners/partner/21659204/,ru,2026-06-23T17:12:21+00:00
21695006,"Автоматизация Бизнес Процессов",https://1sabp.ru,"8 927 263 12 30",vk-vympel@yandex.ru,https://www.1c-bitrix.ru/upload/iblock/fea/niytfcq1br012htntiwb87o9td5zgpaw/logo.png,/partners/partner/21695006/,ru,2026-06-23T17:12:23+00:00
21981192,"ДМ Базис",https://dmbasis.ru/,"+ 7 (495) 721-18-66",info@dmbasis.ru,"https://www.1c-bitrix.ru/upload/iblock/ece/af3eh8owahp4k0ecu2lnxxkdn1b46i8k/logo (1).png",/partners/partner/21981192/,ru,2026-06-23T17:12:26+00:00
22529326,БКант,https://bkant.bitrix24site.ru/,+79617339595,ismailov.ibragim.94@mail.ru,"https://www.1c-bitrix.ru/upload/iblock/5e3/lhccmkjtki44s31dt2tm4bdt0k4oqj3d/логотип бкант.jpg",/partners/partner/22529326/,ru,2026-06-23T17:12:28+00:00
22549958,"Бизнес Кодекс",https://businesscodex.bitrix24site.ru,"+7 (911) 087-75-65",info@businesscodex.ru,https://www.1c-bitrix.ru/upload/iblock/8f7/su0w96xqhwq0np9m8ozjuwdi9s6a9os1/logo.png,/partners/partner/22549958/,ru,2026-06-23T17:12:31+00:00
22956162,ФИНТЕХ.ПРО,https://fintech-pro.ru/,89777896769,info@fintech-pro.ru,https://www.1c-bitrix.ru/upload/iblock/9b3/1cklg6cauf24yt8lcq9ua0ae240il98s/175_logo_ftp.png,/partners/partner/22956162/,ru,2026-06-23T17:12:34+00:00
23460370,"Rocket Lab",https://rocketlab.bitrix24site.ru,+79202985035,maksim@rocketlab.bz,"https://www.1c-bitrix.ru/upload/iblock/e35/303wg4tbnaevxl9lr9h4yo26wlrjdttt/Frame 5.jpg",/partners/partner/23460370/,ru,2026-06-23T17:12:36+00:00
24155000,G2M,https://g2m.pro,+74954765500,client@g2m.pro,"https://www.1c-bitrix.ru/upload/iblock/50d/byfaycyl0co5yooo12i2irpgb6s2sikl/G2M Logo Horizontal.png",/partners/partner/24155000/,ru,2026-06-23T17:12:43+00:00
24158118,YARRO-CRM,https://yarro-crm.ru/,"+7 993 387-37-11",qosrori@gmail.com,https://www.1c-bitrix.ru/upload/iblock/9b8/wkavq7amggg2mfpfkpdyb8opf812mmfc/yarro-crm.jpg,/partners/partner/24158118/,ru,2026-06-23T17:12:45+00:00
24316952,JENITICS,https://jenitics.ru/,+79774805075,main@jenitics.ru,https://www.1c-bitrix.ru/upload/iblock/9c8/umaprwwisfb30319687qcdb2p43hvikl/LogoTop.png,/partners/partner/24316952/,ru,2026-06-23T17:12:48+00:00
24383080,АмурКод,https://amurcode.ru,+79144151600,info@amurcode.ru,https://www.1c-bitrix.ru/upload/iblock/2b2/c955t05u23fxmfjwcyk0hyygzturfm56/favicon-128x128.png,/partners/partner/24383080/,ru,2026-06-23T17:12:50+00:00
24399738,"Сетевой Один",https://digital-odin.bitrix24site.ru/,"+7 915 479-57-15",SalesOfOdin@digital-odin.com,https://www.1c-bitrix.ru/upload/iblock/8a3/n25bwk22bvkzwgec5a6ia7n2n663vsdu/2__1_-removebg-preview.png,/partners/partner/24399738/,ru,2026-06-23T17:12:53+00:00
24554730,Aimatics,https://aimatics.ru,+79241124000,info@aimatics.ru,https://www.1c-bitrix.ru/upload/iblock/e8d/s8ur6vjkk2rq2o91dsmugla3900ebxjo/Aimatics_logo_green_сайт.png,/partners/partner/24554730/,ru,2026-06-23T17:12:56+00:00
24846980,SBR-GROUP,https://sbr-group.ru/,"+7(926) 200-14-20",sale@sbr-group.ru,"https://www.1c-bitrix.ru/upload/iblock/d07/t1rw9tsaw8wr7iajp5dwmiewvl6hkcn3/лого SBR GROUP_сжатый.png",/partners/partner/24846980/,ru,2026-06-23T17:12:58+00:00
24852786,"Black Panda",http://blackpanda58.ru/,+79374208000,imedia.popova@yandex.ru,"https://www.1c-bitrix.ru/upload/iblock/194/7mc9txa3y8u442zftfsg547cra5qf5va/Снимок экрана 2025-04-10 в 15.43.56.png",/partners/partner/24852786/,ru,2026-06-23T17:13:01+00:00
24955906,"Артем Дармаев",https://itdarmaev.ru,+79371967232,ip.darmaev@mail.ru,https://www.1c-bitrix.ru/upload/iblock/1b0/rrxssdeqx4gmrk2nafvzj0u4dvj9x8cf/logo11.png,/partners/partner/24955906/,ru,2026-06-23T17:13:03+00:00
25267324,"Сервис Лайн",https://Servicline.ru,"8 (495)133-59-72",support@servicline.ru,https://www.1c-bitrix.ru/upload/iblock/0af/6ljx3rnfxr017mdpa6s5b5co6s4pr9sj/company_logo_135_css_30.png,/partners/partner/25267324/,ru,2026-06-23T17:13:06+00:00
96666,"WEB IMAGE",https://web-image.su,"+7 993 637 2810",mail@web-image.ru,https://www.1c-bitrix.ru/upload/iblock/9a0/yjf95h31igsyjpkdbnyhoehecdsyoywk/logo512x512.png,/partners/partner/96666/,ru,2026-06-23T17:13:09+00:00
643548,Анлат,https://anlat.ru/,+79809332764,sales@anlat.ru,https://www.1c-bitrix.ru/upload/iblock/a7c/7er2zcq9ck303h7aa94k2i27z3hqmpp1/favicon120.png,/partners/partner/643548/,ru,2026-06-23T17:13:11+00:00
852798,Lokipage,https://lokipage.bitrix24site.ru/,+7(964)342-88-64,,"https://www.1c-bitrix.ru/upload/iblock/694/9av7gck25516ghfzs0t5n2osckij2coq/logo (1) (1).png",/partners/partner/852798/,ru,2026-06-23T17:13:16+00:00
1030758,MEDIA-GURU,https://media-guru.ru,"+7 (495) 018-38-37",info@media-guru.ru,https://www.1c-bitrix.ru/upload/iblock/57f/rbtsfkx6n82irer02143egtgy2u9enjd/logo.png,/partners/partner/1030758/,ru,2026-06-23T17:13:18+00:00
1916635,Бизнес-Сенсорика,https://bsens.ru/,"+7 (3452) 683-504",mg@bsens.ru,https://www.1c-bitrix.ru/upload/iblock/ab5/rwwt0eki6pl6n0fdd8ufm7a980eb8saz/logo-biznes-sensorika.png,/partners/partner/1916635/,ru,2026-06-23T17:13:21+00:00
5891299,Trasonet,https://trasonet.ru,"+7 (961) 937-55-90",info@trasonet.ru,https://www.1c-bitrix.ru/upload/iblock/aa2/z2x8gpypsheyv57zvwofy1uur10317oe/Trasonet_175px.png,/partners/partner/5891299/,ru,2026-06-23T17:13:23+00:00
6549003,MagicFox,http://magikfox.ru,"+7 (495) 771-05-32",magicfox.seo@yandex.ru,https://www.1c-bitrix.ru/upload/iblock/f59/gko00gynay0vuq141rbxha2iwl3fjx40/logo-mf-175-37.png,/partners/partner/6549003/,ru,2026-06-23T17:13:26+00:00
6781417,DEV-BX,https://dev-bx.ru/,"+7 (495) 777-10-46",info@dev-bx.ru,https://www.1c-bitrix.ru/upload/iblock/f21/sag6otznnb7r0jh4a078woy3ux9vzi8y/logo.png,/partners/partner/6781417/,ru,2026-06-23T17:13:28+00:00
9786261,"ИТ СИСТЕМА",http://sistema-it.ru/,"+7 (499) 113-54-11",info@sistema-it.ru,https://www.1c-bitrix.ru/upload/iblock/e8e/s6he7g2fg6ljkxhotnhhkdixa885l439/logo-it.jpg,/partners/partner/9786261/,ru,2026-06-23T17:13:31+00:00
17123936,Сайт-Креатив,https://site-creative.ru/,"8 917 986 8680",manager@site-creative.ru,"https://www.1c-bitrix.ru/upload/iblock/730/12p7g2qhstq0lpu6xun1r5h5gs1f8nni/Дизайн без названия (43).png",/partners/partner/17123936/,ru,2026-06-23T17:13:33+00:00
17521360,ASTRIO,https://astrio.ru/,"+7 (995) 103-99-03",hello@astrio.ru,https://www.1c-bitrix.ru/upload/iblock/e42/1q1xyitduyjem0d4zps56w1hqsmyskw3/astrio-logo.png,/partners/partner/17521360/,ru,2026-06-23T17:13:36+00:00
17783106,Media-bit,https://media-bit.ru/,+79155615055,info@media-bit.ru,https://www.1c-bitrix.ru/upload/iblock/175/ykxuule2sja5jma0wlzi3x836q7l7gkx/logo.png,/partners/partner/17783106/,ru,2026-06-23T17:13:38+00:00
18085288,ALEXV.PRO,https://alexv.pro,"+7 904 557-33-40",info@alexv.pro,https://www.1c-bitrix.ru/upload/iblock/3fa/59zt6lfeedirdmrbnlwbqub46fk0xor6/alexv_pro.png,/partners/partner/18085288/,ru,2026-06-23T17:13:43+00:00
18434694,"АТД СИСТЕМЫ",https://atd.systems,+78126606789,office@atd.systems,"https://www.1c-bitrix.ru/upload/iblock/f98/j07zwb6j7uizr31bns6hvydpaa59p2ax/ЛОГО2_без фона.png",/partners/partner/18434694/,ru,2026-06-23T17:13:45+00:00
18800632,"eCom-агентство ""Информационные решения""",https://ecom-consulting.ru/,+79276920578,info@infassist.ru,https://www.1c-bitrix.ru/upload/iblock/979/oxhzcem6cr7hr26yl4i9lkymkw5n27mg/ir-logo22.png,/partners/partner/18800632/,ru,2026-06-23T17:13:48+00:00
19810064,КРИТ,https://krit.bitrix24site.ru/,+7(995)9366333,mkv@it-dc.ru,"https://www.1c-bitrix.ru/upload/iblock/b78/pmcae4zr4w4dq5tdv35ci30fv8jmhddv/лого крит.png",/partners/partner/19810064/,ru,2026-06-23T17:13:50+00:00
21660892,"Алгоритм Про",https://algoritm-pro.bitrix24site.ru/,"+7 911 351-14-82",algoritmpro1@gmail.com,"https://www.1c-bitrix.ru/upload/iblock/2b7/w5zim2gtaxukddk3fc6tdet9d8lvw3c1/2 final logo ЧБ.png",/partners/partner/21660892/,ru,2026-06-23T17:13:53+00:00
22955412,"Mad Brains",https://madbrains.ru,+74951504128,hello@madbrains.ru,https://www.1c-bitrix.ru/upload/iblock/04e/t7echkp01wtpk5su8whik3omnxx0hrur/2561.jpg,/partners/partner/22955412/,ru,2026-06-23T17:13:55+00:00
23260584,Evrone,https://evrone.ru/,"+7 495 642 20 99",mail@evrone.com,https://www.1c-bitrix.ru/upload/iblock/9e2/aa2jgv82d2jk6f016ncuqy6gs4xqjxvk/evrone+logo+.png,/partners/partner/23260584/,ru,2026-06-23T17:13:58+00:00
23424174,"НПЦ ""РИФ""",https://www.npcrif.ru/,"+7 (499) 648 – 89 – 85",office@npcrif.ru,"https://www.1c-bitrix.ru/upload/iblock/8df/56ghqk0r3s92joz2iqtvdmtw5toc27ur/Лого НПЦ РИФ.png",/partners/partner/23424174/,ru,2026-06-23T17:14:00+00:00
23835626,ВОЛК-СИСТЕМ,https://www.volk-system.ru,,info@volk-system.ru,https://www.1c-bitrix.ru/upload/iblock/4d7/3a0vlx8xok5sxdpwzqdwzbiybmi27tqm/YM7.png,/partners/partner/23835626/,ru,2026-06-23T17:14:02+00:00
24222082,Мангуст,http://mangust-marketing.ru/,+79131519143,creastar@gmail.com,https://www.1c-bitrix.ru/upload/iblock/63a/k4zz8lar2efv5cnmty4oeszc18ce1wwo/noroot.png,/partners/partner/24222082/,ru,2026-06-23T17:14:05+00:00
24554866,SellPromo,https://sellpromo.ru,"+7 (993) 280-60-81",info@sellpromo.ru,https://www.1c-bitrix.ru/upload/iblock/5e0/469hrl7adrdjg6msevef3avd8t9l8yi1/logo_s.jpg,/partners/partner/24554866/,ru,2026-06-23T17:14:07+00:00
24636796,Alanaptix,https://alanaptix.bitrix24site.ru/,"8 (812) 237 34 43",info@alanaptix.ru,https://www.1c-bitrix.ru/upload/iblock/4fb/ej3gpdteyw1ug3q8gv2uglpohzoli4y9/alanaptix_logo_s.png,/partners/partner/24636796/,ru,2026-06-23T17:14:10+00:00
24665678,ГЛАВБИТ,https://b24-3512ir.bitrix24site.ru/,89184628434,glav.bit@mail.ru,https://www.1c-bitrix.ru/upload/iblock/35d/86lv2f1c9w04vollo37cks40qk0yi87u/ГЛАВБИТ.jpg,/partners/partner/24665678/,ru,2026-06-23T17:14:15+00:00
24729296,ГО,http://infoazimut.ru,+79687094267,d.trubnikov@go-az.ru,"https://www.1c-bitrix.ru/upload/iblock/ae6/lepbtfpoa0ay8wonfop8imcetgg3hy4r/LOGO AZIMUT NEW black 2 180x180 — копия.png",/partners/partner/24729296/,ru,2026-06-23T17:14:17+00:00
24829822,ИМсофт,https://imsoftb24.ru,+74993711177,imsoft375@yandex.ru,"https://www.1c-bitrix.ru/upload/iblock/e0e/ohhkput8r90dwapzfqwcejn6wfqwopn7/Логотип Имсофт min.png",/partners/partner/24829822/,ru,2026-06-23T17:14:19+00:00
24856672,"Иннова Софт",https://innova-soft.bitrix24site.ru/,"+7 (343) 226-91-90",info@innova-soft.ru,"https://www.1c-bitrix.ru/upload/iblock/21b/7ui0uf3yt68sdj5ymuih5tzptqi4n6fo/иннова-софт_вектор2 1.png",/partners/partner/24856672/,ru,2026-06-23T17:14:22+00:00
25103444,Digitech,https://digitech.ru/,"+7 495 136-20-32",info@digitech.ru,"https://www.1c-bitrix.ru/upload/iblock/c85/nafk48fvl10ffgz1d04dsrxtosvg6yjx/Снимок экрана 2025-07-02 в 09.54.00.png",/partners/partner/25103444/,ru,2026-06-23T17:14:24+00:00
25132302,OneCRM,https://onecrm.bitrix24site.ru,+79995159416,vdemina787@yandex.ru,"https://www.1c-bitrix.ru/upload/iblock/394/9inm53bbqlsil0nrv37kgsaunqlnvw7d/лого OneCRM.png",/partners/partner/25132302/,ru,2026-06-23T17:14:27+00:00
25208102,"ИСКАР Бизнес системы",https://iskar-bs.com/,"+7 (903) 018-76-10",iskar-system@yandex.ru,"https://www.1c-bitrix.ru/upload/iblock/28b/rk78l3yelo1p3w0nj9vclk41fcxmjo42/rh8uvcbogeb3i2v5gi6a990wwhgtddi7 (1) (1).png",/partners/partner/25208102/,ru,2026-06-23T17:14:29+00:00
25310430,B2b-conversion,https://b2b-conversion.ru/,"+7 927 606-77-72",b2bconversion@ya.ru,https://www.1c-bitrix.ru/upload/iblock/9f8/k9menx79uuxv9tsanqdzb487ws864zkv/favicon.png,/partners/partner/25310430/,ru,2026-06-23T17:14:32+00:00
25390212,"Фокин В. А.",https://careline.biz,+79037577378,vf@careline.biz,https://www.1c-bitrix.ru/upload/iblock/d6b/etzw2ggp85x6p7y3te5z0gxryki56uqk/logo.png,/partners/partner/25390212/,ru,2026-06-23T17:14:34+00:00
25441768,"Business Flow",https://business-flow.ru,+79854347682,info@business-flow.ru,https://www.1c-bitrix.ru/upload/iblock/965/eo70mezl2vs3yuj0b342wtissxj83v2i/bf175.png,/partners/partner/25441768/,ru,2026-06-23T17:14:37+00:00
25474634,"Центр Нейропроектных Решений",https://it-ai.ru,+79991316596,sale@it-ai.ru,https://www.1c-bitrix.ru/upload/iblock/5f9/2r58uxelpthl1cvjigie0br3i662jksy/Flux_Dev_Professional_graphic_de.png,/partners/partner/25474634/,ru,2026-06-23T17:14:39+00:00
25487564,"Дельта ИТ",https://team.zerofactor.ru/,+79179202875,info@zerofactor.ru,"https://www.1c-bitrix.ru/upload/iblock/8b3/vwr8ukim0lwna2rymm13kfc1etjj7z6p/Logo Delta.png",/partners/partner/25487564/,ru,2026-06-23T17:14:42+00:00
25500336,SpaceMarketing,https://ospacemarketing.bitrix24site.ru,+79268112613,ospacemarketing@yandex.ru,"https://www.1c-bitrix.ru/upload/iblock/bee/eawgwn9139ip9zw704mx0797h6frvbto/logo space.png",/partners/partner/25500336/,ru,2026-06-23T17:14:47+00:00
25604146,Запсиб.Айти,https://zapsib.it,"+7 (913) 850-55-22",info@zapsib.it,https://www.1c-bitrix.ru/upload/iblock/bce/etfclpxst8bjlbv9rerbrthgdtjufltu/ЛОГО-135pix.png,/partners/partner/25604146/,ru,2026-06-23T17:14:49+00:00
25951268,Интегра,https://интегра-софт.рф/,+79093186380,info@интегра-софт.рф,"https://www.1c-bitrix.ru/upload/iblock/cb0/jeseya0fgda0lzg4mfqffxaxj30w8tx5/Интегро_Монтажная область 1 (1).jpg",/partners/partner/25951268/,ru,2026-06-23T17:14:51+00:00
25952226,Бизпазл,https://bizpuzzle.ru/,+79956642710,info@bizpuzzle.u,"https://www.1c-bitrix.ru/upload/iblock/f9f/2igi2i8873507cs532ve1npg0p1jrzvs/Лого битрикс.jpg",/partners/partner/25952226/,ru,2026-06-23T17:14:54+00:00
25999712,HunterLead,https://hulead.ru,+79624602075,huleadit@gmail.com,"https://www.1c-bitrix.ru/upload/iblock/19a/c2jfdtxcxngsumg9cdujzlu7ibhurb5x/logo (hulead)_00000.png",/partners/partner/25999712/,ru,2026-06-23T17:14:56+00:00
26004992,"VNEDRENIE SYSTEMS",https://vnedrenie-systems.ru,"+7 982 628-19-95",info@vnedrenie-systems.ru,"https://www.1c-bitrix.ru/upload/iblock/a8b/e0tjlb2uk0objo70q3zdgypcpru5st51/VNEDRENIE SYSTEMS LOGO 1C-BITRIX.png",/partners/partner/26004992/,ru,2026-06-23T17:14:59+00:00
26050150,"CRM kamana",https://crmkamana.ru,+79000322176,info@crmkamana.ru,"https://www.1c-bitrix.ru/upload/iblock/b5e/sl89nod20jsjqqqjpyf03v14qhvmjjc5/Лого Камана пнг.png",/partners/partner/26050150/,ru,2026-06-23T17:15:02+00:00
26123710,АБВ,https://b24-x84wgh.bitrix24site.ru/,89824810600,ai@abv8.ru,https://www.1c-bitrix.ru/upload/iblock/0f4/s57uyuhu35m87njpbqdg7s1bmc04pnb6/логотип-абв-_1_.jpeg,/partners/partner/26123710/,ru,2026-06-23T17:15:04+00:00
26137012,Т365,https://bpmgo.ru/,+79120064113,d.titov@bpmgo.ru,https://www.1c-bitrix.ru/upload/iblock/fa6/fr3ylxcahc0y1d76bukxurii4pxwv5c9/Т365.png,/partners/partner/26137012/,ru,2026-06-23T17:15:07+00:00
26155566,"Автоматизация Плюс",https://автоматизация-плюс.рф,"+7 961 299-31-34",amiplus@bk.ru,https://www.1c-bitrix.ru/upload/iblock/8bf/wkw00ze47wkeqs8qxp9frcrarf3qxab8/211479184.png,/partners/partner/26155566/,ru,2026-06-23T17:15:10+00:00
26282026,Wormsoft,https://wormsoft.ru,"+7 (929) 965-55-01",info@wormsoft.ru,https://www.1c-bitrix.ru/upload/iblock/718/36k10pjrn65sgtjh24o49k6qmpr8dz9q/лого.png,/partners/partner/26282026/,ru,2026-06-23T17:15:13+00:00
26367816,ИРСИ,https://idsiberia.ru/,89001116140,info@idsiberia.ru,"https://www.1c-bitrix.ru/upload/iblock/f02/8klt9uyr5awuf999hypa97tqtibbvu93/Logo bitrix.png",/partners/partner/26367816/,ru,2026-06-23T17:15:17+00:00
26409496,Малид-Про,https://malid-group.ru,+79817212361,info@malid-group.ru,"https://www.1c-bitrix.ru/upload/iblock/b3d/kt880k9y0vrenar0pphjst4ikk2kcr1z/130х130 пнг.png",/partners/partner/26409496/,ru,2026-06-23T17:15:23+00:00
26501754,CRM-Индустрия,https://crm-industry.ru,+79236436298,crm-industry@mail.ru,https://www.1c-bitrix.ru/upload/iblock/53c/0mub288v8357xtx4t0rehp1uj96cwl6o/Логотип.jpg,/partners/partner/26501754/,ru,2026-06-23T17:15:26+00:00
26617068,АТТА,https://atta-2000.ru/,"+7 925 609 0972",atta.2000@yandex.ru,https://www.1c-bitrix.ru/upload/iblock/51d/i2b1jixnfqhehr83750l717f1w0pxc30/photo_2025-08-19_15-49-002.png,/partners/partner/26617068/,ru,2026-06-23T17:15:29+00:00
26617728,Leadrium,https://leadrium.com,+79993362358,info@leadrium.com,https://www.1c-bitrix.ru/upload/iblock/91c/uugtttdwucyzj5kbtvdnn9wf0wuf3yk4/logo1.png,/partners/partner/26617728/,ru,2026-06-23T17:15:32+00:00
26677768,"All Digital",https://alldigital.pro,"+7 924 612-47-00",info@alldigital.pro,"https://www.1c-bitrix.ru/upload/iblock/e46/8uzloiud83k81uo0hggb2jow7vnqfmfi/logoza.ru (2).png",/partners/partner/26677768/,ru,2026-06-23T17:15:34+00:00
26684650,CAPSLOCK,https://capslock.bitrix24site.ru,+79824078097,verypery@yandex.ru,"https://www.1c-bitrix.ru/upload/iblock/8b7/ltcxd92x780oypyym6fqiqny5odzxkko/без фона лого_капслок 175пикселей.png",/partners/partner/26684650/,ru,2026-06-23T17:15:36+00:00
26686108,BIT-Fox,https://bit-fox.ru,+79249958789,info@bit-fox.ru,https://www.1c-bitrix.ru/upload/iblock/ada/njtklsak8cf81je6gn7lylif8mq5me66/logo1.jpg,/partners/partner/26686108/,ru,2026-06-23T17:15:39+00:00
26842228,Панда24,https://panda24.pro,+79165494040,inbox@panda24.pro,"https://www.1c-bitrix.ru/upload/iblock/c37/q1kgf18nfq39a2xhrvqrpo5c7y52wc7h/Лого Left 1 B24v1 BG 3.png",/partners/partner/26842228/,ru,2026-06-23T17:15:42+00:00
26925390,"Система Франшиз",https://sistemafranshiz.ru/,+79259160277,sistemafranshiz@gmail.com,"https://www.1c-bitrix.ru/upload/iblock/bdc/50q3ek0fm5icalnr45ztk2vo7af4qv8p/2025-12-10_12-48-49 (1).png",/partners/partner/26925390/,ru,2026-06-23T17:15:44+00:00
27052540,"Skill Tech",https://skilltech.bitrix24site.ru/,"+7 (499) 553-03-70",support@skillcup.ru,https://www.1c-bitrix.ru/upload/iblock/7e3/awouazjmp1szb6dksgpu95jjf9zsazmk/skilltech-logo-135х135.png,/partners/partner/27052540/,ru,2026-06-23T17:15:47+00:00
27073462,"AGENCY 17",https://AG17.RU,"7 916 309 62 02",agency.17@yandex.ru,https://www.1c-bitrix.ru/upload/iblock/9b8/7jnilkjm87gy5iexq4bgodci7mrx8lk8/17.png,/partners/partner/27073462/,ru,2026-06-23T17:15:49+00:00
27139806,Прогресс.ИТ,https://внедрениебитрикс24барнаул.bitrix24site.ru/,+7-905-987-65-52,progress.it@mail.ru,https://www.1c-bitrix.ru/upload/iblock/909/nrb9d1z244jylftsyv0dhv5zf9wmoun8/Лого.JPG,/partners/partner/27139806/,ru,2026-06-23T17:15:52+00:00
27272326,Stackroom,https://stackroom.ru,89036127366,hello@stackroom.ru,https://www.1c-bitrix.ru/upload/iblock/d3c/llaeaenf7tzn76swfv1pqhyt2u5q8oj3/favicon-120x120.png,/partners/partner/27272326/,ru,2026-06-23T17:15:58+00:00
27353236,Algorithm,https://algorithmstudio.bitrix24site.ru,+79932992885,bitrix24int@yandex.ru,https://www.1c-bitrix.ru/upload/iblock/b34/zc30ssdcy5rxcnmhdjpcfnq8kju1rw5n/АЛГОРИТМ.png,/partners/partner/27353236/,ru,2026-06-23T17:16:01+00:00
27401440,"Пазл Систем",https://puzzle.systems/,"+7 (843) 528-26-64",info@puzzle.systems,"https://www.1c-bitrix.ru/upload/iblock/e53/5qifeh71f9ugjcc19z7fo06cwcs2bxhi/пазл систем буквы черн2.png",/partners/partner/27401440/,ru,2026-06-23T17:16:04+00:00
27401984,"Smart IT",https://smart-it-vrn.ru/,"+7 (473) 251-50-50",smart.it@internet.ru,https://www.1c-bitrix.ru/upload/iblock/207/kpl7sat19fb6t5jf2uuhgomjpzcuor6d/Лого011.jpg,/partners/partner/27401984/,ru,2026-06-23T17:16:06+00:00
27416430,"Информационное Бюро ГИПИнфо",https://ib-gip.ru/,"8 (3452) 63-82-35",it@gk-gip.ru,"https://www.1c-bitrix.ru/upload/iblock/97f/ega65u2vunqirqvsydqt545hw3epkg3v/logo ПБ ГИПИнфо для Б24.png",/partners/partner/27416430/,ru,2026-06-23T17:16:09+00:00
27581210,"CRM BURO",https://crmburo.pro/,"+7 952 952 92 94",sales@crmburo.pro,"https://www.1c-bitrix.ru/upload/iblock/2e2/dsa4sd2tzz2ij519y7n4tw18c6jvpeap/Frame 14.png",/partners/partner/27581210/,ru,2026-06-23T17:16:12+00:00
27598400,"VIA GROUP",https://vasyuchkin.ru,+79279633665,igor@vasyuchkin.ru,"https://www.1c-bitrix.ru/upload/iblock/027/hgw2mnjo30aj57jkfmoqlydkm9mrtzbf/3Via — white-400x150.png",/partners/partner/27598400/,ru,2026-06-23T17:16:15+00:00
27623112,"Go To IT Team",https://gotoit.team/,+74998770295,info@gotoit.team,https://www.1c-bitrix.ru/upload/iblock/200/2gknak3zgvxnqa0h9s75f3bhrnt4hr1n/877135.jpg,/partners/partner/27623112/,ru,2026-06-23T17:16:17+00:00
27700116,Кванторика,https://кванторика.рф,89297261928,info@kvanka.ru,https://www.1c-bitrix.ru/upload/iblock/d70/z75ibgdxvb9pp61x0zr79qawt00j7tgq/kvant_logo_175x128.png,/partners/partner/27700116/,ru,2026-06-23T17:16:20+00:00
27723814,"Гуру Консалтинг",https://www.guru-hub.ru,"+7 343 345-4878",hello@guru-hub.ru,"https://www.1c-bitrix.ru/upload/iblock/f1e/ma6awy4s2l4qdy208dqdkgfv2qz3wobh/Logo 135x135.png",/partners/partner/27723814/,ru,2026-06-23T17:16:23+00:00
27743124,CRMProfi24,https://crmprofi24.ru/,+79278270555,info@crmprofi24.ru,https://www.1c-bitrix.ru/upload/iblock/663/hfj3pawfbo7y7z34uzkt83ejsr5o4zth/PSX_20260226_170101.png,/partners/partner/27743124/,ru,2026-06-23T17:16:26+00:00
27802566,Opslane,http://opslane.ru,"+7 993 930-08-60",b24@opslane.ru,https://www.1c-bitrix.ru/upload/iblock/5a6/0dzygthfmpvgo1c0ipyf404063wrz112/opslane-logo-darktext.png,/partners/partner/27802566/,ru,2026-06-23T17:16:28+00:00
27902266,"Отдел маркетинга",https://otdelmarket.ru/,,innokenti.fefilov@gmail.com,"https://www.1c-bitrix.ru/upload/iblock/fd5/io3qiitwvtm32bkc99wr962pam3gjquj/Frame 82.png",/partners/partner/27902266/,ru,2026-06-23T17:16:33+00:00
27957326,ИнсаИТ,http://insait.bitrix24site.ru,"+7 343 361-10-95",insa_it@mail.ru,"https://www.1c-bitrix.ru/upload/iblock/2f7/50kl15r2vxboj01mx4n00wcckdqbnmli/Лого 2.jpg",/partners/partner/27957326/,ru,2026-06-23T17:16:36+00:00
27963138,DikoBraz,https://dikobraz.tech,"+7 (966) 993-90-80",dir@dikobraz.tech,https://www.1c-bitrix.ru/upload/iblock/63c/k0qd34jjl55grnwhjsj5dznyhb6edgd9/dikobraz-logo.png,/partners/partner/27963138/,ru,2026-06-23T17:16:38+00:00
27974430,"Lite Code",https://it-support.lite-code.ru/,"8 (800) 770-00-34",info@keygate.ru,https://www.1c-bitrix.ru/upload/iblock/4c0/cvgdggubzvfy094nzyrvk6w5cfgogyqx/logo.png,/partners/partner/27974430/,ru,2026-06-23T17:16:41+00:00
28011114,"IT Technology",https://vntech.ru/,"+7 (8162) 68-10-68",it_technology@list.ru,https://www.1c-bitrix.ru/upload/iblock/0d8/esx7ooijpqgct4eyl2g76351d2u2sa33/logovntech.png,/partners/partner/28011114/,ru,2026-06-23T17:16:43+00:00
28014356,IVENTRA,"https://664530, обл. Иркутская, р-н Иркутский, д. Карлук, ул. Спортивная, д. 28","+7(902)766 03 21",info@it-iventra.ru,"https://www.1c-bitrix.ru/upload/iblock/ef7/g6retykeks3iotoy3regb00b6ted2i2g/image-1 (2).jpg",/partners/partner/28014356/,ru,2026-06-23T17:16:46+00:00
28032610,"Business Drive 24",https://businessdrive24.bitrix24site.ru,"+7989 900 52 85",suleiman.mallaev@yandex.ru,https://www.1c-bitrix.ru/upload/iblock/855/r9hhnzy9q3eswmd9i9fkl4b4up62xus9/IMG_6223.jpeg,/partners/partner/28032610/,ru,2026-06-23T17:16:48+00:00
28073276,"АйТи Навигатор",https://dom-rf.bitrix24site.ru/,"+7 999 482-19-82",dom-nr@mail.ru,https://www.1c-bitrix.ru/upload/iblock/fb6/didq79ebg9fr03caawbiv16i4fwv2xqj/bez_imeni_1_2x.png,/partners/partner/28073276/,ru,2026-06-23T17:16:50+00:00
28082020,"Софт Эксперт",https://софтэксперт48.рф,+79802689505,amelkindmitrij0@gmail.com,https://www.1c-bitrix.ru/upload/iblock/b1c/6ypnjiiqf7hua624nvmyyna8dxq3c7n3/photo_2026-03-13_23-45-25.jpg,/partners/partner/28082020/,ru,2026-06-23T17:16:53+00:00
28092062,MyScaleUp,https://myscaleup.ru,"+7 995 576-38-03",myscaleup@mail.ru,"https://www.1c-bitrix.ru/upload/iblock/23b/2tzyiwnjlj20h72bol62r6ie3hm7u373/logo (1).png",/partners/partner/28092062/,ru,2026-06-23T17:16:55+00:00
28106960,"Исходный код",https://www.codesrc.ru/,"+7(495) 641‑72‑93",hello@codesrc.ru,https://www.1c-bitrix.ru/upload/iblock/ea1/3w6a3w78m0zxxula46dck6ntlo9c92y3/лого100500.jpg,/partners/partner/28106960/,ru,2026-06-23T17:17:00+00:00
28108534,Гольдман,https://обучениебизнеса.рф,"+7 922 966-52-77",goldman.b2b@yandex.ru,"https://www.1c-bitrix.ru/upload/iblock/e75/027yt4hb6od5ynvj0x7axj1n8ocunr3k/7F4M-93pt5E (2).jpg",/partners/partner/28108534/,ru,2026-06-23T17:17:02+00:00
28127106,Linexa,https://linexa.ru,+79182624498,info@linexa.ru,"https://www.1c-bitrix.ru/upload/iblock/dab/qbqk2qhp2bd8k4h60pdxfen9endov4gz/Лого 175x49.png",/partners/partner/28127106/,ru,2026-06-23T17:17:05+00:00
28142844,ПроЦифрыПроПродажи,https://процифрыпропродажи.рф,+7(3532)960492,sale.proff@yandex.ru,"https://www.1c-bitrix.ru/upload/iblock/277/e9w1itni4b5uokw4d631yizn0ee78er1/логотип для б24.png",/partners/partner/28142844/,ru,2026-06-23T17:17:07+00:00
28146612,"Киселев Игорь Игоревич",https://tobetter.ru/,+79286675085,freee@4owner.ru,"https://www.1c-bitrix.ru/upload/iblock/ec7/qxs42i2c67jmdmbyckx4tjkz179j2p1u/логотип_прозр х135 б24.png",/partners/partner/28146612/,ru,2026-06-23T17:17:10+00:00
28149818,"CRM Помощник24",https://crmhelp24.ru,"+7 495 185-02-99",sales@crmhelp24.ru,"https://www.1c-bitrix.ru/upload/iblock/2ca/0upkd0977rn6vcib4l2ntcc8ajjbne8b/CRM Помощник24 Лого.png",/partners/partner/28149818/,ru,2026-06-23T17:17:12+00:00
28186396,PL-TECH,https://pl-tech.ru,"+7 (909) 965-60-63",info@pl-tech.ru,https://www.1c-bitrix.ru/upload/iblock/1a5/nxff0bw6pzsqjyt83rvzoas3zvgk3mvx/pltech_logo_source.png,/partners/partner/28186396/,ru,2026-06-23T17:17:14+00:00
28188402,MEDиздайн,https://medesign.pro,+79510188810,medigital.pro@yandex.ru,"https://www.1c-bitrix.ru/upload/iblock/eed/c4dbltv5ty63mqbyw3v285wny0m51cr3/med logo-08.png",/partners/partner/28188402/,ru,2026-06-23T17:17:17+00:00
28304648,Русдиджитал,https://rusdigital.bitrix24site.ru,89267502377,rusdigital77@yandex.ru,"https://www.1c-bitrix.ru/upload/iblock/f7e/qxtgvvoxc6nvh52zhjvk2y3dqbj9rqz8/Gemini_Generated_Image_uh4eczuh4eczuh4e (1).png",/partners/partner/28304648/,ru,2026-06-23T17:17:19+00:00
28345634,"ИП Белимов В. А.",https://belimov-digital.ru/,89188668329,vovabelimov@gmail.com,https://www.1c-bitrix.ru/upload/iblock/b73/3v1c7bomugzao9hii7jelslcazbmskw5/Screenshot_1.png,/partners/partner/28345634/,ru,2026-06-23T17:17:22+00:00
28392460,Криста+,https://krista-plus.ru,+78452399886,info@krista-plus.ru,https://www.1c-bitrix.ru/upload/iblock/6e7/9tamhfonrwsai1v6qb1t374ajwbc29gz/криста+лого.png,/partners/partner/28392460/,ru,2026-06-23T17:17:24+00:00
28442602,ReCoding,https://re-coding.ru,+79039033929,darombeer@gmail.com,"https://www.1c-bitrix.ru/upload/iblock/4bb/e0hok5b56j03smx27gpe5pc0rd9ry4c7/Снимок экрана 2026-06-12 в 21.18.09.png",/partners/partner/28442602/,ru,2026-06-23T17:17:27+00:00
